booking_id,guest_id,booking_date,check_in,check_out,booking_status,booking_channel,room_type,adults,children,guest_country,trip_purpose,nightly_rate_eur,discount_pct,room_total_eur,extras_total_eur,commission_pct,commission_eur,booking_value_eur,payment_method,review_score,special_requests
BK001399,G02007,2025-09-25,2025-12-05,2025-12-10,Completed,Booking.com,Single,1,0,FR,Leisure,62.85,5,298.54,20,15,44.78,318.54,Bank Transfer,,High floor
BK002195,G00173,2024-02-05,2024-03-03,2024-03-06,Completed,Booking.com,Single,1,0,FR,Leisure,62.17,5,177.18,20,15,26.58,197.18,Bank Transfer,10,High floor
BK001011,G01340,2024-06-06,2024-09-21,2024-09-24,Completed,Booking.com,Double,2,0,US,Leisure,147.48,0,442.44,35,15,66.37,477.44,Bank Transfer,9,
BK000676,G02075,2025-07-14,2025-10-26,2025-11-01,Completed,Booking.com,Double,2,0,GB,Leisure,104.22,0,625.32,50,15,93.8,675.32,Bank Transfer,8,Late arrival
BK001498,G00108,2024-10-11,2024-11-15,2024-11-20,Completed,Booking.com,Suite,1,0,GR,Leisure,158.09,10,711.41,20,15,106.71,731.41,Bank Transfer,,High floor
BK000655,G00807,2024-03-11,2024-04-28,2024-05-02,Completed,Booking.com,Suite,1,0,US,Leisure,155.27,0,621.08,75,15,93.16,696.08,Bank Transfer,8,
BK001875,G00848,2024-12-28,2025-06-24,2025-06-26,Completed,Booking.com,Double,2,0,DE,Leisure,156.11,15,265.39,10,15,39.81,275.39,Bank Transfer,,High floor
BK000088,G01151,2025-06-19,2025-07-30,2025-08-04,Completed,Booking.com,Single,1,0,NL,Leisure,83.59,0,417.95,75,15,62.69,492.95,Bank Transfer,8,Quiet room
BK000135,G01301,2023-12-24,2024-06-13,2024-06-15,Completed,Booking.com,Double,2,1,IT,Leisure,159.97,10,287.95,35,15,43.19,322.95,Bank Transfer,,Quiet room
BK001957,G00686,2023-09-18,2024-01-25,2024-01-26,Completed,Booking.com,Double,2,0,DE,Leisure,108.54,0,108.54,0,15,16.28,108.54,Bank Transfer,10,
BK000367,G02390,2024-02-15,2024-04-19,2024-04-26,Completed,Booking.com,Double,2,0,NL,Leisure,94.71,0,662.97,50,15,99.45,712.97,Bank Transfer,7,
BK001005,G01485,2025-07-22,2025-09-27,2025-10-03,Completed,Booking.com,Double,2,0,ES,Business,149.48,0,896.88,75,15,134.53,971.88,Bank Transfer,,High floor
BK001926,G01345,2025-02-17,2025-04-04,2025-04-07,Completed,Booking.com,Suite,1,0,FR,Leisure,180.56,5,514.6,20,15,77.19,534.6,Bank Transfer,,Quiet room
BK000250,G01112,2024-03-03,2024-07-28,2024-08-02,Completed,Booking.com,Suite,2,0,GB,Leisure,243.2,15,1033.6,10,15,155.04,1043.6,Bank Transfer,5,
BK001443,G01266,2024-04-09,2024-09-21,2024-09-22,Completed,Booking.com,Double,1,0,GR,Business,132.55,10,119.3,75,15,17.9,194.3,Bank Transfer,,
BK002034,G00503,2024-05-27,2024-08-18,2024-08-22,Completed,Booking.com,Single,1,0,DE,Leisure,92.36,0,369.44,0,15,55.42,369.44,Bank Transfer,10,
BK001436,G02273,2024-06-11,2024-07-16,2024-07-21,Completed,Booking.com,Double,2,1,IT,Leisure,137.39,0,686.95,0,15,103.04,686.95,Bank Transfer,9,
BK002711,G00493,2024-02-04,2024-06-26,2024-07-01,Completed,Booking.com,Double,1,2,NL,Leisure,129.88,10,584.46,0,15,87.67,584.46,Bank Transfer,7,Baby cot
BK002994,G00680,2025-07-26,2025-12-16,2025-12-23,Completed,Booking.com,Double,2,0,ES,Leisure,105.88,5,704.1,0,15,105.62,704.1,Bank Transfer,,Late arrival
BK000729,G00679,2024-05-25,2024-07-02,2024-07-04,Completed,Booking.com,Double,2,0,DE,Business,139.7,0,279.4,0,15,41.91,279.4,Bank Transfer,8,High floor
BK000693,G02363,2025-09-07,2025-12-11,2025-12-15,Completed,Booking.com,Double,2,0,DE,Leisure,103.99,0,415.96,10,15,62.39,425.96,Bank Transfer,8,
BK000201,G01731,2024-10-12,2024-11-15,2024-11-16,Completed,Booking.com,Double,1,0,GR,Leisure,111.47,0,111.47,20,15,16.72,131.47,Bank Transfer,9,Late arrival
BK002085,G01384,2024-08-27,2024-11-15,2024-11-20,Completed,Booking.com,Single,1,0,NL,Leisure,63.06,0,315.3,50,15,47.3,365.3,Bank Transfer,7,High floor
BK000997,G01871,2025-04-13,2025-06-27,2025-06-30,Completed,Booking.com,Double,2,0,US,Business,151.38,0,454.14,20,15,68.12,474.14,Bank Transfer,,High floor
BK000426,G01296,2025-06-16,2025-10-13,2025-10-18,Completed,Booking.com,Single,1,0,DE,Leisure,71.06,0,355.3,75,15,53.3,430.3,Bank Transfer,9,High floor
BK000752,G01985,2024-04-27,2024-10-15,2024-10-17,Completed,Booking.com,Suite,2,0,GB,Leisure,159.52,10,287.14,10,15,43.07,297.14,Bank Transfer,8,Late arrival
BK001834,G01908,2024-05-18,2024-06-20,2024-06-22,Completed,Booking.com,Double,1,0,DE,Business,135.53,0,271.06,35,15,40.66,306.06,Bank Transfer,9,Quiet room
BK000832,G01003,2023-08-09,2024-01-13,2024-01-17,Completed,Booking.com,Single,1,0,GR,Business,70.81,0,283.24,75,15,42.49,358.24,Bank Transfer,8,
BK002612,G02040,2024-05-31,2024-09-09,2024-09-11,Completed,Booking.com,Suite,2,0,FR,Leisure,247.69,0,495.38,10,15,74.31,505.38,Bank Transfer,8,Quiet room
BK001838,G00976,2024-08-03,2024-08-19,2024-08-22,Completed,Booking.com,Double,1,0,GB,Leisure,128.49,5,366.2,0,15,54.93,366.2,Bank Transfer,10,High floor
BK000078,G02283,2024-08-01,2024-10-11,2024-10-13,Completed,Booking.com,Double,2,0,IT,Leisure,94.05,5,178.7,0,15,26.81,178.7,Bank Transfer,10,
BK001175,G02327,2024-08-18,2025-01-10,2025-01-13,Completed,Booking.com,Double,2,0,GR,Leisure,110.24,0,330.72,50,15,49.61,380.72,Bank Transfer,8,Late arrival
BK000388,G01804,2025-06-21,2025-07-07,2025-07-10,Completed,Booking.com,Double,1,0,ES,Business,151.29,0,453.87,10,15,68.08,463.87,Bank Transfer,9,High floor
BK001921,G02270,2024-01-13,2024-06-03,2024-06-05,Completed,Booking.com,Double,2,0,DE,Leisure,159.34,0,318.68,35,15,47.8,353.68,Bank Transfer,7,
BK000933,G01626,2024-08-02,2024-11-07,2024-11-12,Completed,Booking.com,Single,1,0,FR,Leisure,60.4,0,302.0,75,15,45.3,377.0,Bank Transfer,9,Baby cot
BK002949,G01789,2023-09-11,2024-02-01,2024-02-07,Completed,Booking.com,Single,1,0,GR,Leisure,65.91,5,375.69,0,15,56.35,375.69,Bank Transfer,,Quiet room
BK002290,G01827,2025-07-18,2025-08-30,2025-09-01,Completed,Booking.com,Double,1,0,NL,Leisure,165.9,5,315.21,10,15,47.28,325.21,Bank Transfer,,Baby cot
BK002876,G01144,2025-07-18,2025-12-07,2025-12-08,Completed,Booking.com,Double,2,0,IT,Leisure,93.93,0,93.93,0,15,14.09,93.93,Bank Transfer,6,
BK000927,G00809,2025-02-06,2025-05-07,2025-05-11,Completed,Booking.com,Suite,2,0,GR,Leisure,163.5,0,654.0,50,15,98.1,704.0,Bank Transfer,8,
BK001470,G01917,2023-09-11,2024-01-30,2024-02-03,Completed,Booking.com,Suite,1,0,NL,Business,166.25,15,565.25,35,15,84.79,600.25,Bank Transfer,,Late arrival
BK001309,G00940,2024-01-20,2024-05-31,2024-06-03,Completed,Booking.com,Double,1,0,FR,Leisure,114.7,0,344.1,20,15,51.62,364.1,Bank Transfer,9,Baby cot
BK001474,G00904,2024-08-05,2024-08-12,2024-08-13,Completed,Booking.com,Single,1,0,FR,Leisure,102.39,0,102.39,50,15,15.36,152.39,Bank Transfer,9,
BK000035,G01935,2025-06-07,2025-06-08,2025-06-11,Completed,Booking.com,Double,2,1,DE,Leisure,126.61,0,379.83,0,15,56.97,379.83,Bank Transfer,8,Quiet room
BK002610,G01980,2025-04-19,2025-08-14,2025-08-15,Completed,Booking.com,Double,1,0,GR,Leisure,142.99,5,135.84,0,15,20.38,135.84,Bank Transfer,,Late arrival
BK001572,G00496,2025-06-20,2025-07-26,2025-07-27,Completed,Booking.com,Single,1,0,GB,Leisure,90.68,10,81.61,20,15,12.24,101.61,Bank Transfer,,
BK002847,G02220,2024-05-14,2024-09-27,2024-10-02,Completed,Booking.com,Double,1,1,FR,Leisure,149.39,0,746.95,0,15,112.04,746.95,Bank Transfer,,Quiet room
BK002359,G01470,2024-08-01,2024-09-12,2024-09-17,Completed,Booking.com,Double,2,0,US,Leisure,124.29,0,621.45,75,15,93.22,696.45,Bank Transfer,5,Baby cot
BK001028,G01721,2024-05-20,2024-08-17,2024-08-19,Completed,Booking.com,Double,2,1,FR,Leisure,151.28,0,302.56,50,15,45.38,352.56,Bank Transfer,10,Late arrival
BK001808,G00774,2024-02-13,2024-04-21,2024-04-22,Completed,Booking.com,Double,1,0,GB,Business,92.68,0,92.68,10,15,13.9,102.68,Bank Transfer,9,
BK002072,G01290,2023-12-23,2024-06-09,2024-06-15,Completed,Booking.com,Suite,2,1,NL,Leisure,274.68,15,1400.87,0,15,210.13,1400.87,Bank Transfer,8,Quiet room
BK001122,G02303,2023-09-08,2024-02-13,2024-02-15,Completed,Booking.com,Single,1,0,DE,Leisure,62.37,0,124.74,0,15,18.71,124.74,Bank Transfer,5,Late arrival
BK002617,G02055,2025-09-22,2025-09-29,2025-10-04,Completed,Booking.com,Single,1,0,IT,Leisure,93.34,0,466.7,0,15,70.01,466.7,Bank Transfer,8,
BK002936,G00315,2023-08-15,2024-01-30,2024-02-01,Completed,Booking.com,Double,1,0,DE,Leisure,114.01,10,205.22,75,15,30.78,280.22,Bank Transfer,8,High floor
BK002800,G01191,2024-04-17,2024-10-05,2024-10-09,Completed,Booking.com,Double,1,0,NL,Leisure,90.03,10,324.11,0,15,48.62,324.11,Bank Transfer,8,Quiet room
BK001670,G02144,2023-12-17,2024-06-10,2024-06-12,Completed,Booking.com,Single,1,0,GR,Leisure,107.66,5,204.55,50,15,30.68,254.55,Bank Transfer,,Late arrival
BK001013,G01187,2024-10-11,2024-11-01,2024-11-08,Completed,Booking.com,Double,2,0,DE,Leisure,99.31,10,625.65,50,15,93.85,675.65,Bank Transfer,10,Quiet room
BK002887,G01934,2024-05-12,2024-06-07,2024-06-12,Completed,Booking.com,Double,1,0,IT,Leisure,135.11,5,641.77,0,15,96.27,641.77,Bank Transfer,,Baby cot
BK000585,G01650,2025-04-23,2025-10-02,2025-10-04,Completed,Booking.com,Double,2,0,DE,Leisure,94.26,0,188.52,10,15,28.28,198.52,Bank Transfer,9,
BK002578,G02391,2025-01-17,2025-07-04,2025-07-05,Completed,Booking.com,Single,1,0,GR,Leisure,100.27,0,100.27,50,15,15.04,150.27,Bank Transfer,,Baby cot
BK000453,G01778,2024-06-22,2024-10-02,2024-10-06,Completed,Booking.com,Suite,2,0,FR,Leisure,157.11,5,597.02,20,15,89.55,617.02,Bank Transfer,,
BK001841,G01407,2024-05-31,2024-09-19,2024-09-23,Completed,Booking.com,Double,1,0,FR,Leisure,144.32,0,577.28,20,15,86.59,597.28,Bank Transfer,,Baby cot
BK000534,G01300,2024-01-22,2024-06-29,2024-06-30,Completed,Booking.com,Double,1,0,GR,Business,132.15,0,132.15,75,15,19.82,207.15,Bank Transfer,8,Baby cot
BK000148,G02140,2025-04-28,2025-06-28,2025-07-05,Completed,Booking.com,Single,1,0,DE,Leisure,84.15,0,589.05,10,15,88.36,599.05,Bank Transfer,10,
BK000755,G01980,2023-09-07,2024-02-11,2024-02-17,Completed,Booking.com,Suite,2,0,NL,Leisure,158.47,0,950.82,10,15,142.62,960.82,Bank Transfer,10,Baby cot
BK000522,G00009,2025-02-06,2025-07-13,2025-07-17,Completed,Booking.com,Single,1,0,GR,Leisure,81.61,0,326.44,35,15,48.97,361.44,Bank Transfer,8,Quiet room
BK001731,G01604,2025-09-24,2025-10-06,2025-10-10,Completed,Booking.com,Single,1,0,GB,Leisure,73.01,0,292.04,20,15,43.81,312.04,Bank Transfer,,Quiet room
BK002293,G00185,2024-05-23,2024-06-04,2024-06-07,Completed,Booking.com,Double,2,0,DE,Leisure,152.2,5,433.77,10,15,65.07,443.77,Bank Transfer,9,
BK001240,G02353,2024-08-13,2024-11-23,2024-11-26,Completed,Booking.com,Suite,1,0,FR,Leisure,156.66,0,469.98,0,15,70.5,469.98,Bank Transfer,,Quiet room
BK000616,G01501,2025-01-14,2025-01-29,2025-02-01,Completed,Booking.com,Single,1,0,DE,Leisure,65.02,0,195.06,0,15,29.26,195.06,Bank Transfer,9,Baby cot
BK002246,G00179,2024-12-05,2025-04-09,2025-04-10,Completed,Booking.com,Single,1,0,GB,Leisure,71.65,5,68.07,0,15,10.21,68.07,Bank Transfer,,High floor
BK001696,G01303,2025-08-10,2025-12-08,2025-12-11,Completed,Booking.com,Single,1,0,GR,Leisure,68.67,5,195.71,75,15,29.36,270.71,Bank Transfer,9,
BK000632,G00072,2025-02-26,2025-06-21,2025-06-23,Completed,Booking.com,Double,2,1,FR,Leisure,163.16,0,326.32,0,15,48.95,326.32,Bank Transfer,,Late arrival
BK000500,G00631,2024-03-06,2024-08-31,2024-09-02,Completed,Booking.com,Double,1,2,GR,Leisure,139.29,10,250.72,75,15,37.61,325.72,Bank Transfer,,Baby cot
BK001089,G02337,2024-08-24,2024-12-10,2024-12-12,Completed,Booking.com,Double,2,0,GR,Leisure,86.62,10,155.92,0,15,23.39,155.92,Bank Transfer,9,
BK001873,G00554,2024-02-21,2024-05-19,2024-05-22,Completed,Booking.com,Single,1,0,GB,Leisure,72.87,0,218.61,0,15,32.79,218.61,Bank Transfer,,Baby cot
BK001077,G00278,2024-06-04,2024-07-01,2024-07-03,Completed,Booking.com,Single,1,0,GB,Leisure,106.14,0,212.28,20,15,31.84,232.28,Bank Transfer,9,
BK001822,G02363,2024-10-03,2024-12-30,2025-01-04,Completed,Booking.com,Double,1,0,GR,Leisure,85.18,0,425.9,10,15,63.89,435.9,Bank Transfer,8,Late arrival
BK002431,G02105,2025-03-12,2025-08-18,2025-08-25,Completed,Booking.com,Suite,1,0,GR,Business,261.26,0,1828.82,10,15,274.32,1838.82,Bank Transfer,10,Late arrival
BK000597,G02143,2024-03-22,2024-09-11,2024-09-15,Completed,Booking.com,Double,2,2,GR,Leisure,138.58,5,526.6,35,15,78.99,561.6,Bank Transfer,,
BK001563,G01886,2025-03-14,2025-04-13,2025-04-16,Completed,Booking.com,Double,1,0,GR,Leisure,88.52,0,265.56,35,15,39.83,300.56,Bank Transfer,,
BK000514,G01289,2023-09-19,2024-03-15,2024-03-19,Completed,Booking.com,Single,1,0,GB,Leisure,57.82,10,208.15,50,15,31.22,258.15,Bank Transfer,,Late arrival
BK001509,G01226,2024-08-08,2024-08-18,2024-08-21,Completed,Booking.com,Double,1,0,DE,Leisure,135.61,0,406.83,75,15,61.02,481.83,Bank Transfer,8,
BK001300,G01223,2024-09-28,2024-11-11,2024-11-16,Completed,Booking.com,Suite,2,0,GR,Leisure,166.61,0,833.05,35,15,124.96,868.05,Bank Transfer,9,High floor
BK002193,G00384,2025-06-17,2025-10-21,2025-10-22,Completed,Booking.com,Double,2,0,GR,Leisure,98.2,5,93.29,10,15,13.99,103.29,Bank Transfer,,
BK001529,G00830,2024-01-02,2024-05-19,2024-05-24,Completed,Booking.com,Double,1,0,DE,Leisure,92.41,0,462.05,75,15,69.31,537.05,Bank Transfer,8,Quiet room
BK001542,G01263,2024-08-07,2024-12-09,2024-12-12,Completed,Booking.com,Suite,2,1,GB,Business,167.67,5,477.86,0,15,71.68,477.86,Bank Transfer,,Late arrival
BK000598,G01730,2024-09-07,2024-11-05,2024-11-07,Completed,Booking.com,Double,2,0,IT,Leisure,111.46,10,200.63,50,15,30.09,250.63,Bank Transfer,7,Late arrival
BK001082,G01133,2025-04-14,2025-07-10,2025-07-14,Completed,Booking.com,Single,1,0,NL,Leisure,85.19,10,306.68,0,15,46.0,306.68,Bank Transfer,,
BK002395,G00170,2025-06-01,2025-08-03,2025-08-07,Completed,Booking.com,Double,2,0,DE,Leisure,129.32,0,517.28,50,15,77.59,567.28,Bank Transfer,,High floor
BK001009,G00555,2024-01-25,2024-04-11,2024-04-15,Completed,Booking.com,Double,2,0,GR,Leisure,112.88,0,451.52,0,15,67.73,451.52,Bank Transfer,8,
BK000233,G01965,2025-04-14,2025-09-15,2025-09-19,Completed,Booking.com,Suite,1,0,GR,Leisure,232.05,5,881.79,0,15,132.27,881.79,Bank Transfer,10,
BK002101,G00866,2025-05-07,2025-09-14,2025-09-16,Completed,Booking.com,Double,2,0,NL,Leisure,163.75,0,327.5,0,15,49.13,327.5,Bank Transfer,10,Late arrival
BK002584,G00406,2024-04-18,2024-07-08,2024-07-12,Completed,Booking.com,Single,1,0,US,Business,101.66,0,406.64,0,15,61.0,406.64,Bank Transfer,9,Late arrival
BK002445,G00712,2025-01-27,2025-06-02,2025-06-03,Completed,Booking.com,Double,2,0,GB,Leisure,158.71,10,142.84,0,15,21.43,142.84,Bank Transfer,9,Quiet room
BK000074,G01720,2025-02-07,2025-02-08,2025-02-13,Completed,Booking.com,Double,2,0,GR,Leisure,109.07,0,545.35,20,15,81.8,565.35,Bank Transfer,10,Quiet room
BK001388,G00906,2024-11-04,2025-02-24,2025-02-26,Completed,Booking.com,Suite,2,0,IT,Business,191.43,0,382.86,35,15,57.43,417.86,Bank Transfer,10,Late arrival
BK001396,G00439,2024-06-20,2024-11-14,2024-11-18,Completed,Booking.com,Single,1,0,IT,Leisure,66.64,0,266.56,0,15,39.98,266.56,Bank Transfer,7,High floor
BK001455,G02094,2023-12-16,2024-01-23,2024-01-29,Completed,Booking.com,Double,1,0,GB,Business,114.38,0,686.28,35,15,102.94,721.28,Bank Transfer,7,Quiet room
BK001317,G00697,2024-05-04,2024-08-08,2024-08-15,Completed,Booking.com,Suite,1,0,GB,Leisure,239.31,5,1591.41,20,15,238.71,1611.41,Bank Transfer,,Late arrival
BK001766,G01774,2025-05-24,2025-08-12,2025-08-16,Completed,Booking.com,Suite,1,0,DE,Leisure,218.04,10,784.94,20,15,117.74,804.94,Bank Transfer,,
BK000207,G01082,2025-05-06,2025-09-26,2025-10-01,Completed,Booking.com,Double,1,0,GB,Leisure,126.59,5,601.3,10,15,90.2,611.3,Bank Transfer,9,Late arrival
BK001526,G01291,2024-07-08,2024-12-14,2024-12-16,Completed,Booking.com,Double,1,2,FR,Leisure,104.67,0,209.34,10,15,31.4,219.34,Bank Transfer,8,Quiet room
BK000685,G01185,2024-09-14,2025-02-28,2025-03-02,Completed,Booking.com,Suite,2,0,NL,Leisure,178.28,5,338.73,20,15,50.81,358.73,Bank Transfer,,Late arrival
BK002991,G02389,2024-09-13,2024-10-16,2024-10-18,Completed,Booking.com,Single,1,0,DE,Leisure,65.85,0,131.7,50,15,19.76,181.7,Bank Transfer,9,
BK001426,G01477,2024-05-01,2024-07-10,2024-07-12,Completed,Booking.com,Double,1,0,,Leisure,131.89,0,263.78,0,15,39.57,263.78,Bank Transfer,,
BK002878,G00057,2025-03-09,2025-08-03,2025-08-04,Completed,Booking.com,Suite,1,0,US,Leisure,265.38,0,265.38,0,15,39.81,265.38,Bank Transfer,6,Baby cot
BK001639,G01645,2024-05-07,2024-11-03,2024-11-06,Completed,Booking.com,Single,1,0,GR,Leisure,61.26,10,165.4,10,15,24.81,175.4,Bank Transfer,,Quiet room
BK000335,G01515,2025-05-22,2025-09-01,2025-09-04,Completed,Booking.com,Double,1,0,GR,Leisure,136.87,10,369.55,0,15,55.43,369.55,Bank Transfer,7,High floor
BK002521,G00519,2024-02-14,2024-05-20,2024-05-23,Completed,Booking.com,Double,1,0,IT,Business,91.63,10,247.4,50,15,37.11,297.4,Bank Transfer,,
BK000694,G00147,2025-03-11,2025-05-10,2025-05-16,Completed,Booking.com,Double,2,0,DE,Leisure,106.99,0,641.94,35,15,96.29,676.94,Bank Transfer,,Quiet room
BK002830,G00851,2024-06-29,2024-07-01,2024-07-08,Completed,Booking.com,Double,1,0,IT,Leisure,136.91,0,958.37,20,15,143.76,978.37,Bank Transfer,,Baby cot
BK002679,G01500,2025-01-03,2025-01-16,2025-01-21,Completed,Booking.com,Double,2,0,DE,Business,99.07,0,495.35,0,15,74.3,495.35,Bank Transfer,,Baby cot
BK001115,G00897,2025-02-05,2025-07-12,2025-07-16,Completed,Booking.com,Suite,1,0,GR,Leisure,245.24,5,931.91,0,15,139.79,931.91,Bank Transfer,9,High floor
BK000033,G01610,2025-05-23,2025-06-29,2025-07-02,Completed,Booking.com,Single,1,0,FR,Leisure,87.63,0,262.89,20,15,39.43,282.89,Bank Transfer,7,
BK002282,G02072,2024-06-01,2024-08-31,2024-09-04,Completed,Booking.com,Double,2,2,DE,Leisure,131.96,10,475.06,10,15,71.26,485.06,Bank Transfer,10,Quiet room
BK002672,G00127,2025-06-23,2025-12-04,2025-12-07,Completed,Booking.com,Suite,1,0,GB,Leisure,192.11,15,489.88,20,15,73.48,509.88,Bank Transfer,8,Quiet room
BK000269,G00314,2024-02-03,2024-07-22,2024-07-27,Completed,Booking.com,Double,2,0,IT,Leisure,149.78,10,674.01,50,15,101.1,724.01,Bank Transfer,9,Quiet room
BK001488,G01367,2024-02-12,2024-06-13,2024-06-17,Completed,Booking.com,Double,1,0,GR,Leisure,139.85,0,559.4,50,15,83.91,609.4,Bank Transfer,,Baby cot
BK001592,G01150,2025-08-22,2025-09-13,2025-09-16,Completed,Booking.com,Double,1,0,GR,Leisure,135.25,0,405.75,35,15,60.86,440.75,Bank Transfer,8,Quiet room
BK001848,G00204,2023-11-15,2024-02-20,2024-02-26,Completed,Booking.com,Double,1,0,GB,Leisure,92.32,0,553.92,50,15,83.09,603.92,Bank Transfer,,Late arrival
BK001815,G02148,2023-12-23,2024-06-16,2024-06-21,Completed,Booking.com,Double,1,0,IT,Leisure,128.18,0,640.9,10,15,96.14,650.9,Bank Transfer,,
BK002053,G02380,2025-05-13,2025-08-28,2025-09-07,Completed,Booking.com,Double,2,0,US,Leisure,156.92,5,1490.74,75,15,223.61,1565.74,Bank Transfer,9,
BK001726,G02230,2024-04-21,2024-06-02,2024-06-07,Completed,Booking.com,Suite,2,2,GR,Leisure,225.92,0,1129.6,10,15,169.44,1139.6,Bank Transfer,9,
BK002944,G02225,2025-01-07,2025-05-01,2025-05-02,Completed,Booking.com,Double,1,0,GB,Leisure,108.18,5,102.77,75,15,15.42,177.77,Bank Transfer,,High floor
BK000735,G00423,2023-12-09,2024-05-25,2024-06-01,Completed,Booking.com,Double,1,0,GR,Leisure,90.05,15,535.8,10,15,80.37,545.8,Bank Transfer,9,Quiet room
BK001290,G00825,2024-01-13,2024-03-11,2024-03-15,Completed,Booking.com,Suite,1,0,GR,Leisure,155.45,0,621.8,35,15,93.27,656.8,Bank Transfer,8,
BK001603,G01643,2024-04-19,2024-09-24,2024-09-29,Completed,Booking.com,Double,2,1,GR,Leisure,140.28,0,701.4,50,15,105.21,751.4,Bank Transfer,,Quiet room
BK001212,G00433,2023-12-30,2024-02-11,2024-02-14,Completed,Booking.com,Single,1,0,DE,Leisure,66.28,15,169.01,75,15,25.35,244.01,Bank Transfer,8,High floor
BK001810,G01723,2024-03-04,2024-06-25,2024-06-27,Completed,Booking.com,Double,2,0,GR,Leisure,155.28,5,295.03,35,15,44.25,330.03,Bank Transfer,10,
BK001178,G01996,2025-09-01,2025-09-30,2025-10-02,Completed,Booking.com,Double,2,0,FR,Leisure,165.72,0,331.44,75,15,49.72,406.44,Bank Transfer,,Baby cot
BK002890,G01286,2024-11-25,2024-12-26,2024-12-29,Completed,Booking.com,Suite,1,2,DE,Leisure,160.33,0,480.99,50,15,72.15,530.99,Bank Transfer,,Quiet room
BK000361,G01579,2025-05-05,2025-05-21,2025-05-28,Completed,Booking.com,Single,1,0,DE,Leisure,63.57,0,444.99,35,15,66.75,479.99,Bank Transfer,8,Baby cot
BK000929,G01078,2025-10-20,2025-11-02,2025-11-06,Completed,Booking.com,Suite,2,0,IT,Leisure,178.64,5,678.83,50,15,101.82,728.83,Bank Transfer,,
BK001350,G00298,2025-05-14,2025-10-24,2025-10-27,Completed,Booking.com,Double,1,0,GB,Leisure,89.25,10,240.98,20,15,36.15,260.98,Bank Transfer,,Late arrival
BK000920,G01755,2025-07-22,2025-08-21,2025-08-23,Completed,Booking.com,Double,1,0,DE,Leisure,153.74,0,307.48,50,15,46.12,357.48,Bank Transfer,8,Baby cot
BK002671,G00174,2024-10-04,2025-03-08,2025-03-11,Completed,Booking.com,Suite,2,0,GR,Leisure,186.96,0,560.88,50,15,84.13,610.88,Bank Transfer,,Quiet room
BK000673,G01555,2025-04-25,2025-07-09,2025-07-14,Completed,Booking.com,Double,2,0,ES,Leisure,166.03,0,830.15,20,15,124.52,850.15,Bank Transfer,10,Late arrival
BK001740,G00860,2024-03-13,2024-07-09,2024-07-16,Completed,Booking.com,Double,2,0,GR,Leisure,129.97,0,909.79,0,15,136.47,909.79,Bank Transfer,,
BK001497,G00520,2023-10-08,2024-03-28,2024-04-01,Completed,Booking.com,Single,1,0,US,Leisure,69.0,0,276.0,75,15,41.4,351.0,Bank Transfer,9,High floor
BK001440,G00821,2024-08-31,2024-10-11,2024-10-17,Completed,Booking.com,Double,1,0,IT,Leisure,94.16,0,564.96,0,15,84.74,564.96,Bank Transfer,10,Baby cot
BK001192,G00972,2024-04-14,2024-07-23,2024-07-25,Completed,Booking.com,Double,2,0,US,Business,150.55,0,301.1,75,15,45.17,376.1,Bank Transfer,,
BK000566,G00409,2025-03-24,2025-07-05,2025-07-08,Completed,Booking.com,Double,1,1,US,Leisure,156.47,0,469.41,20,15,70.41,489.41,Bank Transfer,5,Baby cot
BK002524,G01525,2024-02-16,2024-07-16,2024-07-20,Completed,Booking.com,Double,1,0,GR,Leisure,138.69,0,554.76,0,15,83.21,554.76,Bank Transfer,8,Quiet room
BK002826,G01138,2024-05-28,2024-06-01,2024-06-04,Completed,Booking.com,Suite,1,0,GB,Leisure,218.34,0,655.02,35,15,98.25,690.02,Bank Transfer,8,
BK001318,G01414,2025-07-13,2025-07-21,2025-07-23,Completed,Booking.com,Double,2,0,DE,Business,134.41,5,255.38,75,15,38.31,330.38,Bank Transfer,5,
BK001431,G00305,2023-11-13,2024-04-09,2024-04-13,Completed,Booking.com,Double,2,0,GR,Leisure,86.11,0,344.44,50,15,51.67,394.44,Bank Transfer,10,Late arrival
BK001162,G00355,2024-04-14,2024-06-29,2024-07-01,Completed,Booking.com,Suite,2,1,GB,Leisure,243.36,0,486.72,0,15,73.01,486.72,Bank Transfer,10,
BK001186,G01436,2024-02-08,2024-04-09,2024-04-13,Completed,Booking.com,Single,1,0,US,Business,56.14,5,213.33,35,15,32.0,248.33,Bank Transfer,10,Late arrival
BK001861,G01673,2024-09-03,2024-10-01,2024-10-03,Completed,Booking.com,Suite,2,0,GR,Business,155.0,5,294.5,50,15,44.18,344.5,Bank Transfer,,
BK000896,G01789,2024-02-15,2024-03-23,2024-03-28,Completed,Booking.com,Double,2,0,DE,Leisure,86.45,10,389.03,20,15,58.35,409.03,Bank Transfer,8,Quiet room
BK002421,G01348,2024-04-07,2024-05-12,2024-05-15,Completed,Booking.com,Single,1,0,GR,Business,56.47,0,169.41,10,15,25.41,179.41,Bank Transfer,8,Late arrival
BK001944,G01113,2024-03-23,2024-05-01,2024-05-05,Completed,Booking.com,Double,1,2,FR,Leisure,105.71,15,359.41,75,15,53.91,434.41,Bank Transfer,,
BK000344,G00940,2024-07-17,2024-08-01,2024-08-06,Completed,Booking.com,Single,1,0,NL,Leisure,95.45,5,453.39,35,15,68.01,488.39,Bank Transfer,8,Baby cot
BK002044,G01768,2024-11-11,2025-03-02,2025-03-04,Completed,Booking.com,Double,1,0,IT,Leisure,109.23,5,207.54,10,15,31.13,217.54,Bank Transfer,,
BK000770,G01431,2025-03-01,2025-04-21,2025-04-25,Completed,Booking.com,Double,2,0,GR,Leisure,88.6,0,354.4,75,15,53.16,429.4,Bank Transfer,,High floor
BK002158,G00428,2024-06-21,2024-09-18,2024-09-21,Completed,Booking.com,Double,1,0,US,Leisure,153.53,0,460.59,35,15,69.09,495.59,Bank Transfer,10,Quiet room
BK001174,G00043,2025-02-17,2025-04-27,2025-04-29,Completed,Booking.com,Suite,2,0,FR,Leisure,181.55,0,363.1,0,15,54.47,363.1,Bank Transfer,9,Quiet room
BK001422,G00254,2025-08-23,2025-11-08,2025-11-10,Completed,Booking.com,Double,1,0,DE,Leisure,99.38,0,198.76,75,15,29.81,273.76,Bank Transfer,7,Quiet room
BK002416,G02262,2023-10-29,2024-01-06,2024-01-10,Completed,Booking.com,Double,1,0,GR,Leisure,106.86,0,427.44,75,15,64.12,502.44,Bank Transfer,10,Late arrival
BK000617,G01458,2024-01-29,2024-05-31,2024-06-06,Completed,Booking.com,Double,2,0,FR,Leisure,106.47,0,638.82,10,15,95.82,648.82,Bank Transfer,10,Quiet room
BK002056,G01327,2024-02-24,2024-06-02,2024-06-07,Completed,Booking.com,Double,1,0,NL,Leisure,129.46,0,647.3,50,15,97.1,697.3,Bank Transfer,9,Late arrival
BK001685,G00795,2025-10-05,2025-12-15,2025-12-17,Completed,Booking.com,Single,1,0,GR,Leisure,73.32,0,146.64,35,15,22.0,181.64,Bank Transfer,10,
BK000687,G02368,2025-06-14,2025-12-06,2025-12-11,Completed,Booking.com,Single,1,0,NL,Business,70.89,0,354.45,0,15,53.17,354.45,Bank Transfer,6,Baby cot
BK001427,G00572,2025-03-15,2025-07-28,2025-07-31,Completed,Booking.com,Double,2,0,GB,Leisure,148.29,10,400.38,75,15,60.06,475.38,Bank Transfer,9,Late arrival
BK000955,G01882,2025-02-18,2025-05-28,2025-06-01,Completed,Booking.com,Double,1,0,DE,Leisure,89.02,0,356.08,0,15,53.41,356.08,Bank Transfer,10,
BK000558,G01373,2025-06-19,2025-08-24,2025-08-30,Completed,Booking.com,Double,2,0,US,Leisure,133.99,15,683.35,50,15,102.5,733.35,Bank Transfer,,Late arrival
BK000902,G01066,2024-09-10,2024-11-24,2024-11-27,Completed,Booking.com,Double,1,0,NL,Leisure,107.88,0,323.64,75,15,48.55,398.64,Bank Transfer,10,Late arrival
BK002919,G01426,2025-07-27,2025-09-02,2025-09-06,Completed,Booking.com,Single,1,0,NL,Leisure,88.44,0,353.76,0,15,53.06,353.76,Bank Transfer,9,
BK002418,G00557,2024-06-18,2024-10-25,2024-10-28,Completed,Booking.com,Double,1,0,FR,Leisure,102.25,0,306.75,0,15,46.01,306.75,Bank Transfer,,Late arrival
BK000202,G01415,2025-03-04,2025-08-14,2025-08-17,Completed,Booking.com,Double,1,0,FR,Leisure,152.1,10,410.67,10,15,61.6,420.67,Bank Transfer,10,Late arrival
BK000492,G00296,2024-01-19,2024-06-06,2024-06-11,Completed,Booking.com,Suite,1,0,FR,Leisure,224.35,0,1121.75,0,15,168.26,1121.75,Bank Transfer,,Baby cot
BK001032,G02298,2025-04-10,2025-05-26,2025-05-30,Completed,Booking.com,Double,2,0,GR,Leisure,108.53,0,434.12,20,15,65.12,454.12,Bank Transfer,7,Quiet room
BK001109,G00966,2025-10-11,2025-12-20,2025-12-25,Completed,Booking.com,Suite,2,0,FR,Leisure,200.94,5,954.47,35,15,143.17,989.47,Bank Transfer,9,
BK002611,G00313,2025-06-26,2025-10-04,2025-10-09,Completed,Booking.com,Single,1,0,GR,Leisure,64.81,10,291.65,0,15,43.75,291.65,Bank Transfer,8,Late arrival
BK002186,G01247,2024-04-20,2024-06-10,2024-06-15,Completed,Booking.com,Suite,2,0,DE,Leisure,251.71,0,1258.55,10,15,188.78,1268.55,Bank Transfer,8,High floor
BK001479,G02313,2025-03-04,2025-08-20,2025-08-24,Completed,Booking.com,Double,1,0,GB,Leisure,131.45,0,525.8,10,15,78.87,535.8,Bank Transfer,9,Late arrival
BK001554,G01493,2024-05-30,2024-09-24,2024-10-01,Completed,Booking.com,Double,2,0,FR,Leisure,163.24,0,1142.68,0,15,171.4,1142.68,Bank Transfer,10,High floor
BK002104,G00659,2025-03-13,2025-08-04,2025-08-08,Completed,Booking.com,Single,1,0,DE,Leisure,102.13,0,408.52,35,15,61.28,443.52,Bank Transfer,7,Late arrival
BK000649,G01479,2024-02-26,2024-08-01,2024-08-02,Completed,Booking.com,Suite,1,0,US,Leisure,231.56,0,231.56,10,15,34.73,241.56,Bank Transfer,8,Quiet room
BK002709,G00838,2025-08-27,2025-12-26,2025-12-30,Completed,Booking.com,Double,1,0,NL,Leisure,95.9,0,383.6,35,15,57.54,418.6,Bank Transfer,,Late arrival
BK002813,G01335,2025-02-27,2025-04-01,2025-04-08,Completed,Booking.com,Double,1,0,GR,Leisure,89.79,10,565.68,35,15,84.85,600.68,Bank Transfer,10,Late arrival
BK002398,G02175,2024-03-29,2024-05-28,2024-05-31,Completed,Booking.com,Single,1,0,FR,Leisure,59.42,0,178.26,75,15,26.74,253.26,Bank Transfer,10,Baby cot
BK002298,G00935,2024-04-13,2024-05-05,2024-05-09,Completed,Booking.com,Double,2,0,FR,Leisure,100.28,0,401.12,50,15,60.17,451.12,Bank Transfer,8,Baby cot
BK002552,G02229,2025-07-05,2025-10-11,2025-10-18,Completed,Booking.com,Double,1,0,FR,Leisure,110.5,0,773.5,0,15,116.03,773.5,Bank Transfer,10,Baby cot
BK000452,G00047,2024-08-17,2025-01-05,2025-01-07,Completed,Booking.com,Double,2,0,US,Leisure,111.56,10,200.81,0,15,30.12,200.81,Bank Transfer,9,
BK000436,G01872,2023-10-17,2024-01-25,2024-01-29,Completed,Booking.com,Double,2,0,NL,Business,98.33,0,393.32,50,15,59.0,443.32,Bank Transfer,7,Late arrival
BK000291,G01783,2025-02-27,2025-08-03,2025-08-07,Completed,Booking.com,Single,1,0,FR,Leisure,101.74,5,386.61,35,15,57.99,421.61,Bank Transfer,,
BK001514,G00617,2025-07-16,2025-07-19,2025-07-23,Completed,Booking.com,Single,1,0,ES,Business,99.18,0,396.72,75,15,59.51,471.72,Bank Transfer,9,Baby cot
BK000477,G01220,2024-11-14,2025-03-14,2025-03-17,Completed,Booking.com,Single,1,0,US,Leisure,59.16,5,168.61,0,15,25.29,168.61,Bank Transfer,10,
BK002280,G01962,2024-09-07,2025-01-19,2025-01-24,Completed,Booking.com,Double,2,0,IT,Leisure,114.78,5,545.21,75,15,81.78,620.21,Bank Transfer,8,
BK000634,G00341,2024-03-07,2024-06-18,2024-06-20,Completed,Booking.com,Double,2,0,GB,Leisure,153.23,0,306.46,0,15,45.97,306.46,Bank Transfer,,
BK002772,G00313,2024-01-01,2024-01-27,2024-01-31,Completed,Booking.com,Suite,2,1,GR,Leisure,156.79,0,627.16,35,15,94.07,662.16,Bank Transfer,,
BK000112,G01398,2025-07-01,2025-10-07,2025-10-12,Completed,Booking.com,Double,1,0,GB,Leisure,102.09,0,510.45,35,15,76.57,545.45,Bank Transfer,,
BK002117,G00785,2025-02-06,2025-02-19,2025-02-22,Completed,Booking.com,Double,2,0,IT,Leisure,104.33,0,312.99,0,15,46.95,312.99,Bank Transfer,,Quiet room
BK001469,G00830,2024-11-10,2025-01-07,2025-01-10,Completed,Booking.com,Double,1,0,DE,Leisure,102.93,0,308.79,10,15,46.32,318.79,Bank Transfer,9,
BK002627,G01375,2025-03-26,2025-09-18,2025-09-19,Completed,Booking.com,Double,2,0,FR,Leisure,132.4,0,132.4,10,15,19.86,142.4,Bank Transfer,,Baby cot
BK002568,G00887,2023-09-09,2024-02-02,2024-02-07,Completed,Booking.com,Suite,2,0,US,Business,167.19,0,835.95,50,15,125.39,885.95,Bank Transfer,9,
BK002786,G01782,2024-01-24,2024-03-01,2024-03-03,Completed,Booking.com,Double,1,0,IT,Leisure,94.71,0,189.42,35,15,28.41,224.42,Bank Transfer,9,
BK000228,G00160,2024-09-27,2024-12-24,2024-12-28,Completed,Booking.com,Double,1,0,GR,Leisure,109.13,0,436.52,35,15,65.48,471.52,Bank Transfer,9,
BK000181,G00204,2025-08-17,2025-09-10,2025-09-14,Completed,Booking.com,Single,1,0,GR,Leisure,93.1,5,353.78,0,15,53.07,353.78,Bank Transfer,10,
BK001423,G01031,2023-11-14,2024-02-24,2024-03-01,Completed,Booking.com,Double,1,1,GR,Leisure,108.12,0,648.72,0,15,97.31,648.72,Bank Transfer,8,Quiet room
BK000961,G02186,2023-08-31,2024-01-12,2024-01-15,Completed,Booking.com,Double,1,0,GR,Leisure,92.04,10,248.51,50,15,37.28,298.51,Bank Transfer,,High floor
BK002538,G00780,2025-08-10,2025-11-19,2025-11-20,Completed,Booking.com,Double,2,0,FR,Business,104.67,0,104.67,50,15,15.7,154.67,Bank Transfer,,
BK001940,G01058,2025-07-25,2025-10-27,2025-10-31,Completed,Booking.com,Double,2,0,GB,Leisure,103.18,0,412.72,10,15,61.91,422.72,Bank Transfer,,High floor
BK002559,G00419,2025-08-22,2025-11-15,2025-11-20,Completed,Booking.com,Single,1,0,IT,Leisure,59.26,10,266.67,0,15,40.0,266.67,Bank Transfer,7,High floor
BK001299,G00425,2024-06-18,2024-08-29,2024-08-31,Completed,Booking.com,Double,1,0,GB,Leisure,129.79,0,259.58,35,15,38.94,294.58,Bank Transfer,9,Baby cot
BK001242,G01445,2025-01-10,2025-02-13,2025-02-15,Completed,Booking.com,Single,1,0,GR,Leisure,64.52,0,129.04,50,15,19.36,179.04,Bank Transfer,8,Late arrival
BK001659,G00796,2023-09-03,2024-02-10,2024-02-11,Completed,Booking.com,Double,2,0,GB,Leisure,98.64,10,88.78,75,15,13.32,163.78,Bank Transfer,10,Quiet room
BK000739,G00899,2024-10-19,2024-12-20,2024-12-23,Completed,Booking.com,Single,1,0,GR,Leisure,70.04,0,210.12,75,15,31.52,285.12,Bank Transfer,10,
BK000001,G02352,2025-09-04,2025-10-02,2025-10-03,Completed,Booking.com,Double,2,0,GR,Leisure,109.22,0,109.22,75,15,16.38,184.22,Bank Transfer,8,
BK001876,G01649,2025-05-16,2025-09-19,2025-09-23,Completed,Booking.com,Double,1,0,DE,Leisure,147.34,0,589.36,35,15,88.4,624.36,Bank Transfer,,Baby cot
BK000417,G01263,2024-04-05,2024-04-11,2024-04-15,Completed,Booking.com,Suite,1,0,GR,Leisure,183.01,5,695.44,0,15,104.32,695.44,Bank Transfer,10,
BK002338,G00190,2025-09-18,2025-11-20,2025-11-26,Completed,Booking.com,Single,1,0,GB,Business,71.64,0,429.84,35,15,64.48,464.84,Bank Transfer,8,High floor
BK000121,G00271,2025-04-05,2025-06-28,2025-07-04,Completed,Booking.com,Single,1,0,US,Leisure,96.18,0,577.08,10,15,86.56,587.08,Bank Transfer,,Late arrival
BK000287,G00922,2025-07-27,2025-11-03,2025-11-05,Completed,Booking.com,Double,2,0,IT,Leisure,106.48,10,191.66,35,15,28.75,226.66,Bank Transfer,10,Baby cot
BK001836,G00143,2025-07-24,2025-10-10,2025-10-12,Completed,Booking.com,Double,2,0,GR,Leisure,113.53,0,227.06,75,15,34.06,302.06,Bank Transfer,,Late arrival
BK002062,G00780,2025-08-10,2025-12-20,2025-12-26,Completed,Booking.com,Suite,1,0,GR,Leisure,175.13,0,1050.78,50,15,157.62,1100.78,Bank Transfer,6,
BK001985,G01181,2024-12-11,2025-01-05,2025-01-12,Completed,Booking.com,Double,1,0,GR,Leisure,91.02,0,637.14,75,15,95.57,712.14,Bank Transfer,10,High floor
BK000296,G01222,2023-11-27,2024-03-31,2024-04-02,Completed,Booking.com,Double,2,0,FR,Leisure,94.99,0,189.98,50,15,28.5,239.98,Bank Transfer,10,High floor
BK001328,G01617,2024-07-31,2024-12-16,2024-12-20,Completed,Booking.com,Single,1,0,IT,Leisure,56.59,0,226.36,20,15,33.95,246.36,Bank Transfer,9,Baby cot
BK001331,G01532,2023-11-04,2024-03-08,2024-03-10,Completed,Booking.com,Suite,1,0,GB,Leisure,163.18,0,326.36,75,15,48.95,401.36,Bank Transfer,9,
BK002258,G02242,2025-07-05,2025-12-17,2025-12-21,Completed,Booking.com,Double,2,0,FR,Leisure,98.61,10,355.0,50,15,53.25,405.0,Bank Transfer,10,
BK000215,G01360,2024-01-20,2024-07-09,2024-07-11,Completed,Booking.com,Single,1,0,GR,Leisure,84.85,0,169.7,75,15,25.46,244.7,Bank Transfer,8,High floor
BK000413,G02071,2023-12-17,2024-04-04,2024-04-07,Completed,Booking.com,Double,2,2,GR,Leisure,105.71,0,317.13,0,15,47.57,317.13,Bank Transfer,7,
BK002788,G02337,2024-11-22,2025-03-21,2025-03-23,Completed,Booking.com,Double,2,0,US,Leisure,105.63,15,179.57,50,15,26.94,229.57,Bank Transfer,7,Baby cot
BK000420,G01250,2024-04-02,2024-09-15,2024-09-22,Completed,Booking.com,Suite,2,0,DE,Leisure,278.41,5,1851.43,75,15,277.71,1926.43,Bank Transfer,10,
BK001528,G01905,2024-05-29,2024-08-08,2024-08-13,Completed,Booking.com,Double,2,1,ES,Leisure,126.69,0,633.45,50,15,95.02,683.45,Bank Transfer,7,
BK002943,G01845,2025-05-03,2025-08-21,2025-08-22,Completed,Booking.com,Suite,2,0,US,Leisure,277.61,0,277.61,0,15,41.64,277.61,Bank Transfer,,
BK002173,G00521,2025-04-12,2025-09-19,2025-09-24,Completed,Booking.com,Single,1,0,GR,Leisure,93.61,0,468.05,0,15,70.21,468.05,Bank Transfer,,Quiet room
BK000888,G01458,2024-05-22,2024-11-14,2024-11-21,Completed,Booking.com,Double,1,1,DE,Leisure,86.69,0,606.83,20,15,91.02,626.83,Bank Transfer,10,High floor
BK001961,G01013,2024-04-07,2024-07-23,2024-07-24,Completed,Booking.com,Double,2,0,GB,Leisure,154.97,0,154.97,0,15,23.25,154.97,Bank Transfer,,Quiet room
BK002449,G01872,2025-05-26,2025-10-07,2025-10-13,Completed,Booking.com,Single,1,0,GR,Leisure,59.22,0,355.32,0,15,53.3,355.32,Bank Transfer,9,
BK002642,G00086,2025-10-22,2025-10-30,2025-11-01,Completed,Booking.com,Double,2,0,DE,Leisure,98.79,10,177.82,0,15,26.67,177.82,Bank Transfer,,Quiet room
BK001264,G00915,2025-06-18,2025-08-23,2025-08-26,Completed,Booking.com,Suite,1,1,GB,Business,257.75,0,773.25,20,15,115.99,793.25,Bank Transfer,10,
BK000847,G01669,2025-07-24,2025-10-20,2025-10-25,Completed,Booking.com,Double,1,0,US,Leisure,109.76,5,521.36,10,15,78.2,531.36,Bank Transfer,8,Late arrival
BK000357,G02224,2024-03-10,2024-03-13,2024-03-15,Completed,Booking.com,Suite,1,0,IT,Leisure,190.7,0,381.4,50,15,57.21,431.4,Bank Transfer,,Late arrival
BK000044,G00184,2025-01-21,2025-06-09,2025-06-12,Completed,Booking.com,Double,2,1,FR,Leisure,137.92,5,393.07,10,15,58.96,403.07,Bank Transfer,9,High floor
BK002734,G02180,2025-07-29,2025-09-30,2025-10-04,Completed,Booking.com,Double,2,0,GR,Business,164.98,0,659.92,75,15,98.99,734.92,Bank Transfer,8,
BK002125,G01308,2023-10-16,2024-03-01,2024-03-08,Completed,Booking.com,Single,1,0,DE,Leisure,61.23,0,428.61,50,15,64.29,478.61,Bank Transfer,8,Quiet room
BK002272,G00312,2025-07-17,2025-07-26,2025-07-31,Completed,Booking.com,Double,2,1,GB,Leisure,160.88,0,804.4,20,15,120.66,824.4,Bank Transfer,,Baby cot
BK001135,G01477,2024-09-23,2024-12-19,2024-12-21,Completed,Booking.com,Double,1,2,DE,Leisure,107.95,0,215.9,20,15,32.39,235.9,Bank Transfer,10,
BK002021,G00406,2024-02-21,2024-04-12,2024-04-15,Completed,Booking.com,Double,1,0,IT,Leisure,108.09,5,308.06,75,15,46.21,383.06,Bank Transfer,5,
BK000982,G01500,2024-10-21,2025-02-27,2025-03-04,Completed,Booking.com,Double,2,0,DE,Leisure,109.96,0,549.8,50,15,82.47,599.8,Bank Transfer,9,
BK000911,G01148,2025-08-08,2025-09-03,2025-09-05,Completed,Booking.com,Single,1,0,FR,Business,81.05,0,162.1,35,15,24.32,197.1,Bank Transfer,,Baby cot
BK001034,G01200,2025-06-30,2025-12-17,2025-12-20,Completed,Booking.com,Double,2,0,GR,Leisure,92.38,0,277.14,35,15,41.57,312.14,Bank Transfer,10,Late arrival
BK000229,G01547,2024-03-16,2024-07-05,2024-07-09,Completed,Booking.com,Single,1,0,DE,Leisure,86.55,10,311.58,0,15,46.74,311.58,Bank Transfer,8,Baby cot
BK002723,G01378,2024-05-05,2024-08-04,2024-08-06,Completed,Booking.com,Single,1,0,IT,Leisure,80.9,0,161.8,50,15,24.27,211.8,Bank Transfer,8,Quiet room
BK001204,G00720,2023-10-25,2024-02-13,2024-02-16,Completed,Booking.com,Single,1,0,DE,Leisure,74.02,0,222.06,0,15,33.31,222.06,Bank Transfer,10,Late arrival
BK002631,G01174,2025-06-08,2025-11-05,2025-11-09,Completed,Booking.com,Double,1,1,DE,Leisure,91.6,5,348.08,0,15,52.21,348.08,Bank Transfer,8,Late arrival
BK000899,G00752,2025-03-26,2025-08-07,2025-08-10,Completed,Booking.com,Single,1,0,NL,Leisure,92.21,15,235.14,50,15,35.27,285.14,Bank Transfer,,
BK000642,G02014,2025-08-20,2025-09-19,2025-09-25,Completed,Booking.com,Double,2,0,GR,Leisure,163.11,5,929.73,35,15,139.46,964.73,Bank Transfer,10,Baby cot
BK002264,G02015,2025-04-03,2025-06-07,2025-06-11,Completed,Booking.com,Single,1,0,GB,Business,105.08,10,378.29,10,15,56.74,388.29,Bank Transfer,9,High floor
BK000924,G01309,2025-02-25,2025-08-01,2025-08-02,Completed,Booking.com,Double,1,0,GR,Leisure,143.17,10,128.85,0,15,19.33,128.85,Bank Transfer,,
BK001687,G01204,2024-07-03,2024-08-03,2024-08-13,Completed,Booking.com,Double,2,0,FR,Business,154.42,0,1544.2,35,15,231.63,1579.2,Bank Transfer,,
BK000926,G01387,2025-01-09,2025-05-28,2025-05-29,Completed,Booking.com,Double,1,0,GR,Leisure,91.73,0,91.73,10,15,13.76,101.73,Bank Transfer,6,High floor
BK000400,G02121,2024-05-04,2024-10-06,2024-10-08,Completed,Booking.com,Double,1,0,FR,Leisure,111.17,0,222.34,35,15,33.35,257.34,Bank Transfer,9,Baby cot
BK002886,G02136,2025-02-02,2025-04-08,2025-04-12,Completed,Booking.com,Double,1,0,GB,Leisure,87.84,5,333.79,35,15,50.07,368.79,Bank Transfer,,Quiet room
BK001804,G00902,2024-03-26,2024-06-12,2024-06-15,Completed,Booking.com,Double,1,1,DE,Leisure,129.14,10,348.68,0,15,52.3,348.68,Bank Transfer,8,Baby cot
BK002840,G00083,2023-12-16,2024-06-06,2024-06-10,Completed,Booking.com,Single,1,0,GR,Business,106.82,0,427.28,0,15,64.09,427.28,Bank Transfer,8,Baby cot
BK001955,G02149,2023-11-02,2024-03-16,2024-03-20,Completed,Booking.com,Double,1,0,GR,Leisure,86.9,10,312.84,0,15,46.93,312.84,Bank Transfer,10,Late arrival
BK000304,G00528,2025-08-21,2025-12-15,2025-12-19,Completed,Booking.com,Single,1,0,GB,Leisure,65.54,0,262.16,0,15,39.32,262.16,Bank Transfer,,High floor
BK001449,G00324,2023-09-13,2024-01-02,2024-01-07,Completed,Booking.com,Single,1,0,IT,Leisure,61.62,0,308.1,35,15,46.22,343.1,Bank Transfer,10,Baby cot
BK001343,G02274,2023-07-23,2024-01-17,2024-01-23,Completed,Booking.com,Double,1,0,GB,Leisure,89.1,10,481.14,35,15,72.17,516.14,Bank Transfer,,
BK000281,G01399,2024-05-03,2024-08-21,2024-08-28,Completed,Booking.com,Single,1,0,GR,Leisure,105.27,0,736.89,20,15,110.53,756.89,Bank Transfer,10,Quiet room
BK002082,G01190,2025-06-08,2025-09-29,2025-10-02,Completed,Booking.com,Double,1,0,NL,Leisure,126.66,0,379.98,35,15,57.0,414.98,Bank Transfer,9,
BK002345,G00748,2023-12-26,2024-01-09,2024-01-14,Completed,Booking.com,Double,1,0,ES,Leisure,98.62,0,493.1,0,15,73.97,493.1,Bank Transfer,8,Late arrival
BK001521,G02301,2023-11-03,2024-04-17,2024-04-19,Completed,Booking.com,Double,1,0,IT,Leisure,109.64,0,219.28,0,15,32.89,219.28,Bank Transfer,9,Quiet room
BK001585,G01159,2024-05-09,2024-09-11,2024-09-13,Completed,Booking.com,Double,2,0,FR,Leisure,144.81,0,289.62,10,15,43.44,299.62,Bank Transfer,8,High floor
BK000910,G01058,2024-08-29,2025-02-01,2025-02-05,Completed,Booking.com,Double,1,1,GR,Leisure,90.07,0,360.28,0,15,54.04,360.28,Bank Transfer,10,Baby cot
BK002243,G01858,2024-02-15,2024-03-17,2024-03-19,Completed,Booking.com,Double,1,0,GB,Leisure,99.28,0,198.56,75,15,29.78,273.56,Bank Transfer,9,
BK002106,G01795,2025-10-25,2025-11-11,2025-11-17,Completed,Booking.com,Double,2,0,NL,Leisure,103.45,0,620.7,0,15,93.11,620.7,Bank Transfer,7,Quiet room
BK000589,G01622,2024-05-05,2024-08-31,2024-09-02,Completed,Booking.com,Double,1,0,IT,Business,125.1,0,250.2,0,15,37.53,250.2,Bank Transfer,8,
BK000290,G00936,2024-02-08,2024-03-19,2024-03-22,Completed,Booking.com,Suite,2,0,GB,Leisure,165.57,5,471.87,50,15,70.78,521.87,Bank Transfer,,Baby cot
BK000936,G00791,2025-05-19,2025-06-18,2025-06-25,Completed,Booking.com,Double,2,0,IT,Leisure,140.86,0,986.02,10,15,147.9,996.02,Bank Transfer,9,
BK001786,G02272,2024-10-23,2025-04-19,2025-04-22,Completed,Booking.com,Double,2,2,GR,Business,89.95,0,269.85,0,15,40.48,269.85,Bank Transfer,9,Baby cot
BK000395,G00140,2025-03-25,2025-08-26,2025-08-29,Completed,Booking.com,Single,1,0,NL,Business,91.81,0,275.43,75,15,41.31,350.43,Bank Transfer,,Late arrival
BK000460,G01139,2024-03-10,2024-06-09,2024-06-13,Completed,Booking.com,Single,1,0,GB,Leisure,93.59,0,374.36,50,15,56.15,424.36,Bank Transfer,8,Baby cot
BK002227,G02257,2024-01-25,2024-07-03,2024-07-06,Completed,Booking.com,Double,2,1,GR,Leisure,125.21,0,375.63,20,15,56.34,395.63,Bank Transfer,,Late arrival
BK000490,G00599,2024-01-11,2024-07-09,2024-07-12,Completed,Booking.com,Suite,2,0,NL,Leisure,269.42,10,727.43,0,15,109.11,727.43,Bank Transfer,8,High floor
BK001684,G00152,2024-08-24,2024-12-18,2024-12-21,Completed,Booking.com,Double,2,0,GR,Leisure,93.62,0,280.86,10,15,42.13,290.86,Bank Transfer,7,Late arrival
BK001285,G00628,2025-04-23,2025-08-05,2025-08-10,Completed,Booking.com,Double,2,1,GB,Leisure,162.2,0,811.0,35,15,121.65,846.0,Bank Transfer,7,
BK000947,G01577,2025-05-23,2025-07-23,2025-07-26,Completed,Booking.com,Single,1,0,GB,Leisure,102.3,0,306.9,50,15,46.04,356.9,Bank Transfer,,Baby cot
BK002825,G01923,2025-04-10,2025-05-25,2025-06-01,Completed,Booking.com,Double,2,0,GR,Leisure,97.17,0,680.19,75,15,102.03,755.19,Bank Transfer,9,
BK001951,G00438,2025-06-30,2025-10-25,2025-10-28,Completed,Booking.com,Double,2,0,DE,Business,105.39,5,300.36,20,15,45.05,320.36,Bank Transfer,7,Quiet room
BK002003,G01629,2025-06-10,2025-10-21,2025-10-23,Completed,Booking.com,Double,2,0,GB,Business,114.26,0,228.52,35,15,34.28,263.52,Bank Transfer,10,Late arrival
BK001304,G00691,2024-08-28,2024-09-18,2024-09-28,Completed,Booking.com,Double,1,0,GB,Leisure,146.97,0,1469.7,35,15,220.46,1504.7,Bank Transfer,10,Baby cot
BK000838,G02237,2024-06-04,2024-08-26,2024-08-29,Completed,Booking.com,Double,2,0,DE,Leisure,158.47,0,475.41,50,15,71.31,525.41,Bank Transfer,9,Late arrival
BK000528,G01940,2024-12-26,2025-06-05,2025-06-11,Completed,Booking.com,Double,2,0,FR,Leisure,154.83,0,928.98,35,15,139.35,963.98,Bank Transfer,,Quiet room
BK001364,G01185,2024-03-19,2024-08-08,2024-08-13,Completed,Booking.com,Double,1,0,GR,Business,150.38,0,751.9,35,15,112.79,786.9,Bank Transfer,7,Late arrival
BK002369,G00306,2024-07-25,2024-12-22,2024-12-26,Completed,Booking.com,Suite,1,0,IT,Leisure,168.69,0,674.76,75,15,101.21,749.76,Bank Transfer,10,Quiet room
BK000953,G01574,2025-01-10,2025-04-10,2025-04-16,Completed,Booking.com,Double,1,0,GR,Leisure,94.35,0,566.1,0,15,84.92,566.1,Bank Transfer,6,
BK001200,G01728,2024-05-29,2024-08-08,2024-08-13,Completed,Booking.com,Suite,1,0,DE,Leisure,233.7,0,1168.5,50,15,175.28,1218.5,Bank Transfer,,Late arrival
BK000029,G01984,2024-02-26,2024-03-27,2024-03-31,Completed,Booking.com,Double,1,1,GB,Leisure,91.11,0,364.44,10,15,54.67,374.44,Bank Transfer,9,High floor
BK001226,G00052,2025-08-13,2025-08-21,2025-08-22,Completed,Booking.com,Double,2,0,IT,Leisure,136.84,0,136.84,35,15,20.53,171.84,Bank Transfer,,
BK001465,G00352,2024-09-15,2025-02-21,2025-02-28,Completed,Booking.com,Double,2,1,GB,Leisure,87.13,0,609.91,20,15,91.49,629.91,Bank Transfer,7,Baby cot
BK002232,G00722,2024-03-04,2024-06-17,2024-06-20,Completed,Booking.com,Suite,2,0,GR,Leisure,253.09,0,759.27,20,15,113.89,779.27,Bank Transfer,7,
BK002985,G01823,2024-12-09,2025-04-16,2025-04-20,Completed,Booking.com,Double,1,0,GR,Leisure,92.31,0,369.24,10,15,55.39,379.24,Bank Transfer,9,Quiet room
BK002633,G02098,2025-04-30,2025-05-01,2025-05-05,Completed,Booking.com,Double,1,0,GR,Business,95.16,0,380.64,50,15,57.1,430.64,Bank Transfer,,Late arrival
BK002262,G01477,2025-01-09,2025-06-20,2025-06-30,Completed,Booking.com,Single,1,0,GB,Business,89.14,0,891.4,50,15,133.71,941.4,Bank Transfer,,Baby cot
BK001346,G01769,2024-09-15,2024-09-26,2024-09-30,Completed,Booking.com,Double,2,0,GR,Leisure,126.57,0,506.28,50,15,75.94,556.28,Bank Transfer,10,Late arrival
BK000930,G00298,2025-01-30,2025-03-30,2025-04-04,Completed,Booking.com,Single,1,0,GB,Leisure,70.75,0,353.75,35,15,53.06,388.75,Bank Transfer,7,Late arrival
BK002668,G02152,2025-09-17,2025-09-19,2025-09-22,Completed,Booking.com,Suite,2,0,GB,Leisure,255.17,5,727.23,0,15,109.08,727.23,Bank Transfer,9,High floor
BK000399,G01546,2025-06-29,2025-07-09,2025-07-12,Completed,Booking.com,Suite,2,0,US,Leisure,271.05,0,813.15,50,15,121.97,863.15,Bank Transfer,,
BK000212,G01091,2023-12-15,2024-05-04,2024-05-08,Completed,Booking.com,Double,2,0,ES,Leisure,92.88,10,334.37,0,15,50.16,334.37,Bank Transfer,,
BK000410,G00588,2025-03-16,2025-05-31,2025-06-03,Completed,Booking.com,Single,1,0,FR,Business,73.01,5,208.08,75,15,31.21,283.08,Bank Transfer,7,
BK000336,G00132,2024-05-22,2024-09-23,2024-09-27,Completed,Booking.com,Double,1,0,FR,Leisure,135.11,10,486.4,0,15,72.96,486.4,Bank Transfer,7,
BK000727,G01862,2024-10-25,2025-03-23,2025-03-26,Completed,Booking.com,Suite,1,0,ES,Leisure,159.28,0,477.84,50,15,71.68,527.84,Bank Transfer,9,Late arrival
BK000132,G00045,2023-10-20,2024-04-07,2024-04-12,Completed,Booking.com,Suite,2,0,ES,Leisure,174.92,0,874.6,0,15,131.19,874.6,Bank Transfer,7,
BK000918,G00687,2024-05-13,2024-07-11,2024-07-13,Completed,Booking.com,Double,1,0,GB,Business,139.21,0,278.42,35,15,41.76,313.42,Bank Transfer,,High floor
BK000654,G00308,2025-03-24,2025-04-24,2025-04-27,Completed,Booking.com,Double,1,0,IT,Leisure,113.72,5,324.1,20,15,48.62,344.1,Bank Transfer,,Baby cot
BK000009,G00779,2024-12-30,2025-01-03,2025-01-08,Completed,Booking.com,Single,1,0,FR,Leisure,57.86,0,289.3,75,15,43.4,364.3,Bank Transfer,10,Baby cot
BK001067,G00838,2025-11-04,2025-11-27,2025-11-28,Completed,Booking.com,Double,1,0,GR,Leisure,111.98,0,111.98,0,15,16.8,111.98,Bank Transfer,9,High floor
BK000644,G00616,2025-08-02,2025-08-26,2025-09-01,Completed,Booking.com,Double,2,0,NL,Leisure,153.79,15,784.33,35,15,117.65,819.33,Bank Transfer,,
BK000552,G02251,2025-01-03,2025-03-25,2025-03-27,Completed,Booking.com,Single,1,0,DE,Leisure,71.0,0,142.0,35,15,21.3,177.0,Bank Transfer,10,Late arrival
BK001648,G00455,2025-09-23,2025-10-15,2025-10-22,Completed,Booking.com,Suite,2,1,ES,Leisure,195.58,0,1369.06,10,15,205.36,1379.06,Bank Transfer,8,Quiet room
BK001107,G00003,2025-03-23,2025-07-21,2025-07-24,Completed,Booking.com,Single,1,0,DE,Leisure,103.04,0,309.12,20,15,46.37,329.12,Bank Transfer,8,Quiet room
BK001432,G00807,2024-08-08,2025-01-11,2025-01-13,Completed,Booking.com,Single,1,0,FR,Leisure,59.99,5,113.98,0,15,17.1,113.98,Bank Transfer,10,
BK000488,G00492,2025-01-01,2025-05-29,2025-05-30,Completed,Booking.com,Suite,1,0,FR,Business,168.24,0,168.24,20,15,25.24,188.24,Bank Transfer,8,Late arrival
BK002480,G01196,2024-03-18,2024-08-31,2024-09-04,Completed,Booking.com,Double,2,0,GR,Leisure,126.07,10,453.85,0,15,68.08,453.85,Bank Transfer,,
BK002494,G00993,2025-08-11,2025-11-14,2025-11-16,Completed,Booking.com,Double,2,0,FR,Business,91.84,0,183.68,0,15,27.55,183.68,Bank Transfer,,High floor
BK000153,G02311,2024-06-07,2024-08-30,2024-09-03,Completed,Booking.com,Double,2,0,US,Leisure,138.41,0,553.64,0,15,83.05,553.64,Bank Transfer,,
BK002301,G01656,2024-02-19,2024-07-31,2024-08-04,Completed,Booking.com,Double,2,0,GR,Leisure,137.37,0,549.48,35,15,82.42,584.48,Bank Transfer,,Late arrival
BK002226,G01233,2024-11-16,2025-01-02,2025-01-05,Completed,Booking.com,Double,1,0,GB,Leisure,94.11,10,254.1,75,15,38.12,329.1,Bank Transfer,9,
BK001657,G02098,2024-12-16,2025-05-21,2025-05-23,Completed,Booking.com,Double,2,0,GR,Leisure,102.45,0,204.9,10,15,30.74,214.9,Bank Transfer,7,Late arrival
BK000730,G00167,2023-10-17,2024-01-11,2024-01-17,Completed,Booking.com,Double,1,0,GR,Leisure,87.53,0,525.18,0,15,78.78,525.18,Bank Transfer,,High floor
BK001986,G01790,2024-06-29,2024-11-09,2024-11-14,Completed,Booking.com,Double,1,1,GR,Leisure,106.41,0,532.05,10,15,79.81,542.05,Bank Transfer,8,
BK001333,G00378,2024-04-01,2024-05-03,2024-05-06,Completed,Booking.com,Double,2,2,DE,Leisure,113.22,5,322.68,0,15,48.4,322.68,Bank Transfer,,
BK002504,G02386,2025-04-04,2025-09-08,2025-09-15,Completed,Booking.com,Single,1,0,IT,Leisure,84.79,0,593.53,35,15,89.03,628.53,Bank Transfer,7,Late arrival
BK002811,G01685,2025-07-11,2025-08-02,2025-08-12,Completed,Booking.com,Suite,2,1,GR,Leisure,257.14,0,2571.4,0,15,385.71,2571.4,Bank Transfer,9,
BK001263,G01670,2025-01-05,2025-03-24,2025-03-25,Completed,Booking.com,Double,2,1,FR,Leisure,105.6,10,95.04,20,15,14.26,115.04,Bank Transfer,,
BK000062,G00165,2025-08-03,2025-10-14,2025-10-19,Completed,Booking.com,Single,1,0,GR,Leisure,59.98,0,299.9,20,15,44.99,319.9,Bank Transfer,,High floor
BK000054,G00087,2024-03-08,2024-07-02,2024-07-04,Completed,Booking.com,Single,1,0,DE,Leisure,106.82,0,213.64,20,15,32.05,233.64,Bank Transfer,8,Baby cot
BK001935,G01948,2025-02-15,2025-07-27,2025-07-29,Completed,Booking.com,Double,2,0,IT,Business,166.06,10,298.91,75,15,44.84,373.91,Bank Transfer,,
BK002763,G00140,2024-02-17,2024-07-04,2024-07-07,Completed,Booking.com,Double,2,0,US,Leisure,147.99,10,399.57,20,15,59.94,419.57,Bank Transfer,8,
BK000276,G02105,2025-03-01,2025-03-27,2025-03-30,Completed,Booking.com,Double,2,1,IT,Leisure,87.05,0,261.15,10,15,39.17,271.15,Bank Transfer,9,
BK001149,G01895,2025-03-01,2025-08-01,2025-08-11,Completed,Booking.com,Single,1,0,US,Leisure,98.67,15,838.7,75,15,125.81,913.7,Bank Transfer,9,
BK001655,G00970,2024-06-30,2024-07-18,2024-07-22,Completed,Booking.com,Single,1,0,US,Leisure,85.94,0,343.76,35,15,51.56,378.76,Bank Transfer,8,High floor
BK002929,G00326,2025-07-26,2025-12-19,2025-12-23,Completed,Booking.com,Single,1,0,GR,Leisure,58.52,5,222.38,10,15,33.36,232.38,Bank Transfer,10,Late arrival
BK001180,G00941,2025-10-11,2025-10-12,2025-10-17,Completed,Booking.com,Double,2,2,GR,Leisure,90.79,0,453.95,20,15,68.09,473.95,Bank Transfer,9,High floor
BK002605,G00062,2024-10-05,2025-03-14,2025-03-17,Completed,Booking.com,Suite,2,0,DE,Leisure,151.39,0,454.17,10,15,68.13,464.17,Bank Transfer,8,Quiet room
BK002228,G00383,2024-04-15,2024-06-30,2024-07-02,Completed,Booking.com,Double,2,1,NL,Leisure,153.72,10,276.7,20,15,41.51,296.7,Bank Transfer,8,Baby cot
BK000887,G02276,2024-09-27,2024-12-04,2024-12-14,Completed,Booking.com,Double,2,0,GR,Leisure,103.04,0,1030.4,75,15,154.56,1105.4,Bank Transfer,8,
BK002818,G00734,2024-08-02,2025-01-18,2025-01-21,Completed,Booking.com,Double,1,0,US,Leisure,100.71,0,302.13,0,15,45.32,302.13,Bank Transfer,,
BK002567,G00290,2024-09-02,2024-12-05,2024-12-07,Completed,Booking.com,Suite,1,0,GB,Leisure,161.72,0,323.44,20,15,48.52,343.44,Bank Transfer,,Baby cot
BK002691,G00020,2023-12-25,2024-06-02,2024-06-06,Completed,Booking.com,Suite,2,0,GR,Leisure,221.85,15,754.29,20,15,113.14,774.29,Bank Transfer,9,High floor
BK002403,G01832,2025-07-09,2025-09-22,2025-09-23,Completed,Booking.com,Double,1,0,IT,Leisure,129.96,0,129.96,50,15,19.49,179.96,Bank Transfer,7,Late arrival
BK000996,G00410,2023-11-07,2024-03-19,2024-03-23,Completed,Booking.com,Double,1,0,US,Leisure,98.29,10,353.84,20,15,53.08,373.84,Bank Transfer,9,Late arrival
BK000110,G01191,2025-08-14,2025-11-17,2025-11-19,Completed,Booking.com,Suite,2,2,FR,Leisure,157.31,5,298.89,20,15,44.83,318.89,Bank Transfer,8,
BK000560,G00693,2025-04-07,2025-04-14,2025-04-18,Completed,Booking.com,Suite,1,0,IT,Leisure,200.28,0,801.12,0,15,120.17,801.12,Bank Transfer,,
BK002712,G01207,2024-05-17,2024-07-23,2024-07-25,Completed,Booking.com,Suite,2,1,ES,Leisure,267.35,0,534.7,35,15,80.21,569.7,Bank Transfer,6,High floor
BK002110,G00469,2025-02-06,2025-07-04,2025-07-07,Completed,Booking.com,Single,1,0,ES,Leisure,100.85,5,287.42,35,15,43.11,322.42,Bank Transfer,10,
BK001741,G00241,2024-12-04,2025-04-24,2025-04-26,Completed,Booking.com,Single,1,0,IT,Leisure,60.11,15,102.19,0,15,15.33,102.19,Bank Transfer,,Late arrival
BK001074,G00141,2024-01-03,2024-03-09,2024-03-11,Completed,Booking.com,Suite,2,1,ES,Leisure,178.1,0,356.2,10,15,53.43,366.2,Bank Transfer,10,
BK001375,G01374,2025-09-04,2025-12-26,2025-12-30,Completed,Booking.com,Double,1,1,GR,Leisure,94.2,0,376.8,0,15,56.52,376.8,Bank Transfer,9,High floor
BK001768,G00454,2025-03-11,2025-05-02,2025-05-05,Completed,Booking.com,Double,1,0,FR,Leisure,106.53,5,303.61,0,15,45.54,303.61,Bank Transfer,9,
BK000016,G00789,2024-10-04,2024-10-25,2024-10-30,Completed,Booking.com,Double,2,0,IT,Leisure,95.02,0,475.1,10,15,71.27,485.1,Bank Transfer,,
BK002032,G01824,2025-09-17,2025-10-31,2025-11-07,Completed,Booking.com,Double,2,2,GR,Leisure,114.0,15,678.3,50,15,101.75,728.3,Bank Transfer,10,
BK001120,G02215,2024-12-07,2025-02-19,2025-02-23,Completed,Booking.com,Double,2,0,GB,Leisure,106.33,10,382.79,35,15,57.42,417.79,Bank Transfer,7,Late arrival
BK000788,G01794,2025-06-25,2025-08-21,2025-08-22,Completed,Direct,Double,1,0,GR,Leisure,156.27,10,140.64,20,0,0.0,160.64,Bank Transfer,6,
BK000338,G01098,2024-08-05,2025-01-04,2025-01-08,Completed,Direct,Double,2,0,ES,Business,112.69,10,405.68,35,0,0.0,440.68,Bank Transfer,,Quiet room
BK002920,G01556,2025-01-11,2025-07-06,2025-07-09,Completed,Direct,Double,1,0,DE,Leisure,148.42,0,445.26,20,0,0.0,465.26,Bank Transfer,,
BK001187,G01161,2024-05-25,2024-11-02,2024-11-08,Completed,Direct,Double,1,0,NL,Leisure,100.89,0,605.34,10,0,0.0,615.34,Bank Transfer,6,Quiet room
BK002804,G00275,2025-03-12,2025-08-30,2025-09-04,Completed,Direct,Suite,2,1,IT,Leisure,221.22,5,1050.79,20,0,0.0,1070.79,Bank Transfer,,
BK000084,G00575,2025-11-20,2025-12-07,2025-12-09,Completed,Direct,Double,1,0,US,Leisure,107.87,5,204.95,50,0,0.0,254.95,Bank Transfer,,Baby cot
BK002054,G02156,2024-01-20,2024-03-09,2024-03-13,Completed,Direct,Suite,1,0,US,Leisure,162.27,0,649.08,10,0,0.0,659.08,Bank Transfer,10,Baby cot
BK002377,G00216,2024-06-07,2024-07-16,2024-07-18,Completed,Direct,Suite,2,0,US,Leisure,272.39,0,544.78,35,0,0.0,579.78,Bank Transfer,,Baby cot
BK001879,G01790,2025-02-22,2025-07-26,2025-07-29,Completed,Direct,Double,2,0,GR,Leisure,156.01,5,444.63,10,0,0.0,454.63,Bank Transfer,7,Late arrival
BK000501,G02306,2024-07-01,2024-09-20,2024-09-22,Completed,Direct,Double,1,0,DE,Leisure,127.3,0,254.6,75,0,0.0,329.6,Bank Transfer,10,Late arrival
BK000841,G00632,2024-08-28,2024-09-30,2024-10-04,Completed,Direct,Suite,2,0,FR,Leisure,241.05,0,964.2,50,0,0.0,1014.2,Bank Transfer,7,Baby cot
BK002103,G01585,2025-09-03,2025-09-07,2025-09-09,Completed,Direct,Suite,2,0,NL,Leisure,275.99,0,551.98,75,0,0.0,626.98,Bank Transfer,7,
BK001391,G01169,2024-02-09,2024-03-05,2024-03-10,Completed,Direct,Double,2,1,GB,Leisure,105.97,0,529.85,35,0,0.0,564.85,Bank Transfer,,Late arrival
BK002435,G01330,2025-03-13,2025-05-29,2025-06-01,Completed,Direct,Single,1,0,DE,Business,67.37,0,202.11,10,0,0.0,212.11,Bank Transfer,9,Late arrival
BK000476,G01525,2024-04-27,2024-07-19,2024-07-26,Completed,Direct,Double,2,0,GR,Leisure,124.25,0,869.75,10,0,0.0,879.75,Bank Transfer,7,Quiet room
BK001167,G01553,2024-09-02,2025-02-20,2025-02-23,Completed,Direct,Suite,1,0,GR,Business,181.78,0,545.34,75,0,0.0,620.34,Bank Transfer,9,Quiet room
BK001002,G00515,2025-02-28,2025-06-09,2025-06-12,Completed,Direct,Double,1,0,GR,Leisure,148.3,10,400.41,75,0,0.0,475.41,Bank Transfer,,High floor
BK001933,G01408,2025-06-21,2025-08-29,2025-09-02,Completed,Direct,Single,1,0,GR,Leisure,82.12,15,279.21,50,0,0.0,329.21,Bank Transfer,9,
BK001249,G00503,2025-06-14,2025-07-31,2025-08-02,Completed,Direct,Suite,1,0,GR,Leisure,266.53,5,506.41,10,0,0.0,516.41,Bank Transfer,,Quiet room
BK002854,G01948,2025-07-10,2025-08-28,2025-08-30,Completed,Direct,Double,1,0,GR,Leisure,132.18,15,224.71,0,0,0.0,224.71,Bank Transfer,,High floor
BK001839,G01306,2024-06-18,2024-08-18,2024-08-22,Completed,Direct,Double,2,0,FR,Leisure,130.35,10,469.26,35,0,0.0,504.26,Bank Transfer,,Baby cot
BK001126,G00194,2024-12-10,2025-04-06,2025-04-08,Completed,Direct,Suite,1,0,GR,Leisure,201.22,0,402.44,50,0,0.0,452.44,Bank Transfer,,
BK001661,G00807,2024-08-22,2024-08-28,2024-08-31,Completed,Direct,Single,1,0,US,Leisure,81.19,0,243.57,50,0,0.0,293.57,Bank Transfer,,High floor
BK002283,G00719,2024-09-23,2024-11-20,2024-11-23,Completed,Direct,Suite,2,0,DE,Leisure,151.93,10,410.21,75,0,0.0,485.21,Bank Transfer,8,Quiet room
BK001395,G00286,2024-12-10,2025-06-03,2025-06-05,Completed,Direct,Double,2,0,GR,Leisure,148.34,0,296.68,0,0,0.0,296.68,Bank Transfer,,
BK001132,G01678,2023-10-26,2024-03-04,2024-03-05,Completed,Direct,Double,1,1,GB,Leisure,104.13,0,104.13,0,0,0.0,104.13,Bank Transfer,,Baby cot
BK000223,G01826,2024-04-01,2024-06-07,2024-06-12,Completed,Direct,Double,2,0,FR,Leisure,141.94,0,709.7,0,0,0.0,709.7,Bank Transfer,9,High floor
BK002600,G01553,2025-01-21,2025-06-06,2025-06-09,Completed,Direct,Double,1,0,GB,Leisure,148.02,0,444.06,0,0,0.0,444.06,Bank Transfer,10,High floor
BK000905,G00254,2025-07-06,2025-08-22,2025-08-24,Completed,Direct,Double,2,0,FR,Leisure,150.82,0,301.64,10,0,0.0,311.64,Bank Transfer,8,Quiet room
BK002083,G02261,2025-07-08,2025-11-29,2025-12-01,Completed,Direct,Suite,1,0,GR,Business,184.63,0,369.26,0,0,0.0,369.26,Bank Transfer,9,Quiet room
BK000307,G01935,2024-07-14,2024-12-15,2024-12-18,Completed,Direct,Suite,1,0,IT,Leisure,150.02,10,405.05,0,0,0.0,405.05,Bank Transfer,,
BK000138,G00951,2025-02-05,2025-06-27,2025-07-04,Completed,Direct,Double,2,0,DE,Leisure,140.35,5,933.33,35,0,0.0,968.33,Bank Transfer,9,
BK001577,G01741,2024-01-02,2024-06-21,2024-06-28,Completed,Direct,Double,2,0,GR,Leisure,138.63,10,873.37,75,0,0.0,948.37,Bank Transfer,,High floor
BK001537,G02112,2024-11-20,2025-05-14,2025-05-19,Completed,Direct,Double,2,0,ES,Leisure,105.37,0,526.85,10,0,0.0,536.85,Bank Transfer,8,Late arrival
BK001224,G01592,2024-03-29,2024-06-21,2024-06-25,Completed,Direct,Double,1,0,DE,Leisure,146.17,10,526.21,0,0,0.0,526.21,Bank Transfer,,Quiet room
BK002870,G01730,2024-04-11,2024-08-15,2024-08-20,Completed,Direct,Double,2,0,FR,Leisure,158.22,0,791.1,0,0,0.0,791.1,Bank Transfer,,Quiet room
BK001393,G00085,2025-02-07,2025-07-14,2025-07-20,Completed,Direct,Double,2,0,GR,Leisure,152.88,0,917.28,75,0,0.0,992.28,Bank Transfer,10,Quiet room
BK000876,G01022,2024-02-07,2024-07-07,2024-07-11,Completed,Direct,Double,2,0,DE,Leisure,150.91,0,603.64,75,0,0.0,678.64,Bank Transfer,,Late arrival
BK002706,G00116,2025-03-10,2025-06-14,2025-06-18,Completed,Direct,Single,1,0,GB,Leisure,87.4,10,314.64,0,0,0.0,314.64,Bank Transfer,9,High floor
BK001558,G01266,2024-08-07,2024-08-21,2024-08-23,Completed,Direct,Double,2,0,GB,Leisure,166.72,0,333.44,75,0,0.0,408.44,Bank Transfer,9,Baby cot
BK002694,G01503,2024-02-19,2024-07-27,2024-07-31,Completed,Direct,Double,2,0,ES,Leisure,141.38,10,508.97,75,0,0.0,583.97,Bank Transfer,,
BK000412,G01580,2024-09-16,2025-02-23,2025-02-28,Completed,Direct,Single,1,0,DE,Leisure,62.32,0,311.6,75,0,0.0,386.6,Bank Transfer,10,High floor
BK000161,G00142,2024-12-30,2025-05-05,2025-05-11,Completed,Direct,Double,2,0,IT,Leisure,100.91,0,605.46,20,0,0.0,625.46,Bank Transfer,10,High floor
BK002043,G02106,2024-05-12,2024-08-25,2024-08-27,Completed,Direct,Double,2,0,GR,Leisure,128.16,5,243.5,75,0,0.0,318.5,Bank Transfer,,High floor
BK002419,G01754,2024-11-23,2025-02-04,2025-02-06,Completed,Direct,Double,1,0,GR,Business,99.86,0,199.72,75,0,0.0,274.72,Bank Transfer,9,Quiet room
BK002124,G00403,2025-06-01,2025-07-08,2025-07-12,Completed,Direct,Suite,2,0,GB,Leisure,217.34,0,869.36,35,0,0.0,904.36,Bank Transfer,9,Late arrival
BK000795,G00751,2025-09-11,2025-11-30,2025-12-03,Completed,Direct,Double,1,0,IT,Leisure,88.5,0,265.5,75,0,0.0,340.5,Bank Transfer,,Baby cot
BK002048,G00733,2024-10-31,2024-11-02,2024-11-03,Completed,Direct,Double,1,0,GR,Leisure,112.31,10,101.08,0,0,0.0,101.08,Bank Transfer,9,Quiet room
BK001773,G02258,2024-06-05,2024-09-11,2024-09-18,Completed,Direct,Double,2,1,GB,Leisure,135.99,15,809.14,10,0,0.0,819.14,Bank Transfer,9,High floor
BK002862,G02349,2024-06-17,2024-11-08,2024-11-12,Completed,Direct,Double,1,0,GR,Leisure,100.82,5,383.12,0,0,0.0,383.12,Bank Transfer,,Quiet room
BK001407,G00297,2023-11-04,2024-01-08,2024-01-10,Completed,Direct,Double,1,0,DE,Leisure,102.79,0,205.58,20,0,0.0,225.58,Bank Transfer,,Baby cot
BK002187,G02106,2024-04-30,2024-08-18,2024-08-20,Completed,Direct,Suite,2,0,DE,Leisure,233.23,0,466.46,20,0,0.0,486.46,Bank Transfer,8,Late arrival
BK000103,G00272,2024-11-12,2025-03-12,2025-03-17,Completed,Direct,Single,1,0,DE,Business,68.4,0,342.0,0,0,0.0,342.0,Bank Transfer,,
BK000034,G01363,2025-03-04,2025-03-26,2025-03-28,Completed,Direct,Single,1,0,ES,Leisure,56.07,10,100.93,0,0,0.0,100.93,Bank Transfer,,Baby cot
BK000689,G02014,2024-04-16,2024-10-01,2024-10-05,Completed,Direct,Double,1,0,GR,Leisure,102.95,10,370.62,0,0,0.0,370.62,Bank Transfer,10,Late arrival
BK002058,G01588,2024-04-17,2024-05-03,2024-05-07,Completed,Direct,Single,1,0,ES,Leisure,69.13,0,276.52,0,0,0.0,276.52,Bank Transfer,9,Quiet room
BK000868,G01982,2024-04-10,2024-06-13,2024-06-15,Completed,Direct,Double,2,0,FR,Leisure,126.14,0,252.28,75,0,0.0,327.28,Bank Transfer,,
BK002500,G01723,2023-12-09,2024-05-30,2024-06-06,Completed,Direct,Suite,1,1,FR,Leisure,174.36,0,1220.52,20,0,0.0,1240.52,Bank Transfer,8,
BK002622,G02336,2025-08-08,2025-09-03,2025-09-13,Completed,Direct,Single,1,0,GR,Leisure,105.85,0,1058.5,50,0,0.0,1108.5,Bank Transfer,8,Baby cot
BK000630,G01725,2024-06-20,2024-07-11,2024-07-17,Completed,Direct,Single,1,0,GR,Leisure,101.69,10,549.13,50,0,0.0,599.13,Bank Transfer,10,
BK000437,G02293,2024-03-05,2024-08-17,2024-08-27,Completed,Direct,Single,1,0,NL,Leisure,90.88,0,908.8,0,0,0.0,908.8,Bank Transfer,,
BK002378,G01843,2025-03-21,2025-07-18,2025-07-20,Completed,Direct,Single,1,0,US,Business,84.25,10,151.65,10,0,0.0,161.65,Bank Transfer,7,
BK001728,G02366,2024-04-15,2024-09-14,2024-09-21,Completed,Direct,Single,1,0,GB,Leisure,88.54,0,619.78,35,0,0.0,654.78,Bank Transfer,8,Late arrival
BK002587,G00707,2025-06-22,2025-12-12,2025-12-15,Completed,Direct,Double,1,0,GB,Leisure,104.29,0,312.87,0,0,0.0,312.87,Bank Transfer,10,
BK002273,G00820,2025-08-06,2025-08-23,2025-08-30,Completed,Direct,Suite,1,1,GR,Leisure,218.77,0,1531.39,10,0,0.0,1541.39,Bank Transfer,9,
BK000637,G01929,2025-05-12,2025-06-25,2025-06-26,Completed,Direct,Double,2,0,FR,Leisure,158.69,0,158.69,0,0,0.0,158.69,Bank Transfer,,Late arrival
BK000293,G01991,2025-03-15,2025-08-26,2025-08-30,Completed,Direct,Double,2,0,GR,Leisure,152.71,0,610.84,35,0,0.0,645.84,Bank Transfer,,High floor
BK001524,G01477,2025-05-11,2025-09-01,2025-09-06,Completed,Direct,Double,1,0,IT,Leisure,153.68,0,768.4,10,0,0.0,778.4,Bank Transfer,10,High floor
BK000136,G01561,2023-12-13,2024-04-28,2024-05-03,Completed,Direct,Double,1,0,GB,Leisure,104.49,0,522.45,35,0,0.0,557.45,Bank Transfer,10,Baby cot
BK001717,G00302,2024-07-14,2024-09-29,2024-10-05,Completed,Direct,Single,1,0,IT,Leisure,108.35,0,650.1,20,0,0.0,670.1,Bank Transfer,9,Baby cot
BK001268,G00047,2023-09-27,2024-01-17,2024-01-20,Completed,Direct,Single,1,0,GB,Leisure,62.3,10,168.21,50,0,0.0,218.21,Bank Transfer,7,
BK000082,G00760,2023-08-15,2024-01-19,2024-01-20,Completed,Direct,Double,2,0,GR,Leisure,85.89,5,81.6,0,0,0.0,81.6,Bank Transfer,10,High floor
BK002667,G01747,2025-04-21,2025-07-25,2025-08-04,Completed,Direct,Double,2,0,GR,Leisure,140.09,5,1330.86,0,0,0.0,1330.86,Bank Transfer,,
BK001196,G01800,2024-12-20,2025-04-11,2025-04-15,Completed,Direct,Double,1,0,FR,Leisure,96.86,0,387.44,35,0,0.0,422.44,Bank Transfer,,Late arrival
BK002931,G02399,2024-09-27,2025-02-09,2025-02-12,Completed,Direct,Double,1,2,GR,Leisure,89.71,0,269.13,10,0,0.0,279.13,Bank Transfer,8,
BK002660,G00509,2024-02-19,2024-07-18,2024-07-21,Completed,Direct,Suite,2,1,FR,Leisure,243.1,0,729.3,0,0,0.0,729.3,Bank Transfer,9,Baby cot
BK001507,G01229,2024-06-23,2024-08-20,2024-08-24,Completed,Direct,Suite,1,1,GR,Business,268.55,0,1074.2,75,0,0.0,1149.2,Bank Transfer,8,Late arrival
BK000419,G01554,2024-03-19,2024-06-14,2024-06-16,Completed,Direct,Double,1,0,GR,Business,129.33,0,258.66,0,0,0.0,258.66,Bank Transfer,9,Baby cot
BK000199,G01192,2024-03-20,2024-03-28,2024-04-02,Completed,Direct,Double,2,1,GR,Leisure,110.01,10,495.05,75,0,0.0,570.05,Bank Transfer,,
BK000158,G00397,2024-07-07,2024-08-03,2024-08-05,Completed,Direct,Suite,1,1,GR,Business,284.26,10,511.67,10,0,0.0,521.67,Bank Transfer,,Baby cot
BK000984,G00070,2024-02-26,2024-06-21,2024-07-01,Completed,Direct,Double,1,0,GR,Business,128.05,5,1216.48,20,0,0.0,1236.48,Bank Transfer,9,
BK002471,G01821,2025-03-16,2025-08-04,2025-08-05,Completed,Direct,Double,1,0,GR,Leisure,165.69,0,165.69,35,0,0.0,200.69,Bank Transfer,10,Late arrival
BK002529,G02004,2025-08-12,2025-09-21,2025-09-24,Completed,Direct,Double,1,1,ES,Leisure,139.28,10,376.06,0,0,0.0,376.06,Bank Transfer,,High floor
BK000251,G01107,2024-02-03,2024-07-22,2024-07-23,Completed,Direct,Suite,2,0,NL,Leisure,270.23,0,270.23,0,0,0.0,270.23,Bank Transfer,,
BK002639,G00363,2025-03-23,2025-06-07,2025-06-09,Completed,Direct,Single,1,0,GR,Leisure,100.12,0,200.24,0,0,0.0,200.24,Bank Transfer,10,Quiet room
BK001546,G01766,2024-05-24,2024-07-14,2024-07-17,Completed,Direct,Double,1,0,DE,Leisure,126.02,0,378.06,20,0,0.0,398.06,Bank Transfer,9,High floor
BK000544,G01932,2025-08-07,2025-11-02,2025-11-05,Completed,Direct,Suite,1,0,GB,Business,151.53,5,431.86,0,0,0.0,431.86,Bank Transfer,,Late arrival
BK000811,G01291,2024-03-29,2024-09-09,2024-09-13,Completed,Direct,Double,1,1,DE,Leisure,156.88,10,564.77,20,0,0.0,584.77,Bank Transfer,10,
BK000327,G00567,2024-05-02,2024-05-17,2024-05-18,Completed,Direct,Single,1,0,US,Leisure,57.67,0,57.67,75,0,0.0,132.67,Bank Transfer,10,High floor
BK001683,G01438,2024-09-30,2024-11-04,2024-11-07,Completed,Direct,Suite,1,1,FR,Leisure,200.59,5,571.68,20,0,0.0,591.68,Bank Transfer,8,Quiet room
BK001950,G01217,2025-07-18,2025-08-26,2025-08-27,Completed,Direct,Double,2,0,GB,Leisure,159.32,0,159.32,10,0,0.0,169.32,Bank Transfer,,Baby cot
BK000177,G01021,2025-03-15,2025-08-06,2025-08-12,Completed,Direct,Suite,2,0,GB,Leisure,217.62,0,1305.72,20,0,0.0,1325.72,Bank Transfer,8,
BK001704,G01416,2025-02-14,2025-02-28,2025-03-02,Completed,Direct,Double,1,0,IT,Leisure,94.43,0,188.86,0,0,0.0,188.86,Bank Transfer,10,High floor
BK000204,G01005,2025-07-17,2025-08-16,2025-08-18,Completed,Direct,Double,2,0,GR,Business,158.44,5,301.04,0,0,0.0,301.04,Bank Transfer,9,High floor
BK002071,G02175,2025-06-22,2025-07-22,2025-07-25,Completed,Direct,Double,1,2,GB,Leisure,165.71,5,472.27,35,0,0.0,507.27,Bank Transfer,6,High floor
BK001298,G00162,2024-06-24,2024-08-14,2024-08-17,Completed,Direct,Double,1,0,GB,Leisure,134.45,10,363.02,10,0,0.0,373.02,Bank Transfer,8,
BK002033,G00668,2024-06-24,2024-08-31,2024-09-03,Completed,Direct,Double,1,0,GR,Leisure,140.8,0,422.4,10,0,0.0,432.4,Bank Transfer,10,Late arrival
BK000683,G02201,2024-12-05,2025-06-02,2025-06-06,Completed,Direct,Single,1,0,GB,Leisure,85.2,5,323.76,10,0,0.0,333.76,Bank Transfer,,Quiet room
BK002440,G02133,2024-07-09,2024-08-24,2024-08-26,Completed,Direct,Double,1,0,GR,Leisure,147.46,0,294.92,0,0,0.0,294.92,Bank Transfer,10,
BK001978,G01533,2024-10-17,2025-04-05,2025-04-11,Completed,Direct,Double,2,0,GB,Leisure,93.16,5,531.01,50,0,0.0,581.01,Bank Transfer,,Late arrival
BK000938,G00880,2024-06-20,2024-07-18,2024-07-20,Completed,Direct,Double,1,0,DE,Leisure,164.77,5,313.06,0,0,0.0,313.06,Bank Transfer,,
BK001667,G01682,2024-08-30,2024-10-20,2024-10-23,Completed,Direct,Double,2,0,IT,Leisure,88.98,10,240.25,0,0,0.0,240.25,Bank Transfer,,Late arrival
BK002820,G01021,2024-02-16,2024-05-17,2024-05-23,Completed,Direct,Single,1,0,GR,Leisure,64.15,0,384.9,0,0,0.0,384.9,Bank Transfer,9,Baby cot
BK002450,G00677,2024-03-23,2024-06-29,2024-07-02,Completed,Direct,Double,1,2,GR,Leisure,159.36,5,454.18,0,0,0.0,454.18,Bank Transfer,7,
BK001949,G02354,2024-06-23,2024-08-06,2024-08-13,Completed,Direct,Double,2,0,IT,Leisure,147.24,0,1030.68,75,0,0.0,1105.68,Bank Transfer,10,
BK001743,G01407,2025-03-14,2025-06-20,2025-06-22,Completed,Direct,Double,2,0,US,Leisure,134.59,0,269.18,20,0,0.0,289.18,Bank Transfer,10,High floor
BK000279,G00723,2024-03-24,2024-09-05,2024-09-06,Completed,Direct,Single,1,0,DE,Leisure,89.57,5,85.09,35,0,0.0,120.09,Bank Transfer,8,Quiet room
BK000658,G00737,2025-09-05,2025-10-05,2025-10-07,Completed,Direct,Single,1,0,ES,Leisure,61.77,0,123.54,10,0,0.0,133.54,Bank Transfer,10,Baby cot
BK000571,G01291,2025-06-02,2025-08-16,2025-08-18,Completed,Direct,Double,1,0,FR,Business,138.0,0,276.0,0,0,0.0,276.0,Bank Transfer,9,High floor
BK001330,G02055,2023-10-29,2024-02-28,2024-03-02,Completed,Direct,Single,1,0,GB,Leisure,69.5,10,187.65,75,0,0.0,262.65,Bank Transfer,6,
BK002913,G02370,2023-11-28,2024-02-11,2024-02-14,Completed,Direct,Double,1,0,IT,Leisure,86.81,0,260.43,0,0,0.0,260.43,Bank Transfer,,High floor
BK000487,G00400,2025-05-04,2025-09-22,2025-09-24,Completed,Direct,Single,1,0,GR,Leisure,107.51,0,215.02,20,0,0.0,235.02,Bank Transfer,9,High floor
BK000690,G01342,2024-05-15,2024-05-22,2024-05-25,Completed,Direct,Double,1,0,DE,Leisure,95.71,0,287.13,20,0,0.0,307.13,Bank Transfer,,High floor
BK000402,G00512,2025-03-01,2025-06-10,2025-06-15,Completed,Direct,Double,2,1,IT,Leisure,156.19,0,780.95,0,0,0.0,780.95,Bank Transfer,8,Quiet room
BK002127,G00877,2024-06-19,2024-06-21,2024-06-28,Completed,Direct,Double,2,0,GB,Leisure,137.77,0,964.39,35,0,0.0,999.39,Bank Transfer,7,
BK001486,G00448,2024-12-30,2025-03-11,2025-03-15,Completed,Direct,Single,1,0,NL,Leisure,57.14,0,228.56,10,0,0.0,238.56,Bank Transfer,,
BK001059,G01697,2024-11-29,2025-04-02,2025-04-05,Completed,Direct,Double,1,0,GB,Leisure,108.19,0,324.57,35,0,0.0,359.57,Bank Transfer,7,Baby cot
BK000227,G01056,2024-04-20,2024-07-26,2024-07-31,Completed,Direct,Single,1,0,GR,Leisure,82.27,0,411.35,0,0,0.0,411.35,Bank Transfer,,Late arrival
BK001405,G01725,2024-07-19,2025-01-14,2025-01-21,Completed,Direct,Double,1,0,IT,Business,97.69,0,683.83,10,0,0.0,693.83,Bank Transfer,8,Baby cot
BK002133,G00812,2024-12-27,2025-01-24,2025-02-03,Completed,Direct,Double,2,0,GR,Leisure,104.38,0,1043.8,0,0,0.0,1043.8,Bank Transfer,8,Quiet room
BK000427,G00474,2025-03-28,2025-06-22,2025-06-25,Completed,Direct,Suite,2,0,GR,Leisure,272.7,0,818.1,35,0,0.0,853.1,Bank Transfer,,High floor
BK000592,G01379,2025-05-14,2025-07-21,2025-07-23,Completed,Direct,Suite,2,0,DE,Leisure,288.09,0,576.18,35,0,0.0,611.18,Bank Transfer,5,Quiet room
BK001622,G01148,2024-03-05,2024-06-09,2024-06-13,Completed,Direct,Double,1,0,IT,Leisure,147.47,0,589.88,50,0,0.0,639.88,Bank Transfer,10,
BK000244,G00819,2024-05-27,2024-08-17,2024-08-19,Completed,Direct,Single,1,0,GR,Leisure,98.0,0,196.0,50,0,0.0,246.0,Bank Transfer,7,Late arrival
BK001539,G00943,2024-05-01,2024-09-15,2024-09-19,Completed,Direct,Suite,1,1,DE,Leisure,219.69,0,878.76,50,0,0.0,928.76,Bank Transfer,9,
BK000306,G00136,2024-04-27,2024-06-28,2024-07-02,Completed,Direct,Double,2,1,FR,Leisure,128.68,0,514.72,0,0,0.0,514.72,Bank Transfer,,High floor
BK000089,G01028,2024-10-01,2025-01-24,2025-01-27,Completed,Direct,Double,1,0,DE,Leisure,98.97,0,296.91,0,0,0.0,296.91,Bank Transfer,,Baby cot
BK001645,G01805,2023-12-29,2024-05-31,2024-06-03,Completed,Direct,Double,1,0,DE,Business,111.04,0,333.12,75,0,0.0,408.12,Bank Transfer,10,
BK001711,G02078,2023-11-26,2024-04-20,2024-04-26,Completed,Direct,Suite,1,0,GR,Leisure,171.41,10,925.61,35,0,0.0,960.61,Bank Transfer,9,Baby cot
BK001891,G01065,2023-09-20,2024-02-29,2024-03-02,Completed,Direct,Double,1,0,GB,Leisure,111.7,0,223.4,35,0,0.0,258.4,Bank Transfer,9,High floor
BK002914,G00030,2023-09-30,2024-01-19,2024-01-23,Completed,Direct,Double,1,1,GR,Leisure,107.3,0,429.2,35,0,0.0,464.2,Bank Transfer,8,Late arrival
BK001316,G00356,2025-02-20,2025-05-24,2025-05-27,Completed,Direct,Double,2,1,GR,Leisure,102.61,0,307.83,50,0,0.0,357.83,Bank Transfer,9,
BK001701,G01945,2024-06-19,2024-08-21,2024-08-26,Completed,Direct,Double,1,0,DE,Leisure,155.08,0,775.4,75,0,0.0,850.4,Bank Transfer,10,High floor
BK002945,G01968,2025-03-23,2025-06-30,2025-07-03,Completed,Direct,Double,1,1,GB,Leisure,142.78,0,428.34,50,0,0.0,478.34,Bank Transfer,10,High floor
BK002560,G00250,2025-02-26,2025-06-21,2025-06-24,Completed,Direct,Suite,1,0,US,Leisure,252.12,0,756.36,0,0,0.0,756.36,Bank Transfer,,
BK000150,G00409,2024-03-24,2024-07-21,2024-07-28,Completed,Direct,Suite,1,0,GB,Leisure,234.49,10,1477.29,10,0,0.0,1487.29,Bank Transfer,9,Quiet room
BK001550,G02130,2024-12-12,2025-05-20,2025-05-23,Completed,Direct,Double,1,0,DE,Leisure,87.05,0,261.15,10,0,0.0,271.15,Bank Transfer,10,Late arrival
BK000666,G01672,2025-03-13,2025-05-23,2025-05-26,Completed,Direct,Double,1,0,GB,Leisure,102.03,0,306.09,50,0,0.0,356.09,Bank Transfer,9,Baby cot
BK000466,G02275,2024-03-30,2024-08-26,2024-08-28,Completed,Direct,Double,2,1,DE,Leisure,130.97,0,261.94,75,0,0.0,336.94,Bank Transfer,8,Late arrival
BK001890,G00208,2023-08-28,2024-01-25,2024-01-27,Completed,Direct,Single,1,0,GR,Leisure,56.88,0,113.76,50,0,0.0,163.76,Bank Transfer,6,Baby cot
BK002764,G02244,2024-07-09,2024-10-24,2024-11-03,Completed,Direct,Double,2,0,GR,Leisure,96.44,10,867.96,0,0,0.0,867.96,Bank Transfer,,Late arrival
BK002530,G01888,2023-11-18,2024-04-12,2024-04-14,Completed,Direct,Double,2,0,FR,Leisure,104.08,5,197.75,75,0,0.0,272.75,Bank Transfer,9,
BK001638,G02158,2025-08-25,2025-09-07,2025-09-10,Completed,Direct,Double,2,0,GR,Leisure,145.62,5,415.02,0,0,0.0,415.02,Bank Transfer,,Baby cot
BK000965,G00100,2024-07-31,2024-09-25,2024-10-02,Completed,Direct,Single,1,0,FR,Business,83.53,10,526.24,75,0,0.0,601.24,Bank Transfer,9,Quiet room
BK000396,G01087,2023-11-03,2024-04-01,2024-04-03,Completed,Direct,Double,2,1,US,Leisure,95.8,0,191.6,20,0,0.0,211.6,Bank Transfer,,Baby cot
BK002265,G01008,2024-01-05,2024-02-25,2024-02-29,Completed,Direct,Suite,2,0,DE,Leisure,194.07,10,698.65,75,0,0.0,773.65,Bank Transfer,,Baby cot
BK002012,G02363,2025-09-18,2025-12-21,2025-12-24,Completed,Direct,Double,1,0,FR,Leisure,89.11,0,267.33,50,0,0.0,317.33,Bank Transfer,6,
BK002061,G01211,2025-07-09,2025-08-14,2025-08-17,Completed,Direct,Double,1,1,DE,Leisure,128.73,0,386.19,50,0,0.0,436.19,Bank Transfer,,Late arrival
BK001371,G01731,2024-06-08,2024-08-21,2024-08-23,Completed,Direct,Suite,2,0,NL,Leisure,230.96,15,392.63,35,0,0.0,427.63,Bank Transfer,,Baby cot
BK001540,G01017,2024-08-18,2024-08-27,2024-08-30,Completed,Direct,Double,2,1,IT,Leisure,128.02,5,364.86,0,0,0.0,364.86,Bank Transfer,8,
BK000418,G01624,2023-07-23,2024-01-11,2024-01-15,Completed,Direct,Double,1,0,FR,Leisure,103.36,10,372.1,0,0,0.0,372.1,Bank Transfer,8,
BK000523,G00580,2025-04-13,2025-06-26,2025-06-29,Completed,Direct,Suite,1,0,DE,Leisure,288.05,0,864.15,0,0,0.0,864.15,Bank Transfer,8,
BK002464,G00054,2024-01-21,2024-01-30,2024-02-09,Completed,Direct,Double,2,0,FR,Leisure,89.95,0,899.5,50,0,0.0,949.5,Bank Transfer,10,Quiet room
BK002601,G00863,2024-05-12,2024-08-27,2024-08-30,Completed,Direct,Double,2,0,GR,Business,123.34,0,370.02,0,0,0.0,370.02,Bank Transfer,10,Baby cot
BK001172,G01854,2024-12-02,2025-05-06,2025-05-16,Completed,Direct,Suite,2,0,GB,Business,186.13,0,1861.3,0,0,0.0,1861.3,Bank Transfer,9,Late arrival
BK001814,G01801,2023-09-27,2024-03-06,2024-03-12,Completed,Direct,Suite,2,0,GR,Leisure,196.38,0,1178.28,10,0,0.0,1188.28,Bank Transfer,8,High floor
BK001021,G02118,2024-12-09,2024-12-22,2024-12-23,Completed,Direct,Double,1,0,IT,Leisure,86.83,15,73.81,10,0,0.0,83.81,Bank Transfer,5,High floor
BK002138,G02293,2024-10-05,2024-11-10,2024-11-20,Completed,Direct,Double,2,1,GB,Leisure,113.43,0,1134.3,50,0,0.0,1184.3,Bank Transfer,,
BK001131,G00355,2024-03-17,2024-05-23,2024-05-27,Completed,Direct,Single,1,0,DE,Leisure,55.85,0,223.4,20,0,0.0,243.4,Bank Transfer,6,Late arrival
BK002729,G01386,2025-03-27,2025-06-22,2025-06-24,Completed,Direct,Double,2,0,GR,Leisure,164.93,0,329.86,10,0,0.0,339.86,Bank Transfer,10,High floor
BK000439,G02294,2024-07-23,2025-01-17,2025-01-20,Completed,Direct,Double,1,0,DE,Business,108.77,10,293.68,20,0,0.0,313.68,Bank Transfer,,
BK000162,G02256,2025-04-16,2025-05-15,2025-05-20,Completed,Direct,Double,1,0,GR,Leisure,92.87,0,464.35,20,0,0.0,484.35,Bank Transfer,8,
BK002088,G02190,2024-09-03,2024-10-10,2024-10-11,Completed,Direct,Double,1,0,GR,Leisure,91.01,0,91.01,0,0,0.0,91.01,Bank Transfer,,Quiet room
BK001337,G00130,2024-02-03,2024-04-25,2024-04-28,Completed,Direct,Suite,2,0,DE,Leisure,187.77,0,563.31,75,0,0.0,638.31,Bank Transfer,8,
BK001500,G01856,2024-03-02,2024-06-16,2024-06-20,Completed,Direct,Double,2,1,IT,Leisure,134.16,5,509.81,50,0,0.0,559.81,Bank Transfer,10,
BK001098,G01494,2024-05-04,2024-08-20,2024-08-24,Completed,Direct,Double,2,2,NL,Leisure,135.05,0,540.2,50,0,0.0,590.2,Bank Transfer,8,
BK002340,G02150,2025-06-05,2025-06-20,2025-06-25,Completed,Direct,Double,1,0,GB,Business,155.68,5,739.48,75,0,0.0,814.48,Bank Transfer,,Baby cot
BK000265,G00517,2025-07-01,2025-08-15,2025-08-17,Completed,Direct,Double,2,0,DE,Leisure,140.96,0,281.92,50,0,0.0,331.92,Bank Transfer,9,
BK000185,G00917,2023-10-12,2024-02-09,2024-02-12,Completed,Direct,Single,1,0,DE,Leisure,58.24,0,174.72,75,0,0.0,249.72,Bank Transfer,10,High floor
BK000774,G01303,2024-08-30,2024-10-10,2024-10-13,Completed,Direct,Double,2,0,FR,Leisure,110.04,10,297.11,75,0,0.0,372.11,Bank Transfer,9,Baby cot
BK002234,G00497,2024-07-29,2025-01-18,2025-01-23,Completed,Direct,Single,1,0,GB,Leisure,55.45,10,249.53,50,0,0.0,299.53,Bank Transfer,10,Quiet room
BK001851,G01610,2025-07-04,2025-12-26,2025-12-29,Completed,Direct,Double,1,2,GB,Leisure,109.86,0,329.58,20,0,0.0,349.58,Bank Transfer,7,Late arrival
BK002407,G00753,2025-03-27,2025-04-10,2025-04-13,Completed,Direct,Double,1,0,US,Leisure,87.52,0,262.56,10,0,0.0,272.56,Bank Transfer,8,
BK002356,G00722,2024-01-28,2024-02-09,2024-02-19,Completed,Direct,Single,1,0,GB,Leisure,71.4,0,714.0,75,0,0.0,789.0,Bank Transfer,,Late arrival
BK002337,G01836,2024-11-12,2024-12-28,2024-12-31,Completed,Direct,Double,2,0,US,Business,114.98,0,344.94,10,0,0.0,354.94,Bank Transfer,,
BK001324,G00592,2024-04-08,2024-04-10,2024-04-16,Completed,Direct,Double,1,0,US,Leisure,91.55,0,549.3,20,0,0.0,569.3,Bank Transfer,6,
BK002724,G01262,2025-09-08,2025-10-23,2025-10-27,Completed,Direct,Double,2,0,GR,Leisure,90.53,0,362.12,0,0,0.0,362.12,Bank Transfer,10,Baby cot
BK001643,G00641,2024-03-14,2024-07-14,2024-07-24,Completed,Direct,Suite,2,0,GR,Business,258.85,0,2588.5,0,0,0.0,2588.5,Bank Transfer,8,High floor
BK002980,G01167,2024-10-20,2024-11-09,2024-11-12,Completed,Direct,Single,1,0,ES,Leisure,63.87,15,162.87,35,0,0.0,197.87,Bank Transfer,8,High floor
BK001095,G00754,2025-09-12,2025-10-26,2025-10-29,Completed,Direct,Double,2,0,GR,Leisure,87.15,0,261.45,20,0,0.0,281.45,Bank Transfer,9,Quiet room
BK000529,G01852,2025-04-03,2025-07-19,2025-07-22,Completed,Direct,Single,1,0,NL,Business,88.25,0,264.75,50,0,0.0,314.75,Bank Transfer,,
BK000962,G00263,2024-05-13,2024-09-20,2024-09-26,Completed,Direct,Single,1,0,GR,Leisure,102.74,10,554.8,10,0,0.0,564.8,Bank Transfer,8,Baby cot
BK002903,G01629,2024-03-20,2024-03-30,2024-04-05,Completed,Direct,Suite,2,0,IT,Business,158.77,0,952.62,20,0,0.0,972.62,Bank Transfer,8,Quiet room
BK001967,G01319,2025-01-25,2025-01-27,2025-01-31,Completed,Direct,Suite,1,0,IT,Business,178.94,10,644.18,75,0,0.0,719.18,Bank Transfer,,Quiet room
BK001647,G02157,2024-06-04,2024-09-05,2024-09-12,Completed,Direct,Double,2,0,GR,Business,138.97,10,875.51,35,0,0.0,910.51,Bank Transfer,,
BK002422,G00403,2024-06-25,2024-09-09,2024-09-11,Completed,Direct,Double,2,0,DE,Leisure,154.03,0,308.06,0,0,0.0,308.06,Bank Transfer,10,
BK002220,G01128,2024-10-04,2024-10-14,2024-10-16,Completed,Direct,Double,1,0,GB,Leisure,103.81,0,207.62,10,0,0.0,217.62,Bank Transfer,,
BK000845,G01540,2024-09-03,2025-01-23,2025-01-25,Completed,Direct,Double,2,0,NL,Leisure,106.25,5,201.88,50,0,0.0,251.88,Bank Transfer,,
BK000572,G01391,2023-10-07,2024-01-31,2024-02-03,Completed,Direct,Single,1,0,GB,Leisure,63.93,10,172.61,35,0,0.0,207.61,Bank Transfer,7,High floor
BK001952,G01553,2023-07-17,2024-01-13,2024-01-18,Completed,Direct,Double,2,1,GB,Leisure,86.74,5,412.02,20,0,0.0,432.02,Bank Transfer,9,Late arrival
BK002784,G01871,2024-02-20,2024-03-28,2024-04-04,Completed,Direct,Suite,1,0,FR,Business,167.5,0,1172.5,50,0,0.0,1222.5,Bank Transfer,,High floor
BK002882,G01446,2024-02-15,2024-04-25,2024-04-28,Completed,Direct,Double,1,0,DE,Leisure,107.5,0,322.5,20,0,0.0,342.5,Bank Transfer,,Quiet room
BK000555,G01853,2023-12-01,2024-04-13,2024-04-18,Completed,Direct,Single,1,0,GR,Business,65.18,0,325.9,35,0,0.0,360.9,Bank Transfer,,Late arrival
BK001278,G02278,2024-07-12,2024-10-30,2024-11-03,Completed,Direct,Single,1,0,GB,Leisure,69.61,0,278.44,0,0,0.0,278.44,Bank Transfer,7,
BK002975,G01629,2024-02-20,2024-07-26,2024-07-27,Completed,Direct,Double,1,0,GB,Leisure,132.54,0,132.54,0,0,0.0,132.54,Bank Transfer,7,Late arrival
BK002011,G00071,2025-06-29,2025-12-16,2025-12-26,Completed,Direct,Double,1,1,IT,Leisure,110.77,0,1107.7,10,0,0.0,1117.7,Bank Transfer,10,High floor
BK002499,G01985,2024-06-26,2024-08-26,2024-08-28,Completed,Direct,Double,1,0,GB,Leisure,159.26,0,318.52,0,0,0.0,318.52,Bank Transfer,9,
BK001090,G00394,2023-12-28,2024-04-05,2024-04-10,Completed,Direct,Double,2,0,GB,Leisure,86.0,0,430.0,10,0,0.0,440.0,Bank Transfer,9,Late arrival
BK002686,G00384,2024-09-22,2025-01-13,2025-01-20,Completed,Direct,Double,1,0,FR,Leisure,106.36,10,670.07,35,0,0.0,705.07,Bank Transfer,10,Late arrival
BK001931,G00366,2024-12-15,2025-05-20,2025-05-25,Completed,Direct,Double,2,0,FR,Leisure,106.61,0,533.05,10,0,0.0,543.05,Bank Transfer,10,Quiet room
BK002614,G01351,2024-06-20,2024-07-06,2024-07-09,Completed,Direct,Double,2,0,FR,Business,162.74,0,488.22,0,0,0.0,488.22,Bank Transfer,,Late arrival
BK000220,G00457,2024-06-09,2024-10-27,2024-11-01,Completed,Direct,Single,1,0,GB,Business,71.19,0,355.95,35,0,0.0,390.95,Bank Transfer,9,Late arrival
BK001710,G01213,2025-04-25,2025-09-26,2025-10-01,Completed,Direct,Double,2,0,GB,Leisure,145.89,5,692.98,75,0,0.0,767.98,Bank Transfer,8,Quiet room
BK000701,G00722,2024-07-22,2024-09-26,2024-09-27,Completed,Direct,Double,2,0,US,Leisure,150.66,5,143.13,10,0,0.0,153.13,Bank Transfer,9,Quiet room
BK000840,G01613,2023-12-18,2024-03-05,2024-03-07,Completed,Direct,Double,1,0,GR,Leisure,92.11,0,184.22,20,0,0.0,204.22,Bank Transfer,9,Late arrival
BK000668,G01672,2024-03-10,2024-05-24,2024-05-27,Completed,Direct,Single,1,0,IT,Business,74.2,0,222.6,75,0,0.0,297.6,Bank Transfer,8,High floor
BK000111,G02176,2024-03-10,2024-05-02,2024-05-05,Completed,Direct,Double,2,0,GB,Leisure,88.01,0,264.03,0,0,0.0,264.03,Bank Transfer,8,Late arrival
BK001476,G02208,2025-03-06,2025-07-12,2025-07-19,Completed,Direct,Double,1,0,IT,Leisure,165.72,0,1160.04,50,0,0.0,1210.04,Bank Transfer,,Baby cot
BK001305,G00440,2024-01-12,2024-01-30,2024-02-02,Completed,Direct,Double,1,0,GR,Leisure,86.52,0,259.56,50,0,0.0,309.56,Bank Transfer,9,
BK001650,G00447,2025-10-07,2025-11-05,2025-11-11,Completed,Direct,Double,2,1,GR,Leisure,85.49,0,512.94,20,0,0.0,532.94,Bank Transfer,9,Late arrival
BK001578,G00285,2024-08-27,2024-11-07,2024-11-13,Completed,Direct,Double,1,0,GR,Leisure,92.34,0,554.04,50,0,0.0,604.04,Bank Transfer,,High floor
BK001260,G01129,2024-09-05,2024-09-25,2024-09-28,Completed,Direct,Double,1,0,DE,Leisure,134.29,0,402.87,0,0,0.0,402.87,Bank Transfer,8,
BK002476,G01112,2024-12-05,2025-05-20,2025-05-24,Completed,Direct,Double,2,0,US,Leisure,102.7,0,410.8,75,0,0.0,485.8,Bank Transfer,8,
BK002009,G02105,2025-08-12,2025-09-03,2025-09-08,Completed,Direct,Single,1,0,US,Leisure,97.55,0,487.75,35,0,0.0,522.75,Bank Transfer,8,Quiet room
BK001270,G01536,2025-07-12,2025-11-03,2025-11-08,Completed,Direct,Double,2,1,GR,Leisure,96.38,0,481.9,35,0,0.0,516.9,Bank Transfer,,
BK002112,G01593,2024-08-07,2024-08-11,2024-08-15,Completed,Direct,Double,1,2,DE,Leisure,134.2,0,536.8,10,0,0.0,546.8,Bank Transfer,,Late arrival
BK000401,G01252,2024-12-09,2025-03-19,2025-03-24,Completed,Direct,Single,1,0,DE,Leisure,71.35,0,356.75,75,0,0.0,431.75,Bank Transfer,,Late arrival
BK000423,G01953,2024-12-30,2025-03-04,2025-03-05,Completed,Direct,Suite,1,0,GB,Leisure,165.61,10,149.05,0,0,0.0,149.05,Bank Transfer,,
BK002519,G00364,2023-11-18,2024-04-12,2024-04-17,Completed,Direct,Suite,2,1,FR,Leisure,173.25,0,866.25,0,0,0.0,866.25,Bank Transfer,7,Quiet room
BK000773,G00158,2024-04-23,2024-07-05,2024-07-09,Completed,Direct,Double,1,0,FR,Business,163.7,5,622.06,50,0,0.0,672.06,Bank Transfer,7,Quiet room
BK001166,G00159,2025-02-07,2025-04-05,2025-04-09,Completed,Direct,Double,2,0,DE,Leisure,89.21,5,339.0,10,0,0.0,349.0,Bank Transfer,9,
BK002536,G01235,2025-01-13,2025-05-28,2025-06-01,Completed,Direct,Suite,1,0,FR,Leisure,176.62,0,706.48,0,0,0.0,706.48,Bank Transfer,9,Baby cot
BK001499,G00799,2025-03-01,2025-07-04,2025-07-06,Completed,Expedia,Double,2,0,GB,Leisure,158.51,5,301.17,35,18,54.21,336.17,Bank Transfer,8,
BK001831,G02391,2024-04-18,2024-09-02,2024-09-03,Completed,Expedia,Double,1,0,GR,Leisure,166.58,15,141.59,50,18,25.49,191.59,Bank Transfer,,
BK001176,G00468,2024-02-29,2024-05-16,2024-05-17,Completed,Expedia,Suite,2,1,DE,Leisure,169.8,0,169.8,0,18,30.56,169.8,Bank Transfer,10,
BK000245,G02197,2025-04-21,2025-05-29,2025-06-02,Completed,Expedia,Single,1,0,DE,Leisure,60.57,0,242.28,35,18,43.61,277.28,Bank Transfer,9,High floor
BK001214,G01846,2025-03-06,2025-03-17,2025-03-19,Completed,Expedia,Suite,2,0,US,Leisure,179.84,0,359.68,0,18,64.74,359.68,Bank Transfer,,Baby cot
BK002580,G00118,2024-07-24,2025-01-01,2025-01-11,Completed,Expedia,Single,1,0,FR,Leisure,58.8,0,588.0,35,18,105.84,623.0,Bank Transfer,,Late arrival
BK001170,G00439,2025-05-05,2025-05-16,2025-05-19,Completed,Expedia,Double,1,0,IT,Leisure,113.79,0,341.37,50,18,61.45,391.37,Bank Transfer,8,
BK000661,G01403,2025-05-06,2025-08-31,2025-09-02,Completed,Expedia,Double,2,0,NL,Leisure,166.16,10,299.09,0,18,53.84,299.09,Bank Transfer,7,
BK000594,G00251,2025-04-18,2025-09-02,2025-09-07,Completed,Expedia,Double,1,0,GB,Business,138.26,0,691.3,20,18,124.43,711.3,Bank Transfer,10,Baby cot
BK000146,G00469,2025-07-24,2025-10-04,2025-10-06,Completed,Expedia,Double,2,0,GB,Leisure,111.86,0,223.72,0,18,40.27,223.72,Bank Transfer,,Late arrival
BK001697,G00127,2024-06-11,2024-07-22,2024-07-24,Completed,Expedia,Single,1,0,GR,Leisure,106.64,15,181.29,35,18,32.63,216.29,Bank Transfer,9,Late arrival
BK000331,G00873,2023-08-27,2024-02-08,2024-02-11,Completed,Expedia,Double,1,0,ES,Business,88.85,5,253.22,50,18,45.58,303.22,Bank Transfer,8,
BK001924,G00407,2023-12-21,2024-06-03,2024-06-08,Completed,Expedia,Double,1,0,IT,Leisure,130.66,0,653.3,50,18,117.59,703.3,Bank Transfer,,Baby cot
BK000605,G02093,2025-07-14,2025-12-15,2025-12-21,Completed,Expedia,Double,2,0,DE,Business,97.17,10,524.72,35,18,94.45,559.72,Bank Transfer,9,Quiet room
BK000531,G01754,2024-08-11,2024-09-16,2024-09-18,Completed,Expedia,Double,1,0,FR,Leisure,135.86,0,271.72,75,18,48.91,346.72,Bank Transfer,9,Baby cot
BK001097,G01948,2025-02-25,2025-04-22,2025-04-26,Completed,Expedia,Single,1,0,DE,Leisure,74.27,0,297.08,35,18,53.47,332.08,Bank Transfer,7,High floor
BK002081,G00344,2025-02-11,2025-05-16,2025-05-17,Completed,Expedia,Double,2,0,NL,Leisure,101.94,15,86.65,75,18,15.6,161.65,Bank Transfer,7,Baby cot
BK001231,G02238,2024-02-28,2024-05-26,2024-05-31,Completed,Expedia,Suite,2,0,GR,Leisure,153.11,0,765.55,50,18,137.8,815.55,Bank Transfer,,Baby cot
BK000203,G02046,2025-09-13,2025-10-20,2025-10-21,Completed,Expedia,Double,1,0,FR,Business,92.58,5,87.95,75,18,15.83,162.95,Bank Transfer,,High floor
BK001609,G01745,2024-05-24,2024-08-18,2024-08-20,Completed,Expedia,Single,1,0,GB,Leisure,96.28,0,192.56,35,18,34.66,227.56,Bank Transfer,9,High floor
BK002839,G00779,2025-01-13,2025-07-05,2025-07-09,Completed,Expedia,Single,1,0,GR,Leisure,101.1,0,404.4,0,18,72.79,404.4,Bank Transfer,8,
BK002289,G01548,2024-05-16,2024-10-05,2024-10-11,Completed,Expedia,Double,2,0,GB,Leisure,99.08,0,594.48,0,18,107.01,594.48,Bank Transfer,8,Baby cot
BK002414,G01829,2024-02-04,2024-02-19,2024-02-24,Completed,Expedia,Suite,2,0,GR,Leisure,160.61,0,803.05,35,18,144.55,838.05,Bank Transfer,6,Baby cot
BK001989,G02110,2024-09-30,2025-02-06,2025-02-11,Completed,Expedia,Double,2,0,DE,Leisure,110.98,0,554.9,10,18,99.88,564.9,Bank Transfer,10,Baby cot
BK001533,G00768,2025-06-12,2025-08-18,2025-08-21,Completed,Expedia,Single,1,0,GR,Leisure,102.17,0,306.51,50,18,55.17,356.51,Bank Transfer,8,
BK002803,G01518,2024-08-28,2025-02-11,2025-02-14,Completed,Expedia,Double,2,0,IT,Leisure,87.8,0,263.4,0,18,47.41,263.4,Bank Transfer,9,High floor
BK000147,G00245,2025-05-28,2025-07-19,2025-07-21,Completed,Expedia,Double,1,0,US,Leisure,138.11,0,276.22,10,18,49.72,286.22,Bank Transfer,10,Late arrival
BK000756,G00007,2024-01-10,2024-01-28,2024-01-30,Completed,Expedia,Single,1,0,DE,Leisure,64.39,0,128.78,50,18,23.18,178.78,Bank Transfer,7,High floor
BK001756,G01922,2025-03-17,2025-06-12,2025-06-16,Completed,Expedia,Double,2,0,GR,Business,164.55,0,658.2,20,18,118.48,678.2,Bank Transfer,,Quiet room
BK001930,G02234,2024-07-10,2024-09-07,2024-09-10,Completed,Expedia,Double,1,1,GR,Leisure,130.45,10,352.22,50,18,63.4,402.22,Bank Transfer,,Late arrival
BK001733,G00580,2024-02-11,2024-05-30,2024-06-02,Completed,Expedia,Double,2,0,FR,Business,99.24,0,297.72,0,18,53.59,297.72,Bank Transfer,9,Quiet room
BK002300,G00789,2023-11-09,2024-03-14,2024-03-24,Completed,Expedia,Double,1,0,GB,Business,85.57,5,812.92,35,18,146.33,847.92,Bank Transfer,,
BK000313,G00090,2025-04-10,2025-04-14,2025-04-15,Completed,Expedia,Single,1,0,GR,Leisure,66.62,0,66.62,0,18,11.99,66.62,Bank Transfer,,High floor
BK002517,G01339,2025-05-24,2025-07-18,2025-07-24,Completed,Expedia,Double,1,1,GR,Leisure,142.72,0,856.32,20,18,154.14,876.32,Bank Transfer,,
BK001060,G02109,2024-05-31,2024-06-25,2024-06-28,Completed,Expedia,Double,1,1,GR,Leisure,140.87,15,359.22,10,18,64.66,369.22,Bank Transfer,9,High floor
BK001194,G02357,2024-07-10,2024-11-21,2024-11-25,Completed,Expedia,Double,2,1,GB,Leisure,96.12,0,384.48,50,18,69.21,434.48,Bank Transfer,9,Baby cot
BK001363,G00277,2025-05-06,2025-07-18,2025-07-19,Completed,Expedia,Double,1,0,GR,Leisure,131.24,10,118.12,50,18,21.26,168.12,Bank Transfer,10,High floor
BK002516,G01750,2025-03-17,2025-08-22,2025-09-01,Completed,Expedia,Double,2,0,US,Leisure,148.21,5,1408.0,35,18,253.44,1443.0,Bank Transfer,9,Quiet room
BK000629,G01734,2024-02-27,2024-04-23,2024-04-26,Completed,Expedia,Double,2,0,DE,Leisure,93.42,0,280.26,50,18,50.45,330.26,Bank Transfer,8,
BK000754,G00349,2024-03-17,2024-07-23,2024-07-29,Completed,Expedia,Double,1,0,ES,Leisure,145.99,5,832.14,0,18,149.79,832.14,Bank Transfer,9,Baby cot
BK002510,G01142,2024-07-01,2024-11-30,2024-12-04,Completed,Expedia,Single,1,0,GB,Leisure,66.45,0,265.8,20,18,47.84,285.8,Bank Transfer,8,
BK002883,G01538,2024-08-27,2025-02-20,2025-02-24,Completed,Expedia,Suite,2,1,GB,Leisure,192.36,0,769.44,20,18,138.5,789.44,Bank Transfer,9,Baby cot
BK001076,G00786,2025-08-21,2025-09-06,2025-09-08,Completed,Expedia,Suite,1,0,FR,Leisure,257.05,0,514.1,20,18,92.54,534.1,Bank Transfer,8,High floor
BK002616,G01931,2025-06-07,2025-11-21,2025-11-25,Completed,Expedia,Double,2,0,GR,Leisure,94.32,10,339.55,75,18,61.12,414.55,Bank Transfer,5,
BK002731,G01360,2025-08-26,2025-10-05,2025-10-08,Completed,Expedia,Double,1,0,DE,Leisure,103.51,0,310.53,0,18,55.9,310.53,Bank Transfer,8,Quiet room
BK002150,G01546,2024-11-21,2024-12-15,2024-12-18,Completed,Expedia,Suite,1,0,DE,Leisure,151.04,0,453.12,20,18,81.56,473.12,Bank Transfer,10,
BK001615,G00361,2024-08-24,2024-09-15,2024-09-18,Completed,Expedia,Double,2,0,GR,Business,156.99,0,470.97,75,18,84.77,545.97,Bank Transfer,9,High floor
BK000527,G01073,2024-04-02,2024-06-23,2024-06-26,Completed,Expedia,Single,1,0,GB,Leisure,83.94,0,251.82,75,18,45.33,326.82,Bank Transfer,9,Baby cot
BK001000,G00621,2023-08-19,2024-02-04,2024-02-06,Completed,Expedia,Suite,2,0,IT,Business,166.67,0,333.34,0,18,60.0,333.34,Bank Transfer,8,Quiet room
BK000504,G02336,2024-01-20,2024-04-18,2024-04-28,Completed,Expedia,Double,2,0,GB,Leisure,101.06,0,1010.6,10,18,181.91,1020.6,Bank Transfer,10,Late arrival
BK001619,G00141,2024-06-22,2024-08-31,2024-09-07,Completed,Expedia,Double,1,0,FR,Leisure,157.46,0,1102.22,20,18,198.4,1122.22,Bank Transfer,10,High floor
BK000909,G00318,2025-02-17,2025-07-22,2025-07-29,Completed,Expedia,Single,1,0,NL,Leisure,97.56,10,614.63,20,18,110.63,634.63,Bank Transfer,8,
BK001467,G01044,2024-11-20,2025-02-15,2025-02-18,Completed,Expedia,Double,1,0,GR,Leisure,86.23,0,258.69,10,18,46.56,268.69,Bank Transfer,9,
BK002423,G00856,2024-02-29,2024-03-09,2024-03-14,Completed,Expedia,Single,1,0,GB,Leisure,59.16,5,281.01,0,18,50.58,281.01,Bank Transfer,8,High floor
BK002933,G01096,2025-05-05,2025-10-28,2025-11-02,Completed,Expedia,Double,2,1,DE,Business,105.09,5,499.18,50,18,89.85,549.18,Bank Transfer,9,
BK002315,G01712,2025-10-03,2025-10-30,2025-11-06,Completed,Expedia,Double,2,0,NL,Business,97.19,5,646.31,10,18,116.34,656.31,Bank Transfer,10,Baby cot
BK000149,G01220,2024-10-23,2024-10-24,2024-10-28,Completed,Expedia,Double,1,0,DE,Leisure,93.54,0,374.16,50,18,67.35,424.16,Bank Transfer,7,High floor
BK002705,G02347,2024-10-21,2025-02-08,2025-02-12,Completed,Expedia,Double,1,0,US,Business,102.97,0,411.88,75,18,74.14,486.88,Bank Transfer,10,Late arrival
BK002768,G00116,2025-04-23,2025-09-25,2025-09-27,Completed,Expedia,Double,2,1,GR,Business,136.98,0,273.96,10,18,49.31,283.96,Bank Transfer,,Quiet room
BK000615,G00793,2025-02-17,2025-05-16,2025-05-26,Completed,Expedia,Double,1,0,GR,Leisure,95.24,0,952.4,35,18,171.43,987.4,Bank Transfer,10,Quiet room
BK001153,G01916,2024-03-07,2024-07-10,2024-07-14,Completed,Expedia,Double,1,0,FR,Leisure,132.25,0,529.0,20,18,95.22,549.0,Bank Transfer,,Quiet room
BK001666,G00204,2024-03-30,2024-08-10,2024-08-13,Completed,Expedia,Double,1,0,GR,Business,127.27,0,381.81,75,18,68.73,456.81,Bank Transfer,9,
BK001770,G01816,2024-05-19,2024-05-31,2024-06-03,Completed,Expedia,Single,1,0,GB,Business,61.91,10,167.16,20,18,30.09,187.16,Bank Transfer,10,
BK002765,G00863,2023-12-22,2024-04-28,2024-05-02,Completed,Expedia,Double,2,0,NL,Leisure,90.87,0,363.48,20,18,65.43,383.48,Bank Transfer,8,High floor
BK001360,G02251,2025-07-29,2025-08-16,2025-08-21,Completed,Expedia,Double,1,0,GR,Leisure,154.47,0,772.35,0,18,139.02,772.35,Bank Transfer,10,High floor
BK002180,G01226,2025-05-11,2025-07-02,2025-07-12,Completed,Expedia,Single,1,0,GR,Leisure,99.0,0,990.0,0,18,178.2,990.0,Bank Transfer,8,Quiet room
BK002090,G01082,2025-02-01,2025-05-05,2025-05-07,Completed,Expedia,Double,2,0,DE,Leisure,99.14,10,178.45,10,18,32.12,188.45,Bank Transfer,7,Late arrival
BK001353,G01569,2023-11-02,2024-04-21,2024-04-24,Completed,Expedia,Double,2,0,IT,Leisure,106.46,0,319.38,75,18,57.49,394.38,Bank Transfer,9,High floor
BK002599,G00927,2025-07-13,2025-09-21,2025-09-27,Completed,Expedia,Single,1,0,GR,Leisure,100.73,0,604.38,50,18,108.79,654.38,Bank Transfer,8,Late arrival
BK002238,G00481,2025-01-28,2025-03-07,2025-03-09,Completed,Expedia,Double,2,0,FR,Leisure,94.48,0,188.96,10,18,34.01,198.96,Bank Transfer,8,Baby cot
BK000273,G00818,2025-02-27,2025-06-25,2025-06-28,Completed,Expedia,Suite,1,1,ES,Leisure,241.79,0,725.37,0,18,130.57,725.37,Bank Transfer,8,High floor
BK000235,G01903,2025-08-13,2025-08-16,2025-08-18,Completed,Expedia,Single,1,0,DE,Leisure,105.24,15,178.91,50,18,32.2,228.91,Bank Transfer,8,
BK002433,G00120,2024-03-26,2024-08-04,2024-08-07,Completed,Expedia,Double,1,0,GR,Leisure,157.19,5,447.99,35,18,80.64,482.99,Bank Transfer,,Baby cot
BK002739,G00863,2024-10-26,2025-04-08,2025-04-09,Completed,Expedia,Single,1,0,FR,Leisure,55.41,0,55.41,20,18,9.97,75.41,Bank Transfer,8,Quiet room
BK000180,G01390,2025-03-01,2025-07-23,2025-07-27,Completed,Expedia,Double,2,1,GB,Leisure,135.41,0,541.64,35,18,97.5,576.64,Bank Transfer,,
BK001599,G00631,2025-08-09,2025-08-24,2025-08-31,Completed,Expedia,Single,1,0,GR,Leisure,80.87,0,566.09,50,18,101.9,616.09,Bank Transfer,9,
BK000422,G01571,2024-07-16,2024-07-30,2024-08-03,Completed,Expedia,Double,1,2,FR,Leisure,150.67,0,602.68,20,18,108.48,622.68,Bank Transfer,8,
BK002834,G01891,2025-03-12,2025-07-29,2025-08-05,Completed,Expedia,Double,1,0,GR,Business,137.77,5,916.17,75,18,164.91,991.17,Bank Transfer,8,High floor
BK000573,G01130,2024-06-19,2024-09-10,2024-09-12,Completed,Expedia,Single,1,0,IT,Leisure,89.51,0,179.02,20,18,32.22,199.02,Bank Transfer,7,Late arrival
BK002808,G01535,2024-10-11,2024-11-28,2024-11-30,Completed,Expedia,Double,2,0,GB,Leisure,97.72,0,195.44,10,18,35.18,205.44,Bank Transfer,5,Quiet room
BK001980,G00735,2024-11-12,2025-01-27,2025-01-29,Completed,Expedia,Double,2,0,US,Business,106.44,0,212.88,75,18,38.32,287.88,Bank Transfer,,Quiet room
BK000569,G00194,2025-05-05,2025-05-28,2025-05-30,Completed,Expedia,Double,2,0,US,Leisure,112.14,15,190.64,0,18,34.32,190.64,Bank Transfer,9,
BK001682,G01331,2024-07-30,2024-08-04,2024-08-07,Completed,Expedia,Double,1,1,GB,Leisure,143.63,0,430.89,50,18,77.56,480.89,Bank Transfer,8,
BK000196,G00415,2025-02-23,2025-07-01,2025-07-06,Completed,Expedia,Double,2,0,IT,Leisure,139.15,0,695.75,0,18,125.24,695.75,Bank Transfer,8,
BK000323,G00808,2025-07-31,2025-09-28,2025-09-30,Completed,Expedia,Double,2,0,DE,Leisure,127.58,0,255.16,35,18,45.93,290.16,Bank Transfer,,High floor
BK002921,G00122,2025-08-17,2025-12-19,2025-12-26,Completed,Expedia,Double,2,0,ES,Leisure,107.15,0,750.05,35,18,135.01,785.05,Bank Transfer,9,High floor
BK002922,G01182,2024-12-11,2025-02-11,2025-02-13,Completed,Expedia,Suite,2,0,FR,Leisure,191.13,0,382.26,10,18,68.81,392.26,Bank Transfer,7,High floor
BK000237,G01186,2024-04-06,2024-09-18,2024-09-20,Completed,Expedia,Double,2,0,NL,Business,134.59,0,269.18,0,18,48.45,269.18,Bank Transfer,,Late arrival
BK001686,G01836,2024-06-26,2024-10-02,2024-10-05,Completed,Expedia,Single,1,0,US,Leisure,66.17,0,198.51,35,18,35.73,233.51,Bank Transfer,9,Quiet room
BK001101,G00227,2025-02-25,2025-03-02,2025-03-05,Completed,Expedia,Double,1,0,FR,Leisure,93.66,0,280.98,50,18,50.58,330.98,Bank Transfer,7,
BK002636,G01871,2024-02-22,2024-04-12,2024-04-14,Completed,Expedia,Double,2,0,GB,Leisure,91.43,0,182.86,0,18,32.91,182.86,Bank Transfer,8,
BK001480,G00963,2024-11-10,2025-01-07,2025-01-10,Completed,Expedia,Suite,2,1,IT,Leisure,173.24,0,519.72,50,18,93.55,569.72,Bank Transfer,9,Late arrival
BK002318,G01182,2024-11-16,2025-03-02,2025-03-07,Completed,Expedia,Double,1,0,GR,Leisure,93.61,0,468.05,50,18,84.25,518.05,Bank Transfer,8,Baby cot
BK000303,G01018,2024-06-15,2024-08-02,2024-08-05,Completed,Expedia,Double,1,0,FR,Business,158.85,0,476.55,50,18,85.78,526.55,Bank Transfer,8,Quiet room
BK001325,G00420,2024-02-25,2024-06-13,2024-06-15,Completed,Expedia,Single,1,0,US,Leisure,100.66,0,201.32,10,18,36.24,211.32,Bank Transfer,8,Quiet room
BK000475,G01626,2025-04-04,2025-09-22,2025-09-25,Completed,Expedia,Single,1,0,IT,Business,92.18,5,262.71,35,18,47.29,297.71,Bank Transfer,9,Quiet room
BK000428,G00730,2024-01-06,2024-06-27,2024-06-29,Completed,Expedia,Double,1,1,NL,Leisure,147.92,0,295.84,50,18,53.25,345.84,Bank Transfer,,Baby cot
BK002447,G00961,2025-06-23,2025-09-13,2025-09-19,Completed,Expedia,Double,2,1,GR,Leisure,126.4,5,720.48,75,18,129.69,795.48,Bank Transfer,8,
BK001385,G00067,2025-07-24,2025-09-15,2025-09-19,Completed,Expedia,Double,2,0,GB,Leisure,152.93,10,550.55,50,18,99.1,600.55,Bank Transfer,9,Baby cot
BK002462,G00079,2024-08-07,2024-12-09,2024-12-16,Completed,Expedia,Double,2,0,GR,Leisure,108.0,10,680.4,10,18,122.47,690.4,Bank Transfer,,
BK002798,G00295,2025-06-23,2025-12-12,2025-12-14,Completed,Expedia,Suite,2,0,US,Leisure,195.92,0,391.84,10,18,70.53,401.84,Bank Transfer,8,Quiet room
BK000397,G02047,2023-11-14,2024-01-15,2024-01-20,Completed,Expedia,Double,2,1,GB,Leisure,107.43,5,510.29,20,18,91.85,530.29,Bank Transfer,,Baby cot
BK002208,G00278,2023-12-27,2024-06-22,2024-06-24,Completed,Expedia,Double,1,0,GR,Leisure,146.0,0,292.0,50,18,52.56,342.0,Bank Transfer,10,Quiet room
BK000626,G01885,2025-06-20,2025-09-20,2025-09-22,Completed,Expedia,Double,1,0,GR,Leisure,151.94,0,303.88,75,18,54.7,378.88,Bank Transfer,9,Baby cot
BK001475,G02360,2024-04-30,2024-08-31,2024-09-04,Completed,Expedia,Single,1,0,IT,Business,83.98,0,335.92,20,18,60.47,355.92,Bank Transfer,8,Quiet room
BK000987,G01189,2025-02-17,2025-08-11,2025-08-14,Completed,Expedia,Double,1,0,IT,Leisure,142.32,15,362.92,20,18,65.33,382.92,Bank Transfer,7,Quiet room
BK002831,G02070,2024-10-23,2024-11-11,2024-11-13,Completed,Expedia,Double,1,0,US,Leisure,98.39,0,196.78,0,18,35.42,196.78,Bank Transfer,8,Baby cot
BK002750,G02335,2024-11-12,2025-04-03,2025-04-05,Completed,Expedia,Double,2,0,GR,Leisure,107.35,0,214.7,35,18,38.65,249.7,Bank Transfer,8,
BK000665,G00163,2024-03-06,2024-04-20,2024-04-25,Completed,Expedia,Double,1,0,GR,Leisure,109.96,15,467.33,35,18,84.12,502.33,Bank Transfer,9,Late arrival
BK002285,G01045,2023-10-07,2024-01-13,2024-01-15,Completed,Expedia,Double,1,0,GR,Leisure,88.78,0,177.56,0,18,31.96,177.56,Bank Transfer,,
BK001341,G02200,2024-12-26,2025-01-04,2025-01-10,Completed,Expedia,Single,1,0,GR,Leisure,67.37,5,384.01,0,18,69.12,384.01,Bank Transfer,9,
BK002815,G00262,2025-03-23,2025-08-03,2025-08-06,Completed,Expedia,Double,2,0,GR,Leisure,151.18,5,430.86,35,18,77.55,465.86,Bank Transfer,9,High floor
BK001612,G00594,2024-05-07,2024-06-16,2024-06-20,Completed,Expedia,Double,2,0,GR,Leisure,146.41,10,527.08,50,18,94.87,577.08,Bank Transfer,10,Baby cot
BK000386,G02371,2024-11-10,2025-02-25,2025-02-27,Completed,Expedia,Double,2,0,GB,Leisure,92.87,0,185.74,50,18,33.43,235.74,Bank Transfer,10,High floor
BK000986,G01248,2024-03-06,2024-06-15,2024-06-18,Completed,Expedia,Double,1,0,IT,Leisure,165.66,0,496.98,0,18,89.46,496.98,Bank Transfer,8,
BK002865,G02331,2023-10-18,2024-01-25,2024-02-01,Completed,Expedia,Double,1,0,DE,Leisure,109.06,0,763.42,35,18,137.42,798.42,Bank Transfer,5,
BK002814,G00157,2024-11-15,2025-01-06,2025-01-08,Completed,Expedia,Double,2,0,GB,Leisure,103.24,0,206.48,0,18,37.17,206.48,Bank Transfer,7,
BK001110,G01121,2025-08-20,2025-08-29,2025-08-31,Completed,Expedia,Double,1,0,FR,Leisure,165.08,0,330.16,75,18,59.43,405.16,Bank Transfer,10,
BK001342,G01724,2025-04-07,2025-07-27,2025-07-30,Completed,Expedia,Single,1,0,GR,Leisure,85.11,10,229.8,75,18,41.36,304.8,Bank Transfer,,
BK000095,G00891,2025-10-28,2025-11-14,2025-11-20,Completed,Expedia,Double,1,0,US,Leisure,96.9,0,581.4,75,18,104.65,656.4,Bank Transfer,8,
BK000377,G02140,2024-09-24,2024-10-25,2024-11-01,Completed,Expedia,Single,1,0,GR,Leisure,71.52,0,500.64,0,18,90.12,500.64,Bank Transfer,,
BK001398,G00187,2025-06-08,2025-08-22,2025-08-26,Completed,Travel Agency,Single,1,0,GR,Leisure,87.51,10,315.04,0,10,31.5,315.04,Bank Transfer,,
BK002532,G01284,2024-11-12,2025-03-04,2025-03-05,Completed,Travel Agency,Double,1,2,FR,Leisure,113.54,0,113.54,75,10,11.35,188.54,Bank Transfer,,Late arrival
BK001004,G00011,2025-04-16,2025-07-05,2025-07-07,Completed,Travel Agency,Double,1,0,ES,Leisure,157.02,0,314.04,0,10,31.4,314.04,Bank Transfer,8,Late arrival
BK000738,G00437,2024-07-31,2025-01-20,2025-01-23,Completed,Travel Agency,Double,2,0,IT,Leisure,108.34,0,325.02,35,10,32.5,360.02,Bank Transfer,,
BK002982,G00680,2023-12-19,2024-01-20,2024-01-22,Completed,Travel Agency,Double,2,1,NL,Leisure,93.06,0,186.12,35,10,18.61,221.12,Bank Transfer,,Quiet room
BK002848,G00650,2024-06-30,2024-08-28,2024-09-01,Completed,Travel Agency,Double,2,0,IT,Business,166.72,0,666.88,20,10,66.69,686.88,Bank Transfer,10,High floor
BK001447,G00959,2024-11-19,2025-03-03,2025-03-05,Completed,Travel Agency,Suite,2,2,DE,Leisure,172.9,0,345.8,10,10,34.58,355.8,Bank Transfer,10,
BK001296,G00253,2024-03-16,2024-06-18,2024-06-20,Completed,Travel Agency,Double,2,1,GR,Leisure,144.13,0,288.26,50,10,28.83,338.26,Bank Transfer,9,
BK001259,G00323,2024-01-14,2024-04-13,2024-04-14,Completed,Travel Agency,Double,2,0,GR,Leisure,95.71,0,95.71,0,10,9.57,95.71,Bank Transfer,9,Late arrival
BK002958,G00176,2023-09-30,2024-03-08,2024-03-13,Completed,Travel Agency,Single,1,0,ES,Leisure,69.13,0,345.65,75,10,34.57,420.65,Bank Transfer,,High floor
BK001441,G00968,2025-03-08,2025-07-30,2025-08-01,Completed,Travel Agency,Suite,1,0,GB,Business,259.32,0,518.64,0,10,51.86,518.64,Bank Transfer,10,Baby cot
BK000710,G01961,2024-08-09,2024-11-17,2024-11-19,Completed,Travel Agency,Single,1,0,GR,Leisure,56.99,0,113.98,0,10,11.4,113.98,Bank Transfer,10,Late arrival
BK000021,G01056,2024-06-24,2024-11-05,2024-11-12,Completed,Travel Agency,Single,1,0,GB,Leisure,63.44,0,444.08,35,10,44.41,479.08,Bank Transfer,9,High floor
BK001847,G01777,2024-10-03,2024-10-07,2024-10-11,Completed,Travel Agency,Single,1,0,GR,Leisure,61.76,0,247.04,0,10,24.7,247.04,Bank Transfer,9,
BK001271,G01128,2024-07-04,2024-12-30,2025-01-04,Completed,Travel Agency,Single,1,0,GR,Business,63.89,0,319.45,35,10,31.95,354.45,Bank Transfer,8,High floor
BK001237,G01999,2025-07-16,2025-10-11,2025-10-14,Completed,Travel Agency,Single,1,0,GR,Leisure,62.88,15,160.34,75,10,16.03,235.34,Bank Transfer,8,Late arrival
BK002603,G00839,2025-05-29,2025-07-08,2025-07-14,Completed,Travel Agency,Double,2,0,GR,Leisure,149.39,5,851.52,35,10,85.15,886.52,Bank Transfer,,Baby cot
BK001979,G02374,2024-04-27,2024-05-07,2024-05-13,Completed,Travel Agency,Double,2,0,DE,Leisure,86.17,0,517.02,10,10,51.7,527.02,Bank Transfer,,Baby cot
BK001812,G01905,2024-08-07,2024-12-26,2024-12-30,Completed,Travel Agency,Double,2,1,DE,Business,108.98,0,435.92,35,10,43.59,470.92,Bank Transfer,,
BK000758,G00369,2025-06-10,2025-08-22,2025-08-27,Completed,Travel Agency,Suite,1,0,US,Business,260.86,0,1304.3,20,10,130.43,1324.3,Bank Transfer,10,Baby cot
BK002745,G01464,2025-04-17,2025-09-06,2025-09-16,Completed,Travel Agency,Suite,2,2,GB,Leisure,260.27,0,2602.7,75,10,260.27,2677.7,Bank Transfer,10,Late arrival
BK001962,G01220,2024-05-02,2024-09-12,2024-09-15,Completed,Travel Agency,Suite,2,0,GB,Business,270.72,0,812.16,10,10,81.22,822.16,Bank Transfer,8,Late arrival
BK001143,G01157,2024-10-13,2024-10-30,2024-11-06,Completed,Travel Agency,Double,1,0,GR,Business,89.63,15,533.3,10,10,53.33,543.3,Bank Transfer,10,Baby cot
BK001716,G02016,2024-10-28,2025-02-01,2025-02-04,Completed,Travel Agency,Double,2,0,GR,Leisure,114.23,0,342.69,0,10,34.27,342.69,Bank Transfer,,
BK001203,G00488,2025-10-23,2025-12-14,2025-12-17,Completed,Travel Agency,Double,1,0,FR,Leisure,107.25,5,305.66,0,10,30.57,305.66,Bank Transfer,,High floor
BK000257,G01180,2025-09-13,2025-11-15,2025-11-17,Completed,Travel Agency,Double,1,0,GB,Leisure,86.8,0,173.6,20,10,17.36,193.6,Bank Transfer,9,Quiet room
BK002145,G01167,2024-07-03,2024-08-25,2024-08-30,Completed,Travel Agency,Double,1,0,GR,Leisure,147.76,15,627.98,75,10,62.8,702.98,Bank Transfer,,High floor
BK002388,G01623,2024-01-05,2024-05-08,2024-05-10,Completed,Travel Agency,Single,1,0,IT,Leisure,58.89,0,117.78,50,10,11.78,167.78,Bank Transfer,8,Quiet room
BK002128,G01652,2023-08-04,2024-01-28,2024-01-31,Completed,Travel Agency,Double,2,0,DE,Leisure,92.5,0,277.5,10,10,27.75,287.5,Bank Transfer,,Baby cot
BK002976,G01437,2024-06-10,2024-07-15,2024-07-17,Completed,Travel Agency,Double,2,0,ES,Leisure,130.29,0,260.58,0,10,26.06,260.58,Bank Transfer,9,Quiet room
BK001943,G00862,2024-06-03,2024-11-15,2024-11-19,Completed,Travel Agency,Suite,1,0,FR,Leisure,195.17,10,702.61,20,10,70.26,722.61,Bank Transfer,7,
BK000567,G01334,2023-12-21,2024-04-12,2024-04-18,Completed,Travel Agency,Double,1,0,FR,Leisure,86.73,0,520.38,75,10,52.04,595.38,Bank Transfer,8,Baby cot
BK001712,G01498,2024-10-18,2025-01-11,2025-01-14,Completed,Travel Agency,Double,2,0,ES,Leisure,90.6,10,244.62,0,10,24.46,244.62,Bank Transfer,9,Quiet room
BK002676,G00065,2025-04-08,2025-04-18,2025-04-25,Completed,Travel Agency,Double,1,0,GB,Leisure,85.53,0,598.71,10,10,59.87,608.71,Bank Transfer,,Late arrival
BK001248,G00181,2024-09-01,2024-09-25,2024-10-01,Completed,Travel Agency,Single,1,0,GR,Business,80.22,0,481.32,0,10,48.13,481.32,Bank Transfer,,Quiet room
BK001348,G02076,2024-06-25,2024-07-08,2024-07-10,Completed,Travel Agency,Double,1,0,IT,Leisure,160.31,0,320.62,20,10,32.06,340.62,Bank Transfer,,
BK002087,G01697,2024-04-05,2024-07-07,2024-07-14,Completed,Travel Agency,Double,1,0,GB,Leisure,135.23,0,946.61,0,10,94.66,946.61,Bank Transfer,8,Quiet room
BK000319,G00869,2024-06-07,2024-07-22,2024-07-26,Completed,Travel Agency,Double,2,0,GR,Leisure,142.8,0,571.2,20,10,57.12,591.2,Bank Transfer,9,Late arrival
BK001084,G00482,2024-05-31,2024-10-30,2024-11-01,Completed,Travel Agency,Suite,2,1,FR,Leisure,199.88,0,399.76,20,10,39.98,419.76,Bank Transfer,6,
BK002910,G01842,2024-11-21,2024-12-17,2024-12-20,Completed,Travel Agency,Suite,1,0,FR,Leisure,186.7,0,560.1,50,10,56.01,610.1,Bank Transfer,8,Baby cot
BK000097,G00644,2024-08-19,2024-11-08,2024-11-15,Completed,Travel Agency,Suite,1,0,GR,Leisure,168.5,0,1179.5,75,10,117.95,1254.5,Bank Transfer,7,
BK000813,G01522,2024-09-03,2024-12-01,2024-12-06,Completed,Travel Agency,Single,1,0,FR,Leisure,69.2,0,346.0,50,10,34.6,396.0,Bank Transfer,9,Late arrival
BK000309,G01574,2024-04-30,2024-07-06,2024-07-09,Completed,Travel Agency,Single,1,0,GB,Business,94.39,10,254.85,0,10,25.49,254.85,Bank Transfer,,High floor
BK001858,G00975,2025-07-20,2025-09-17,2025-09-23,Completed,Travel Agency,Double,2,0,GR,Business,126.03,10,680.56,20,10,68.06,700.56,Bank Transfer,,Late arrival
BK000621,G01626,2023-11-26,2024-05-18,2024-05-23,Completed,Travel Agency,Single,1,0,US,Leisure,59.34,0,296.7,0,10,29.67,296.7,Bank Transfer,,High floor
BK000851,G02132,2025-06-03,2025-10-02,2025-10-04,Completed,Travel Agency,Double,2,0,GB,Leisure,112.07,0,224.14,75,10,22.41,299.14,Bank Transfer,,Quiet room
BK001173,G01953,2024-01-08,2024-06-28,2024-06-29,Completed,Travel Agency,Double,1,0,FR,Leisure,132.53,10,119.28,35,10,11.93,154.28,Bank Transfer,10,Late arrival
BK002741,G00148,2024-09-25,2024-11-28,2024-11-30,Completed,Travel Agency,Double,1,0,GB,Leisure,108.33,0,216.66,0,10,21.67,216.66,Bank Transfer,8,Late arrival
BK002148,G00444,2025-01-26,2025-05-27,2025-05-30,Completed,Travel Agency,Suite,1,1,GB,Leisure,194.87,0,584.61,50,10,58.46,634.61,Bank Transfer,9,Quiet room
BK000872,G00254,2025-06-15,2025-11-28,2025-12-01,Completed,Travel Agency,Suite,1,0,GR,Business,181.96,5,518.59,0,10,51.86,518.59,Bank Transfer,10,High floor
BK000656,G00511,2024-11-12,2024-12-15,2024-12-17,Completed,Travel Agency,Double,1,0,DE,Leisure,100.29,10,180.52,0,10,18.05,180.52,Bank Transfer,,Quiet room
BK001377,G01630,2024-12-11,2025-05-04,2025-05-06,Completed,Travel Agency,Single,1,0,GR,Leisure,55.78,10,100.4,50,10,10.04,150.4,Bank Transfer,9,Quiet room
BK002787,G02268,2024-10-06,2024-10-24,2024-10-31,Completed,Travel Agency,Double,2,0,FR,Business,111.32,0,779.24,50,10,77.92,829.24,Bank Transfer,,
BK000907,G00317,2024-01-04,2024-06-22,2024-06-27,Completed,Travel Agency,Single,1,0,DE,Leisure,106.71,0,533.55,10,10,53.36,543.55,Bank Transfer,8,Baby cot
BK001501,G00201,2024-07-02,2024-12-25,2024-12-29,Completed,Travel Agency,Suite,2,0,GB,Leisure,152.08,5,577.9,0,10,57.79,577.9,Bank Transfer,9,Quiet room
BK000590,G00498,2024-05-22,2024-08-31,2024-09-03,Completed,Travel Agency,Double,2,0,NL,Leisure,128.51,0,385.53,75,10,38.55,460.53,Bank Transfer,8,Baby cot
BK000047,G02330,2025-04-26,2025-08-23,2025-08-27,Completed,Travel Agency,Single,1,0,US,Leisure,104.18,0,416.72,75,10,41.67,491.72,Bank Transfer,9,
BK002439,G02214,2024-03-02,2024-05-06,2024-05-08,Completed,Travel Agency,Double,2,0,US,Business,94.92,10,170.86,75,10,17.09,245.86,Bank Transfer,9,Baby cot
BK001051,G00929,2024-04-30,2024-06-11,2024-06-16,Completed,Travel Agency,Double,1,0,FR,Leisure,127.88,10,575.46,20,10,57.55,595.46,Bank Transfer,,Baby cot
BK000949,G01004,2024-11-14,2025-02-02,2025-02-06,Completed,Travel Agency,Double,2,0,GR,Business,102.03,0,408.12,0,10,40.81,408.12,Bank Transfer,,
BK000505,G00349,2023-07-21,2024-01-12,2024-01-19,Completed,Travel Agency,Double,2,0,GR,Business,92.7,5,616.46,0,10,61.65,616.46,Bank Transfer,,
BK001906,G01041,2024-02-04,2024-07-30,2024-07-31,Completed,Travel Agency,Double,1,0,GR,Business,137.18,15,116.6,50,10,11.66,166.6,Bank Transfer,6,Baby cot
BK000248,G00180,2025-08-04,2025-11-09,2025-11-12,Completed,Travel Agency,Double,2,0,DE,Leisure,101.6,0,304.8,20,10,30.48,324.8,Bank Transfer,9,High floor
BK000712,G00908,2023-09-27,2024-01-24,2024-01-28,Completed,Travel Agency,Double,1,0,GR,Business,114.71,5,435.9,20,10,43.59,455.9,Bank Transfer,8,Late arrival
BK002513,G01781,2024-01-07,2024-06-07,2024-06-10,Completed,Travel Agency,Double,1,0,DE,Leisure,154.2,10,416.34,75,10,41.63,491.34,Bank Transfer,8,
BK000050,G00475,2024-01-10,2024-03-22,2024-03-24,Completed,Travel Agency,Double,2,0,IT,Leisure,103.19,0,206.38,0,10,20.64,206.38,Bank Transfer,,High floor
BK001527,G00250,2024-06-18,2024-11-07,2024-11-12,Completed,Travel Agency,Double,2,0,GR,Leisure,97.08,5,461.13,10,10,46.11,471.13,Bank Transfer,,Quiet room
BK000280,G01389,2024-07-13,2024-09-30,2024-10-02,Completed,Travel Agency,Double,2,2,DE,Leisure,164.21,10,295.58,0,10,29.56,295.58,Bank Transfer,,
BK001464,G00979,2025-03-23,2025-07-02,2025-07-09,Completed,Travel Agency,Double,2,0,GR,Leisure,143.46,0,1004.22,0,10,100.42,1004.22,Bank Transfer,7,Quiet room
BK002644,G00449,2025-04-04,2025-09-09,2025-09-14,Completed,Travel Agency,Suite,1,1,GR,Leisure,272.63,0,1363.15,0,10,136.32,1363.15,Bank Transfer,,
BK000288,G00543,2025-11-17,2025-11-19,2025-11-23,Completed,Travel Agency,Single,1,0,GR,Leisure,60.17,5,228.65,0,10,22.87,228.65,Bank Transfer,9,
BK001948,G00450,2025-03-15,2025-04-17,2025-04-22,Completed,Travel Agency,Double,2,1,FR,Leisure,93.49,5,444.08,0,10,44.41,444.08,Bank Transfer,9,Quiet room
BK000603,G00130,2024-02-11,2024-07-06,2024-07-07,Completed,Travel Agency,Double,2,0,GB,Leisure,150.12,5,142.61,10,10,14.26,152.61,Bank Transfer,,
BK001066,G01139,2025-12-02,2025-12-21,2025-12-26,Completed,Travel Agency,Double,2,0,US,Leisure,111.41,0,557.05,75,10,55.71,632.05,Bank Transfer,8,Quiet room
BK000456,G00565,2024-10-03,2025-03-22,2025-03-27,Completed,Travel Agency,Double,1,0,FR,Leisure,89.61,5,425.65,10,10,42.57,435.65,Bank Transfer,8,High floor
BK002715,G01030,2024-02-16,2024-06-22,2024-06-24,Completed,Travel Agency,Double,2,1,DE,Business,160.74,5,305.41,20,10,30.54,325.41,Bank Transfer,,High floor
BK001656,G01784,2024-04-16,2024-04-29,2024-05-02,Completed,Travel Agency,Double,2,0,IT,Leisure,98.7,0,296.1,50,10,29.61,346.1,Bank Transfer,,Baby cot
BK002354,G00062,2024-08-12,2024-12-27,2025-01-03,Completed,Travel Agency,Single,1,0,DE,Leisure,67.91,0,475.37,0,10,47.54,475.37,Bank Transfer,,Late arrival
BK001414,G01588,2024-03-05,2024-03-21,2024-03-25,Completed,Travel Agency,Double,1,0,IT,Leisure,97.12,0,388.48,75,10,38.85,463.48,Bank Transfer,,
BK000559,G01547,2025-03-09,2025-06-08,2025-06-11,Completed,Travel Agency,Single,1,0,DE,Leisure,94.88,0,284.64,35,10,28.46,319.64,Bank Transfer,,
BK002714,G00603,2024-04-02,2024-05-29,2024-06-03,Completed,Travel Agency,Double,2,1,ES,Business,100.53,0,502.65,75,10,50.27,577.65,Bank Transfer,7,
BK000447,G01497,2024-03-31,2024-07-25,2024-07-28,Completed,Travel Agency,Double,2,0,IT,Leisure,136.49,0,409.47,50,10,40.95,459.47,Bank Transfer,,
BK001698,G01232,2025-04-22,2025-08-11,2025-08-12,Completed,Booking.com,Single,1,0,GR,Leisure,95.61,10,86.05,0,15,12.91,86.05,Card,,Quiet room
BK002151,G01240,2024-10-01,2024-12-11,2024-12-18,Completed,Booking.com,Double,2,1,DE,Leisure,95.01,0,665.07,75,15,99.76,740.07,Card,,
BK001041,G00134,2024-12-23,2025-06-04,2025-06-11,Completed,Booking.com,Double,1,0,GR,Leisure,132.73,0,929.11,0,15,139.37,929.11,Card,,High floor
BK001400,G00374,2025-03-03,2025-07-14,2025-07-21,Completed,Booking.com,Double,1,0,IT,Leisure,125.3,0,877.1,75,15,131.57,952.1,Card,,Quiet room
BK000200,G00656,2025-04-24,2025-06-14,2025-06-17,Completed,Booking.com,Suite,2,0,NL,Leisure,218.97,0,656.91,10,15,98.54,666.91,Card,9,High floor
BK001898,G00341,2024-09-07,2024-09-20,2024-09-22,Completed,Booking.com,Suite,1,1,GB,Leisure,270.42,0,540.84,0,15,81.13,540.84,Card,10,Quiet room
BK002362,G02343,2025-01-16,2025-02-21,2025-02-23,Completed,Booking.com,Single,1,0,GB,Leisure,64.31,0,128.62,50,15,19.29,178.62,Card,10,
BK000087,G01319,2024-01-11,2024-06-15,2024-06-20,Completed,Booking.com,Double,2,0,GR,Leisure,154.03,0,770.15,50,15,115.52,820.15,Card,9,
BK001376,G00257,2024-11-05,2025-01-16,2025-01-20,Completed,Booking.com,Double,2,0,IT,Leisure,99.36,10,357.7,0,15,53.66,357.7,Card,,
BK000581,G01162,2024-11-07,2025-04-03,2025-04-08,Completed,Booking.com,Double,2,0,GB,Leisure,106.56,0,532.8,35,15,79.92,567.8,Card,10,High floor
BK000011,G01230,2025-02-06,2025-05-10,2025-05-15,Completed,Booking.com,Single,1,0,GR,Leisure,74.35,0,371.75,75,15,55.76,446.75,Card,,Baby cot
BK002547,G01660,2025-02-03,2025-05-15,2025-05-16,Completed,Booking.com,Double,2,0,GB,Leisure,90.04,0,90.04,50,15,13.51,140.04,Card,8,
BK002563,G00408,2025-03-03,2025-05-22,2025-05-27,Completed,Booking.com,Suite,2,0,FR,Leisure,148.79,0,743.95,75,15,111.59,818.95,Card,10,Baby cot
BK000133,G01204,2025-02-15,2025-05-24,2025-05-26,Completed,Booking.com,Double,1,0,DE,Leisure,113.42,0,226.84,0,15,34.03,226.84,Card,10,High floor
BK001813,G01796,2023-08-19,2024-01-20,2024-01-21,Completed,Booking.com,Single,1,0,NL,Leisure,69.85,0,69.85,0,15,10.48,69.85,Card,8,High floor
BK001641,G00991,2025-03-22,2025-07-18,2025-07-20,Completed,Booking.com,Single,1,0,DE,Leisure,103.53,10,186.35,20,15,27.95,206.35,Card,10,Quiet room
BK000721,G02133,2025-06-21,2025-07-07,2025-07-09,Completed,Booking.com,Double,2,0,US,Leisure,150.62,0,301.24,20,15,45.19,321.24,Card,9,Baby cot
BK001241,G01496,2024-11-11,2025-01-02,2025-01-06,Completed,Booking.com,Single,1,0,FR,Leisure,73.58,5,279.6,0,15,41.94,279.6,Card,,Baby cot
BK002879,G02015,2025-02-07,2025-07-16,2025-07-19,Completed,Booking.com,Single,1,0,FR,Leisure,93.36,10,252.07,35,15,37.81,287.07,Card,,
BK000107,G00452,2024-04-15,2024-06-20,2024-06-25,Completed,Booking.com,Single,1,0,FR,Leisure,95.65,0,478.25,35,15,71.74,513.25,Card,9,
BK002523,G02203,2025-01-23,2025-04-06,2025-04-10,Completed,Booking.com,Single,1,0,DE,Business,62.33,0,249.32,20,15,37.4,269.32,Card,8,Late arrival
BK001272,G00262,2024-09-20,2024-11-24,2024-12-01,Completed,Booking.com,Double,2,1,ES,Leisure,113.6,0,795.2,10,15,119.28,805.2,Card,9,Quiet room
BK000818,G00060,2024-08-01,2024-09-04,2024-09-08,Completed,Booking.com,Suite,1,0,GR,Leisure,226.52,5,860.78,0,15,129.12,860.78,Card,9,Late arrival
BK001356,G00656,2024-12-10,2025-01-03,2025-01-06,Completed,Booking.com,Suite,1,0,GR,Business,149.55,10,403.79,35,15,60.57,438.79,Card,7,High floor
BK001729,G02228,2024-12-11,2024-12-25,2024-12-28,Completed,Booking.com,Double,2,0,DE,Leisure,107.66,0,322.98,10,15,48.45,332.98,Card,8,Quiet room
BK000075,G00976,2024-05-27,2024-08-01,2024-08-03,Completed,Booking.com,Double,1,0,GB,Leisure,139.57,0,279.14,0,15,41.87,279.14,Card,8,High floor
BK000123,G01083,2024-05-21,2024-06-06,2024-06-13,Completed,Booking.com,Double,2,0,DE,Leisure,158.54,0,1109.78,35,15,166.47,1144.78,Card,8,
BK001367,G00089,2024-12-11,2025-01-09,2025-01-13,Completed,Booking.com,Double,2,0,GB,Leisure,99.04,0,396.16,20,15,59.42,416.16,Card,,Quiet room
BK000415,G01156,2025-01-12,2025-05-04,2025-05-05,Completed,Booking.com,Double,2,1,GB,Leisure,94.64,10,85.18,0,15,12.78,85.18,Card,10,Late arrival
BK001607,G00121,2025-06-02,2025-06-03,2025-06-06,Completed,Booking.com,Double,2,0,GB,Business,166.29,15,424.04,50,15,63.61,474.04,Card,,High floor
BK002507,G01879,2024-01-15,2024-03-27,2024-03-30,Completed,Booking.com,Suite,2,0,GR,Leisure,164.48,0,493.44,0,15,74.02,493.44,Card,9,Late arrival
BK002237,G02114,2024-02-14,2024-07-05,2024-07-10,Completed,Booking.com,Suite,1,0,ES,Leisure,217.93,10,980.69,10,15,147.1,990.69,Card,9,
BK001444,G00904,2025-06-14,2025-07-28,2025-08-04,Completed,Booking.com,Double,2,0,FR,Leisure,134.74,0,943.18,20,15,141.48,963.18,Card,10,Quiet room
BK002453,G00147,2024-11-01,2025-01-23,2025-01-27,Completed,Booking.com,Double,1,0,DE,Leisure,104.82,5,398.32,20,15,59.75,418.32,Card,8,Quiet room
BK001293,G00159,2025-06-14,2025-11-19,2025-11-24,Completed,Booking.com,Single,1,0,FR,Leisure,74.63,0,373.15,10,15,55.97,383.15,Card,9,
BK001691,G01362,2024-11-08,2025-01-11,2025-01-13,Completed,Booking.com,Single,1,0,GR,Leisure,56.41,0,112.82,0,15,16.92,112.82,Card,8,
BK000391,G01205,2025-01-22,2025-02-25,2025-03-03,Completed,Booking.com,Double,1,0,GR,Leisure,99.12,0,594.72,20,15,89.21,614.72,Card,,Late arrival
BK002094,G01322,2025-03-26,2025-07-21,2025-07-23,Completed,Booking.com,Single,1,0,GR,Leisure,95.18,15,161.81,35,15,24.27,196.81,Card,,Quiet room
BK002372,G00672,2025-06-05,2025-10-03,2025-10-07,Completed,Booking.com,Single,1,0,GR,Leisure,62.11,0,248.44,35,15,37.27,283.44,Card,7,Baby cot
BK002782,G01162,2025-09-04,2025-09-23,2025-09-27,Completed,Booking.com,Double,2,0,FR,Business,156.04,5,592.95,35,15,88.94,627.95,Card,,
BK002323,G00645,2024-06-27,2024-09-14,2024-09-18,Completed,Booking.com,Double,1,0,GR,Leisure,135.27,5,514.03,35,15,77.1,549.03,Card,9,
BK000860,G00879,2025-06-24,2025-08-27,2025-09-02,Completed,Booking.com,Single,1,0,DE,Leisure,92.31,10,498.47,20,15,74.77,518.47,Card,,Quiet room
BK001971,G02315,2024-01-20,2024-03-05,2024-03-12,Completed,Booking.com,Double,1,1,GR,Leisure,86.74,0,607.18,20,15,91.08,627.18,Card,8,
BK000537,G01378,2025-01-22,2025-04-08,2025-04-15,Completed,Booking.com,Double,2,1,DE,Leisure,103.03,0,721.21,50,15,108.18,771.21,Card,6,Late arrival
BK000259,G02015,2024-03-21,2024-06-07,2024-06-12,Completed,Booking.com,Suite,1,1,ES,Leisure,271.06,5,1287.54,0,15,193.13,1287.54,Card,10,
BK002261,G02070,2024-05-08,2024-10-25,2024-10-29,Completed,Booking.com,Double,2,0,NL,Leisure,97.63,0,390.52,75,15,58.58,465.52,Card,,Baby cot
BK002159,G00421,2025-05-26,2025-07-13,2025-07-15,Completed,Booking.com,Double,1,0,GR,Leisure,146.59,0,293.18,10,15,43.98,303.18,Card,5,Quiet room
BK000175,G01354,2024-08-18,2024-09-14,2024-09-20,Completed,Booking.com,Double,2,0,GR,Leisure,148.81,0,892.86,50,15,133.93,942.86,Card,,
BK000798,G00149,2024-01-15,2024-06-02,2024-06-03,Completed,Booking.com,Double,2,0,GR,Leisure,134.43,10,120.99,35,15,18.15,155.99,Card,,High floor
BK001552,G01183,2024-01-19,2024-02-06,2024-02-07,Completed,Booking.com,Double,1,0,GR,Leisure,113.4,5,107.73,35,15,16.16,142.73,Card,8,Late arrival
BK001532,G01893,2024-04-19,2024-09-10,2024-09-14,Completed,Booking.com,Suite,1,0,GR,Business,243.6,0,974.4,75,15,146.16,1049.4,Card,8,High floor
BK000498,G01697,2024-01-21,2024-04-17,2024-04-19,Completed,Booking.com,Single,1,0,NL,Leisure,72.7,5,138.13,10,15,20.72,148.13,Card,7,Quiet room
BK002869,G00280,2025-09-13,2025-11-04,2025-11-11,Completed,Booking.com,Suite,1,0,GB,Leisure,177.97,0,1245.79,75,15,186.87,1320.79,Card,,Baby cot
BK000236,G01318,2023-12-30,2024-06-21,2024-06-27,Completed,Booking.com,Double,2,0,ES,Leisure,129.78,0,778.68,10,15,116.8,788.68,Card,7,Late arrival
BK002852,G00539,2025-01-22,2025-03-27,2025-03-29,Completed,Booking.com,Double,1,0,FR,Leisure,113.51,10,204.32,0,15,30.65,204.32,Card,6,High floor
BK002546,G01381,2024-03-27,2024-07-14,2024-07-17,Completed,Booking.com,Double,2,0,FR,Business,131.01,0,393.03,50,15,58.95,443.03,Card,6,
BK001265,G00186,2025-03-23,2025-07-21,2025-07-26,Completed,Booking.com,Single,1,0,NL,Leisure,88.74,5,421.52,0,15,63.23,421.52,Card,9,
BK001392,G00296,2024-02-05,2024-06-13,2024-06-16,Completed,Booking.com,Double,1,0,GR,Leisure,130.47,0,391.41,0,15,58.71,391.41,Card,,
BK000791,G01018,2025-07-04,2025-09-14,2025-09-17,Completed,Booking.com,Double,1,0,US,Leisure,163.01,0,489.03,10,15,73.35,499.03,Card,10,Late arrival
BK000741,G02233,2024-10-14,2025-02-25,2025-02-28,Completed,Booking.com,Double,2,0,GR,Business,111.24,0,333.72,75,15,50.06,408.72,Card,9,Quiet room
BK002557,G02246,2024-04-03,2024-07-23,2024-07-29,Completed,Booking.com,Double,2,0,GB,Leisure,161.04,0,966.24,75,15,144.94,1041.24,Card,7,
BK001421,G01378,2025-06-09,2025-08-10,2025-08-14,Completed,Booking.com,Double,1,0,DE,Leisure,153.27,0,613.08,0,15,91.96,613.08,Card,10,Late arrival
BK001646,G01080,2024-05-09,2024-08-18,2024-08-23,Completed,Booking.com,Double,1,0,IT,Leisure,164.34,0,821.7,75,15,123.26,896.7,Card,7,Late arrival
BK002392,G02176,2024-08-28,2024-09-12,2024-09-17,Completed,Booking.com,Double,1,0,IT,Leisure,151.95,10,683.78,75,15,102.57,758.78,Card,9,
BK000109,G01539,2024-03-07,2024-07-30,2024-07-31,Completed,Booking.com,Double,1,0,GR,Leisure,125.1,5,118.85,75,15,17.83,193.85,Card,9,Quiet room
BK001448,G01068,2024-09-26,2024-12-22,2024-12-29,Completed,Booking.com,Double,2,1,ES,Leisure,93.89,15,558.65,35,15,83.8,593.65,Card,,High floor
BK002325,G00447,2024-10-04,2025-01-12,2025-01-15,Completed,Booking.com,Double,2,0,DE,Leisure,105.94,15,270.15,50,15,40.52,320.15,Card,10,High floor
BK000698,G00329,2024-06-21,2024-08-19,2024-08-20,Completed,Booking.com,Single,1,0,GR,Leisure,81.45,0,81.45,50,15,12.22,131.45,Card,9,Baby cot
BK001798,G01558,2025-04-25,2025-05-26,2025-05-28,Completed,Booking.com,Suite,1,0,GR,Leisure,198.59,5,377.32,75,15,56.6,452.32,Card,10,High floor
BK000935,G01818,2024-08-22,2024-12-29,2025-01-04,Completed,Booking.com,Double,2,0,GR,Leisure,87.85,5,500.74,20,15,75.11,520.74,Card,10,Baby cot
BK001386,G00686,2024-11-10,2025-02-25,2025-03-02,Completed,Booking.com,Single,1,0,FR,Leisure,58.09,10,261.41,0,15,39.21,261.41,Card,,Quiet room
BK001483,G01923,2024-06-18,2024-11-20,2024-11-25,Completed,Booking.com,Double,2,1,FR,Business,92.74,0,463.7,0,15,69.56,463.7,Card,8,Baby cot
BK001092,G01189,2025-07-28,2025-12-24,2025-12-26,Completed,Booking.com,Double,1,0,ES,Leisure,92.38,0,184.76,75,15,27.71,259.76,Card,,Baby cot
BK000222,G01003,2024-02-13,2024-08-02,2024-08-03,Completed,Booking.com,Suite,1,0,DE,Leisure,224.89,5,213.65,0,15,32.05,213.65,Card,9,
BK001229,G00163,2024-09-04,2024-11-25,2024-12-01,Completed,Booking.com,Double,2,0,NL,Leisure,88.99,0,533.94,20,15,80.09,553.94,Card,,Baby cot
BK002843,G00525,2023-12-17,2024-01-27,2024-01-30,Completed,Booking.com,Double,1,0,DE,Leisure,111.52,0,334.56,50,15,50.18,384.56,Card,8,Baby cot
BK000681,G00913,2025-09-25,2025-10-15,2025-10-18,Completed,Booking.com,Double,2,0,GB,Leisure,104.67,0,314.01,20,15,47.1,334.01,Card,8,
BK002858,G01969,2024-08-22,2024-10-07,2024-10-13,Completed,Booking.com,Double,2,0,GR,Leisure,97.41,10,526.01,0,15,78.9,526.01,Card,7,Baby cot
BK002613,G02257,2025-07-12,2025-11-23,2025-11-25,Completed,Booking.com,Double,2,0,FR,Leisure,88.8,0,177.6,35,15,26.64,212.6,Card,10,High floor
BK002776,G00750,2024-05-08,2024-09-20,2024-09-23,Completed,Booking.com,Single,1,0,GR,Leisure,93.14,5,265.45,10,15,39.82,275.45,Card,9,
BK000443,G01491,2024-02-14,2024-06-05,2024-06-09,Completed,Booking.com,Double,1,0,NL,Leisure,136.17,0,544.68,20,15,81.7,564.68,Card,9,
BK001381,G00209,2025-06-29,2025-07-24,2025-07-29,Completed,Booking.com,Suite,2,0,DE,Leisure,269.15,15,1143.89,0,15,171.58,1143.89,Card,,Baby cot
BK000424,G02019,2024-02-05,2024-07-28,2024-07-31,Completed,Booking.com,Single,1,0,ES,Leisure,94.93,5,270.55,50,15,40.58,320.55,Card,8,Quiet room
BK000394,G02288,2023-10-11,2024-03-28,2024-04-04,Completed,Booking.com,Double,2,0,GR,Leisure,111.27,10,701.0,10,15,105.15,711.0,Card,9,Late arrival
BK001767,G01344,2025-09-18,2025-11-03,2025-11-06,Completed,Booking.com,Double,2,0,US,Business,99.97,0,299.91,75,15,44.99,374.91,Card,,Quiet room
BK000580,G00902,2024-12-09,2025-02-14,2025-02-15,Completed,Booking.com,Suite,1,0,US,Leisure,191.27,15,162.58,35,15,24.39,197.58,Card,10,High floor
BK001038,G01710,2024-05-26,2024-07-08,2024-07-15,Completed,Booking.com,Double,2,0,ES,Leisure,165.26,10,1041.14,50,15,156.17,1091.14,Card,,
BK002080,G01478,2025-05-11,2025-07-20,2025-07-24,Completed,Booking.com,Suite,2,0,GR,Business,226.74,0,906.96,75,15,136.04,981.96,Card,10,Late arrival
BK001713,G01864,2024-03-27,2024-07-01,2024-07-05,Completed,Booking.com,Double,2,0,ES,Business,136.67,0,546.68,0,15,82.0,546.68,Card,10,Baby cot
BK002688,G02097,2024-07-28,2024-10-28,2024-11-03,Completed,Booking.com,Double,2,1,GR,Leisure,114.34,0,686.04,75,15,102.91,761.04,Card,,
BK000374,G01743,2025-07-30,2025-11-12,2025-11-16,Completed,Booking.com,Double,2,0,IT,Business,101.21,0,404.84,0,15,60.73,404.84,Card,10,Quiet room
BK000952,G00320,2024-07-06,2024-10-15,2024-10-18,Completed,Booking.com,Double,2,0,GR,Leisure,99.93,0,299.79,20,15,44.97,319.79,Card,,High floor
BK002634,G01205,2025-02-23,2025-04-30,2025-05-07,Completed,Booking.com,Single,1,0,FR,Leisure,67.76,10,426.89,35,15,64.03,461.89,Card,8,Quiet room
BK002109,G00079,2023-12-07,2024-05-02,2024-05-07,Completed,Booking.com,Double,2,0,US,Leisure,90.76,5,431.11,50,15,64.67,481.11,Card,,Late arrival
BK002213,G00832,2025-03-05,2025-03-23,2025-03-28,Completed,Booking.com,Double,2,0,GR,Leisure,97.47,0,487.35,0,15,73.1,487.35,Card,,
BK000102,G02087,2024-04-08,2024-08-03,2024-08-07,Completed,Booking.com,Single,1,0,US,Leisure,100.05,0,400.2,0,15,60.03,400.2,Card,,
BK002007,G02000,2023-09-29,2024-02-26,2024-03-02,Completed,Booking.com,Double,2,1,GR,Leisure,101.86,0,509.3,50,15,76.4,559.3,Card,10,Late arrival
BK001065,G01383,2024-08-18,2024-08-19,2024-08-22,Completed,Booking.com,Suite,1,0,IT,Leisure,218.66,0,655.98,50,15,98.4,705.98,Card,8,Baby cot
BK000037,G00442,2024-04-06,2024-04-28,2024-05-01,Completed,Booking.com,Suite,1,0,US,Leisure,156.06,10,421.36,0,15,63.2,421.36,Card,,Quiet room
BK001942,G02110,2023-11-06,2024-01-01,2024-01-02,Completed,Booking.com,Double,1,0,NL,Leisure,106.42,0,106.42,75,15,15.96,181.42,Card,7,Baby cot
BK000850,G00283,2025-07-29,2025-08-26,2025-08-31,Completed,Booking.com,Double,1,0,GR,Leisure,150.63,0,753.15,75,15,112.97,828.15,Card,,Baby cot
BK000383,G01717,2024-10-01,2024-11-05,2024-11-06,Completed,Booking.com,Suite,1,0,GB,Business,187.34,10,168.61,10,15,25.29,178.61,Card,9,High floor
BK002747,G00105,2025-06-08,2025-08-14,2025-08-18,Completed,Booking.com,Suite,1,0,IT,Leisure,244.78,0,979.12,0,15,146.87,979.12,Card,9,Late arrival
BK001024,G00478,2025-09-05,2025-12-06,2025-12-09,Completed,Booking.com,Double,2,0,DE,Leisure,110.02,10,297.05,10,15,44.56,307.05,Card,9,
BK000472,G00886,2025-04-23,2025-07-06,2025-07-09,Completed,Booking.com,Double,2,0,GR,Leisure,133.44,0,400.32,75,15,60.05,475.32,Card,,Quiet room
BK000519,G00980,2025-02-12,2025-05-15,2025-05-22,Completed,Booking.com,Single,1,0,GR,Leisure,72.54,15,431.61,20,15,64.74,451.61,Card,,Baby cot
BK002581,G02386,2025-04-22,2025-06-01,2025-06-03,Completed,Booking.com,Double,2,0,GB,Business,137.36,5,260.98,50,15,39.15,310.98,Card,,Quiet room
BK002595,G00123,2024-04-28,2024-08-29,2024-09-05,Completed,Booking.com,Suite,2,0,GR,Leisure,232.21,0,1625.47,35,15,243.82,1660.47,Card,8,Baby cot
BK000066,G02133,2025-07-23,2025-08-01,2025-08-06,Completed,Booking.com,Double,1,2,FR,Business,132.73,0,663.65,75,15,99.55,738.65,Card,7,Quiet room
BK002001,G00123,2024-09-14,2025-02-16,2025-02-17,Completed,Booking.com,Suite,1,0,IT,Leisure,192.19,0,192.19,0,15,28.83,192.19,Card,10,Late arrival
BK001520,G00176,2025-05-02,2025-08-11,2025-08-14,Completed,Booking.com,Suite,1,0,FR,Leisure,277.96,10,750.49,0,15,112.57,750.49,Card,10,High floor
BK000557,G01405,2025-06-21,2025-08-02,2025-08-05,Completed,Booking.com,Suite,2,0,US,Leisure,229.78,0,689.34,20,15,103.4,709.34,Card,9,
BK002008,G01941,2024-07-23,2024-08-19,2024-08-21,Completed,Booking.com,Double,2,0,IT,Leisure,141.88,0,283.76,75,15,42.56,358.76,Card,,High floor
BK001826,G00680,2025-02-07,2025-06-20,2025-06-26,Completed,Booking.com,Double,2,0,DE,Leisure,124.4,0,746.4,50,15,111.96,796.4,Card,8,High floor
BK001221,G02129,2024-06-07,2024-06-23,2024-06-29,Completed,Booking.com,Double,1,0,GR,Leisure,125.9,0,755.4,20,15,113.31,775.4,Card,9,
BK001001,G00901,2025-05-18,2025-07-24,2025-07-30,Completed,Booking.com,Double,2,1,FR,Leisure,146.42,5,834.59,75,15,125.19,909.59,Card,10,High floor
BK002292,G02111,2023-11-03,2024-04-18,2024-04-21,Completed,Booking.com,Single,1,0,NL,Leisure,61.91,10,167.16,35,15,25.07,202.16,Card,9,Quiet room
BK000225,G00007,2024-02-26,2024-08-06,2024-08-11,Completed,Booking.com,Double,2,0,IT,Leisure,161.47,0,807.35,35,15,121.1,842.35,Card,,
BK002942,G00273,2024-02-05,2024-03-09,2024-03-10,Completed,Booking.com,Double,2,0,GR,Leisure,101.6,10,91.44,20,15,13.72,111.44,Card,9,
BK002086,G01477,2024-03-09,2024-07-27,2024-08-02,Completed,Booking.com,Double,2,0,DE,Leisure,140.41,0,842.46,10,15,126.37,852.46,Card,7,Quiet room
BK002769,G00571,2024-04-29,2024-05-22,2024-05-26,Completed,Booking.com,Single,1,0,ES,Leisure,72.02,0,288.08,50,15,43.21,338.08,Card,9,Baby cot
BK001678,G00150,2024-12-29,2025-02-06,2025-02-09,Completed,Booking.com,Double,2,0,GR,Leisure,90.99,0,272.97,0,15,40.95,272.97,Card,,High floor
BK002511,G02179,2023-12-14,2024-06-02,2024-06-04,Completed,Booking.com,Double,2,1,GB,Leisure,151.68,10,273.02,10,15,40.95,283.02,Card,,High floor
BK001216,G00574,2025-04-20,2025-08-26,2025-08-30,Completed,Booking.com,Suite,1,0,ES,Leisure,226.74,0,906.96,75,15,136.04,981.96,Card,9,
BK001681,G00429,2023-12-01,2024-04-01,2024-04-11,Completed,Booking.com,Single,1,0,GB,Leisure,70.25,0,702.5,0,15,105.38,702.5,Card,9,
BK002221,G00010,2024-04-15,2024-08-14,2024-08-16,Completed,Booking.com,Double,1,0,GB,Leisure,135.32,0,270.64,75,15,40.6,345.64,Card,10,
BK000859,G02149,2024-07-02,2024-07-18,2024-07-21,Completed,Booking.com,Single,1,0,GR,Leisure,89.07,0,267.21,35,15,40.08,302.21,Card,9,
BK002483,G00783,2023-10-09,2024-03-01,2024-03-08,Completed,Booking.com,Suite,2,0,NL,Leisure,195.79,0,1370.53,75,15,205.58,1445.53,Card,,Baby cot
BK000682,G02103,2025-06-17,2025-08-29,2025-09-01,Completed,Booking.com,Single,1,0,FR,Leisure,101.13,0,303.39,20,15,45.51,323.39,Card,9,
BK002141,G01507,2025-12-04,2025-12-30,2026-01-01,Completed,Booking.com,Double,2,0,GR,Leisure,85.11,0,170.22,75,15,25.53,245.22,Card,,High floor
BK001705,G01395,2025-06-28,2025-09-17,2025-09-22,Completed,Booking.com,Suite,1,1,GR,Leisure,286.15,10,1287.68,75,15,193.15,1362.68,Card,10,Quiet room
BK000635,G01296,2024-05-07,2024-07-26,2024-07-31,Completed,Booking.com,Suite,1,2,GB,Leisure,255.68,0,1278.4,10,15,191.76,1288.4,Card,,
BK000340,G01444,2024-03-24,2024-08-20,2024-08-25,Completed,Booking.com,Single,1,0,GR,Leisure,84.76,5,402.61,0,15,60.39,402.61,Card,9,
BK000301,G00639,2025-01-30,2025-04-30,2025-05-04,Completed,Booking.com,Suite,1,0,GR,Leisure,178.96,0,715.84,20,15,107.38,735.84,Card,7,Late arrival
BK000343,G01267,2025-01-18,2025-03-12,2025-03-18,Completed,Booking.com,Suite,1,0,DE,Leisure,159.64,0,957.84,75,15,143.68,1032.84,Card,,
BK001889,G00068,2024-12-20,2025-04-18,2025-04-21,Completed,Booking.com,Single,1,0,GB,Leisure,62.98,0,188.94,0,15,28.34,188.94,Card,,Quiet room
BK002653,G00428,2025-04-22,2025-04-29,2025-05-02,Completed,Booking.com,Double,2,0,GR,Leisure,94.5,5,269.33,0,15,40.4,269.33,Card,,High floor
BK000979,G01614,2024-09-15,2024-11-25,2024-12-02,Completed,Booking.com,Single,1,0,IT,Leisure,63.31,5,421.01,0,15,63.15,421.01,Card,7,Quiet room
BK001506,G00033,2024-04-24,2024-07-26,2024-07-29,Completed,Booking.com,Double,2,0,GB,Leisure,157.92,15,402.7,0,15,60.41,402.7,Card,,
BK000937,G00891,2024-03-24,2024-08-14,2024-08-15,Completed,Booking.com,Double,2,0,GB,Leisure,125.5,0,125.5,0,15,18.83,125.5,Card,10,
BK002924,G01783,2023-11-07,2024-02-04,2024-02-08,Completed,Booking.com,Double,2,1,DE,Leisure,100.93,5,383.53,0,15,57.53,383.53,Card,,High floor
BK002528,G01903,2024-03-13,2024-08-17,2024-08-18,Completed,Booking.com,Double,1,0,DE,Leisure,138.24,0,138.24,0,15,20.74,138.24,Card,,
BK001191,G01544,2024-05-21,2024-08-29,2024-09-01,Completed,Booking.com,Single,1,0,NL,Leisure,103.17,0,309.51,10,15,46.43,319.51,Card,8,High floor
BK000619,G01356,2024-05-27,2024-06-12,2024-06-19,Completed,Booking.com,Suite,1,1,GR,Leisure,252.02,5,1675.93,10,15,251.39,1685.93,Card,,Late arrival
BK002702,G00688,2025-12-09,2025-12-14,2025-12-17,Completed,Booking.com,Double,1,0,GR,Leisure,96.67,0,290.01,0,15,43.5,290.01,Card,,Baby cot
BK002505,G00032,2025-05-21,2025-08-02,2025-08-05,Completed,Booking.com,Double,1,0,US,Leisure,136.88,0,410.64,75,15,61.6,485.64,Card,9,
BK002619,G01836,2024-03-20,2024-09-14,2024-09-16,Completed,Booking.com,Suite,1,0,IT,Leisure,276.05,0,552.1,0,15,82.82,552.1,Card,,
BK002662,G00262,2024-01-03,2024-05-26,2024-05-28,Completed,Booking.com,Suite,1,0,IT,Business,163.52,15,277.98,10,15,41.7,287.98,Card,7,High floor
BK002024,G00405,2023-11-26,2024-04-07,2024-04-14,Completed,Booking.com,Double,1,0,GR,Business,97.52,0,682.64,0,15,102.4,682.64,Card,6,
BK000948,G02306,2024-08-01,2024-08-30,2024-09-03,Completed,Booking.com,Double,2,0,GR,Leisure,144.14,0,576.56,10,15,86.48,586.56,Card,9,
BK002162,G01017,2024-05-26,2024-11-20,2024-11-24,Completed,Booking.com,Double,2,0,NL,Leisure,114.37,5,434.61,0,15,65.19,434.61,Card,10,Late arrival
BK001438,G00666,2025-04-25,2025-06-05,2025-06-06,Completed,Booking.com,Double,1,0,NL,Leisure,142.91,0,142.91,50,15,21.44,192.91,Card,10,Baby cot
BK002659,G01861,2024-10-28,2025-01-06,2025-01-10,Completed,Booking.com,Suite,2,1,GB,Business,176.95,0,707.8,0,15,106.17,707.8,Card,10,Baby cot
BK001829,G01878,2024-05-08,2024-08-19,2024-08-22,Completed,Booking.com,Double,2,0,DE,Leisure,157.44,0,472.32,20,15,70.85,492.32,Card,10,High floor
BK000891,G00189,2025-08-15,2025-08-20,2025-08-30,Completed,Booking.com,Single,1,0,FR,Business,106.23,10,956.07,20,15,143.41,976.07,Card,8,
BK002956,G00901,2024-12-13,2025-05-23,2025-05-30,Completed,Booking.com,Single,1,0,FR,Leisure,61.88,5,411.5,35,15,61.73,446.5,Card,9,High floor
BK001927,G01759,2024-11-08,2025-04-28,2025-05-02,Completed,Booking.com,Double,1,0,GB,Leisure,89.82,0,359.28,35,15,53.89,394.28,Card,8,
BK000414,G00261,2024-07-17,2024-09-06,2024-09-16,Completed,Booking.com,Double,1,0,ES,Leisure,131.96,0,1319.6,0,15,197.94,1319.6,Card,10,
BK000994,G00039,2023-12-26,2024-03-07,2024-03-09,Completed,Booking.com,Double,1,0,US,Business,95.77,0,191.54,10,15,28.73,201.54,Card,,Quiet room
BK002242,G02191,2025-01-24,2025-06-30,2025-07-03,Completed,Booking.com,Suite,1,0,DE,Business,288.23,10,778.22,20,15,116.73,798.22,Card,9,High floor
BK000915,G01926,2024-10-03,2025-01-23,2025-01-25,Completed,Booking.com,Double,2,0,GR,Leisure,105.88,10,190.58,35,15,28.59,225.58,Card,7,Late arrival
BK002963,G01925,2023-12-26,2024-06-16,2024-06-20,Completed,Booking.com,Single,1,0,FR,Leisure,94.37,0,377.48,0,15,56.62,377.48,Card,9,High floor
BK002857,G02028,2024-07-03,2024-08-18,2024-08-20,Completed,Booking.com,Double,2,0,FR,Leisure,143.63,5,272.9,0,15,40.93,272.9,Card,10,
BK002935,G01310,2025-07-28,2025-09-29,2025-10-05,Completed,Booking.com,Double,1,0,IT,Leisure,148.24,5,844.97,20,15,126.75,864.97,Card,10,Late arrival
BK001144,G00408,2025-07-07,2025-09-03,2025-09-05,Completed,Booking.com,Double,1,1,ES,Leisure,158.73,0,317.46,0,15,47.62,317.46,Card,,
BK001477,G00571,2024-04-16,2024-05-19,2024-05-22,Completed,Booking.com,Suite,2,0,GB,Leisure,170.69,0,512.07,10,15,76.81,522.07,Card,10,
BK000716,G00909,2025-03-02,2025-07-13,2025-07-17,Completed,Booking.com,Single,1,0,DE,Leisure,81.86,0,327.44,50,15,49.12,377.44,Card,9,Late arrival
BK002664,G02082,2025-03-16,2025-05-28,2025-06-03,Completed,Booking.com,Double,2,2,GR,Leisure,100.33,0,601.98,0,15,90.3,601.98,Card,,Late arrival
BK000648,G00692,2025-08-27,2025-09-22,2025-09-29,Completed,Booking.com,Suite,2,1,GR,Leisure,264.57,0,1851.99,0,15,277.8,1851.99,Card,,
BK001275,G01310,2024-07-29,2025-01-11,2025-01-14,Completed,Booking.com,Suite,2,0,ES,Business,166.38,0,499.14,50,15,74.87,549.14,Card,,Baby cot
BK000945,G01792,2024-12-19,2025-02-08,2025-02-12,Completed,Booking.com,Single,1,0,,Leisure,66.36,0,265.44,0,15,39.82,265.44,Card,10,
BK000308,G02143,2024-03-25,2024-05-18,2024-05-23,Completed,Booking.com,Double,1,0,ES,Leisure,88.27,0,441.35,10,15,66.2,451.35,Card,,Baby cot
BK000720,G01657,2024-08-21,2024-11-27,2024-12-01,Completed,Booking.com,Double,1,1,DE,Leisure,108.27,5,411.43,20,15,61.71,431.43,Card,9,Late arrival
BK002775,G01429,2024-09-19,2024-12-23,2024-12-27,Completed,Booking.com,Double,1,0,IT,Business,100.85,0,403.4,0,15,60.51,403.4,Card,7,Baby cot
BK001471,G02299,2024-11-08,2024-12-05,2024-12-10,Completed,Booking.com,Double,2,1,DE,Leisure,99.33,5,471.82,35,15,70.77,506.82,Card,9,
BK000429,G00891,2025-02-03,2025-02-25,2025-03-03,Completed,Booking.com,Suite,2,1,GR,Leisure,199.11,0,1194.66,35,15,179.2,1229.66,Card,10,
BK002790,G00575,2023-11-20,2024-01-31,2024-02-03,Completed,Booking.com,Single,1,0,GR,Leisure,64.36,5,183.43,0,15,27.51,183.43,Card,7,Late arrival
BK002146,G00215,2025-06-19,2025-11-04,2025-11-06,Completed,Booking.com,Suite,2,0,FR,Leisure,167.35,0,334.7,0,15,50.21,334.7,Card,,
BK000988,G00276,2025-09-18,2025-11-02,2025-11-04,Completed,Booking.com,Single,1,0,GR,Leisure,56.65,0,113.3,50,15,17.0,163.3,Card,,Quiet room
BK000672,G02218,2025-05-06,2025-06-04,2025-06-11,Completed,Booking.com,Double,2,0,GB,Leisure,125.74,15,748.15,20,15,112.22,768.15,Card,10,
BK002147,G01936,2024-09-10,2025-01-10,2025-01-15,Completed,Booking.com,Single,1,0,IT,Leisure,65.76,0,328.8,0,15,49.32,328.8,Card,10,High floor
BK000393,G02264,2024-05-02,2024-08-14,2024-08-18,Completed,Booking.com,Double,1,1,GR,Leisure,163.16,5,620.01,0,15,93.0,620.01,Card,,
BK000837,G00784,2025-04-19,2025-09-21,2025-09-25,Completed,Booking.com,Double,2,0,ES,Leisure,155.11,0,620.44,75,15,93.07,695.44,Card,10,High floor
BK002823,G00519,2024-04-07,2024-06-02,2024-06-05,Completed,Booking.com,Double,2,0,IT,Leisure,138.29,10,373.38,20,15,56.01,393.38,Card,,Baby cot
BK002366,G00779,2025-01-03,2025-01-24,2025-01-30,Completed,Booking.com,Double,1,0,GB,Leisure,96.09,0,576.54,10,15,86.48,586.54,Card,,
BK001412,G01802,2025-04-09,2025-08-03,2025-08-08,Completed,Booking.com,Double,1,0,GR,Business,147.48,0,737.4,75,15,110.61,812.4,Card,8,Quiet room
BK001058,G01585,2025-04-10,2025-08-13,2025-08-16,Completed,Booking.com,Double,1,2,NL,Leisure,146.45,0,439.35,0,15,65.9,439.35,Card,9,
BK002241,G00331,2025-08-18,2025-11-05,2025-11-07,Completed,Booking.com,Double,2,0,GB,Business,99.41,5,188.88,0,15,28.33,188.88,Card,,Late arrival
BK002178,G01273,2024-04-19,2024-05-05,2024-05-06,Completed,Booking.com,Double,1,0,GR,Leisure,97.38,10,87.64,20,15,13.15,107.64,Card,8,Baby cot
BK002545,G01155,2025-01-27,2025-04-16,2025-04-17,Completed,Booking.com,Single,1,0,GB,Leisure,69.15,0,69.15,35,15,10.37,104.15,Card,9,Baby cot
BK001277,G01546,2025-04-14,2025-10-08,2025-10-13,Completed,Booking.com,Suite,2,0,NL,Leisure,191.58,5,910.01,0,15,136.5,910.01,Card,8,
BK000745,G01082,2025-01-18,2025-06-26,2025-06-29,Completed,Booking.com,Double,1,0,US,Leisure,163.14,0,489.42,50,15,73.41,539.42,Card,10,
BK001053,G00850,2025-05-28,2025-06-21,2025-06-27,Completed,Booking.com,Double,2,2,ES,Leisure,153.29,10,827.77,20,15,124.17,847.77,Card,7,
BK001915,G01725,2023-10-14,2024-03-23,2024-03-25,Completed,Booking.com,Double,1,0,NL,Leisure,102.02,0,204.04,35,15,30.61,239.04,Card,8,Baby cot
BK001336,G01808,2025-06-27,2025-09-23,2025-09-27,Completed,Booking.com,Single,1,0,GR,Leisure,96.73,15,328.88,10,15,49.33,338.88,Card,9,
BK002474,G02092,2025-01-05,2025-03-12,2025-03-15,Completed,Booking.com,Double,1,2,GR,Leisure,95.59,0,286.77,0,15,43.02,286.77,Card,7,Baby cot
BK001828,G00615,2024-12-20,2025-01-22,2025-01-27,Completed,Booking.com,Double,2,0,GR,Leisure,110.12,0,550.6,35,15,82.59,585.6,Card,6,High floor
BK000777,G00463,2024-03-22,2024-05-17,2024-05-19,Completed,Booking.com,Double,1,0,GB,Leisure,101.29,15,172.19,20,15,25.83,192.19,Card,,Baby cot
BK000266,G02063,2025-06-12,2025-08-01,2025-08-06,Completed,Booking.com,Single,1,0,IT,Leisure,87.99,0,439.95,0,15,65.99,439.95,Card,8,
BK001045,G01456,2024-01-20,2024-03-12,2024-03-13,Completed,Booking.com,Single,1,0,GR,Leisure,62.62,0,62.62,0,15,9.39,62.62,Card,8,
BK002816,G02217,2024-03-29,2024-08-14,2024-08-17,Completed,Booking.com,Double,1,1,GR,Leisure,146.38,15,373.27,20,15,55.99,393.27,Card,9,Baby cot
BK002182,G01911,2024-03-13,2024-09-07,2024-09-10,Completed,Booking.com,Double,2,0,GB,Leisure,145.18,5,413.76,20,15,62.06,433.76,Card,9,Late arrival
BK002699,G01603,2024-07-20,2024-09-07,2024-09-08,Completed,Booking.com,Suite,1,0,GR,Leisure,219.01,0,219.01,50,15,32.85,269.01,Card,,Late arrival
BK000483,G01371,2024-04-20,2024-10-03,2024-10-05,Completed,Booking.com,Double,1,0,NL,Leisure,108.49,0,216.98,75,15,32.55,291.98,Card,9,
BK002046,G00119,2025-06-15,2025-08-26,2025-08-30,Completed,Booking.com,Double,1,2,GR,Leisure,163.82,10,589.75,50,15,88.46,639.75,Card,7,
BK001835,G02232,2024-11-02,2025-02-02,2025-02-05,Completed,Booking.com,Double,2,0,DE,Leisure,111.78,0,335.34,50,15,50.3,385.34,Card,5,Quiet room
BK001635,G02394,2024-06-28,2024-10-29,2024-11-01,Completed,Booking.com,Double,2,0,FR,Leisure,95.45,10,257.72,50,15,38.66,307.72,Card,9,Baby cot
BK000355,G01678,2024-11-07,2025-04-14,2025-04-15,Completed,Booking.com,Suite,2,0,IT,Leisure,160.47,15,136.4,0,15,20.46,136.4,Card,9,Baby cot
BK000376,G00719,2025-01-21,2025-04-19,2025-04-22,Completed,Booking.com,Double,2,0,NL,Leisure,90.52,0,271.56,0,15,40.73,271.56,Card,9,Quiet room
BK000657,G01567,2025-04-21,2025-06-03,2025-06-06,Completed,Booking.com,Suite,1,1,ES,Leisure,245.26,0,735.78,10,15,110.37,745.78,Card,10,
BK000480,G00047,2025-01-09,2025-03-18,2025-03-21,Completed,Booking.com,Single,1,0,DE,Leisure,61.18,0,183.54,10,15,27.53,193.54,Card,9,
BK001160,G00802,2024-04-01,2024-06-05,2024-06-07,Completed,Booking.com,Double,2,0,GB,Leisure,159.18,15,270.61,10,15,40.59,280.61,Card,10,Quiet room
BK000595,G01214,2025-03-25,2025-07-09,2025-07-11,Completed,Booking.com,Double,1,0,GR,Business,136.45,0,272.9,50,15,40.93,322.9,Card,9,Quiet room
BK001121,G02086,2025-05-04,2025-06-11,2025-06-14,Completed,Booking.com,Double,1,0,GR,Leisure,132.66,0,397.98,75,15,59.7,472.98,Card,8,
BK002828,G00233,2024-04-29,2024-09-23,2024-09-30,Completed,Booking.com,Double,2,0,NL,Leisure,147.98,0,1035.86,75,15,155.38,1110.86,Card,8,
BK001413,G01939,2023-08-02,2024-01-25,2024-01-31,Completed,Booking.com,Double,2,0,GR,Leisure,97.44,5,555.41,35,15,83.31,590.41,Card,9,Late arrival
BK002658,G01508,2024-05-20,2024-06-23,2024-06-30,Completed,Booking.com,Double,2,0,GB,Leisure,139.34,5,926.61,0,15,138.99,926.61,Card,,Late arrival
BK001959,G00698,2025-08-28,2025-09-14,2025-09-17,Completed,Booking.com,Double,2,2,GR,Leisure,161.86,15,412.74,35,15,61.91,447.74,Card,9,Baby cot
BK000434,G00725,2025-05-16,2025-09-15,2025-09-20,Completed,Booking.com,Double,2,0,DE,Leisure,163.71,0,818.55,0,15,122.78,818.55,Card,8,Baby cot
BK001276,G00917,2024-02-25,2024-06-21,2024-06-27,Completed,Booking.com,Suite,2,1,FR,Leisure,282.4,0,1694.4,0,15,254.16,1694.4,Card,10,
BK002725,G02146,2025-01-25,2025-02-19,2025-02-21,Completed,Booking.com,Double,1,0,DE,Leisure,105.88,10,190.58,75,15,28.59,265.58,Card,8,High floor
BK000311,G02115,2023-12-19,2024-04-27,2024-04-30,Completed,Booking.com,Single,1,0,GB,Leisure,57.46,10,155.14,20,15,23.27,175.14,Card,,
BK002321,G02001,2024-10-24,2024-12-29,2025-01-01,Completed,Booking.com,Single,1,0,GB,Leisure,61.52,0,184.56,50,15,27.68,234.56,Card,7,
BK002783,G00281,2025-03-06,2025-04-29,2025-05-06,Completed,Booking.com,Single,1,0,GR,Leisure,67.63,0,473.41,10,15,71.01,483.41,Card,10,Quiet room
BK001574,G01108,2025-04-18,2025-09-21,2025-09-26,Completed,Booking.com,Double,2,0,DE,Leisure,131.02,0,655.1,75,15,98.27,730.1,Card,9,Quiet room
BK000458,G00777,2025-08-13,2025-10-05,2025-10-06,Completed,Booking.com,Double,2,0,GR,Leisure,107.68,10,96.91,35,15,14.54,131.91,Card,7,
BK002161,G00234,2025-03-07,2025-08-25,2025-08-31,Completed,Booking.com,Double,1,0,GR,Leisure,155.91,5,888.69,75,15,133.3,963.69,Card,8,Quiet room
BK000509,G00303,2024-03-05,2024-03-09,2024-03-10,Completed,Booking.com,Suite,2,0,ES,Leisure,174.32,5,165.6,50,15,24.84,215.6,Card,8,Late arrival
BK000298,G00383,2024-08-11,2024-12-17,2024-12-19,Completed,Booking.com,Double,1,0,NL,Leisure,101.61,5,193.06,10,15,28.96,203.06,Card,8,Quiet room
BK001844,G00219,2024-08-16,2025-01-24,2025-01-27,Completed,Booking.com,Double,2,0,IT,Leisure,88.66,0,265.98,0,15,39.9,265.98,Card,5,
BK002606,G00336,2025-06-21,2025-07-23,2025-07-26,Completed,Booking.com,Double,1,1,GB,Leisure,162.75,0,488.25,50,15,73.24,538.25,Card,5,High floor
BK002827,G02069,2024-07-24,2024-09-14,2024-09-16,Completed,Booking.com,Single,1,0,GB,Leisure,107.3,0,214.6,50,15,32.19,264.6,Card,8,Quiet room
BK001165,G01429,2025-01-30,2025-05-08,2025-05-09,Completed,Booking.com,Suite,1,0,FR,Leisure,178.47,0,178.47,35,15,26.77,213.47,Card,10,Late arrival
BK000607,G02177,2024-01-12,2024-04-13,2024-04-15,Completed,Booking.com,Double,1,0,US,Leisure,90.44,0,180.88,75,15,27.13,255.88,Card,,High floor
BK002637,G00545,2023-10-01,2024-03-01,2024-03-04,Completed,Booking.com,Double,1,0,GB,Leisure,101.06,5,288.02,10,15,43.2,298.02,Card,10,High floor
BK001279,G01212,2025-03-21,2025-06-28,2025-07-01,Completed,Booking.com,Double,2,2,GB,Business,157.12,0,471.36,75,15,70.7,546.36,Card,9,Baby cot
BK000126,G01381,2023-12-15,2024-03-06,2024-03-09,Completed,Booking.com,Double,1,1,FR,Leisure,89.83,5,256.02,0,15,38.4,256.02,Card,6,
BK001148,G01878,2025-03-04,2025-08-07,2025-08-14,Completed,Booking.com,Suite,2,0,DE,Leisure,247.72,5,1647.34,0,15,247.1,1647.34,Card,8,
BK000208,G00801,2023-08-27,2024-01-19,2024-01-23,Completed,Booking.com,Double,2,0,IT,Business,102.64,0,410.56,0,15,61.58,410.56,Card,,
BK000892,G00156,2024-10-02,2025-02-28,2025-03-05,Completed,Booking.com,Double,1,0,GR,Leisure,101.25,0,506.25,20,15,75.94,526.25,Card,8,High floor
BK000713,G01874,2025-04-20,2025-06-18,2025-06-21,Completed,Booking.com,Double,1,1,GR,Leisure,143.81,10,388.29,50,15,58.24,438.29,Card,9,Quiet room
BK002576,G00955,2023-09-13,2024-02-08,2024-02-15,Completed,Booking.com,Double,1,0,GR,Business,106.91,10,673.53,50,15,101.03,723.53,Card,,
BK001849,G00218,2024-05-13,2024-09-18,2024-09-25,Completed,Booking.com,Double,1,2,GR,Leisure,147.83,0,1034.81,35,15,155.22,1069.81,Card,8,High floor
BK000636,G01240,2024-05-25,2024-07-20,2024-07-30,Completed,Booking.com,Suite,1,0,GR,Leisure,235.35,5,2235.83,50,15,335.37,2285.83,Card,9,Late arrival
BK001138,G00246,2025-08-06,2025-08-20,2025-08-22,Completed,Booking.com,Double,2,1,FR,Leisure,153.11,15,260.29,75,15,39.04,335.29,Card,,
BK000441,G01214,2025-04-17,2025-05-16,2025-05-20,Completed,Booking.com,Single,1,0,IT,Leisure,66.23,0,264.92,20,15,39.74,284.92,Card,,
BK001551,G01884,2024-05-22,2024-10-02,2024-10-03,Completed,Booking.com,Double,2,0,IT,Leisure,92.43,5,87.81,75,15,13.17,162.81,Card,,
BK001909,G01778,2025-02-15,2025-07-02,2025-07-03,Completed,Booking.com,Double,2,0,ES,Leisure,144.28,0,144.28,10,15,21.64,154.28,Card,8,
BK002153,G01147,2024-01-16,2024-01-26,2024-01-31,Completed,Booking.com,Double,1,0,IT,Leisure,108.02,5,513.1,10,15,76.97,523.1,Card,,Late arrival
BK002590,G01674,2023-09-26,2024-02-11,2024-02-15,Completed,Booking.com,Double,1,0,GB,Leisure,90.6,10,326.16,0,15,48.92,326.16,Card,9,Quiet room
BK001725,G01514,2025-07-15,2025-07-21,2025-07-23,Completed,Booking.com,Double,2,0,GR,Leisure,133.37,0,266.74,50,15,40.01,316.74,Card,9,
BK001308,G02040,2025-10-22,2025-12-14,2025-12-16,Completed,Booking.com,Single,1,0,GR,Business,59.35,10,106.83,50,15,16.02,156.83,Card,8,
BK001403,G01176,2025-05-13,2025-07-25,2025-07-30,Completed,Booking.com,Suite,2,0,GR,Leisure,291.57,0,1457.85,20,15,218.68,1477.85,Card,8,High floor
BK000932,G00876,2024-05-08,2024-06-18,2024-06-21,Completed,Booking.com,Single,1,0,GR,Leisure,102.76,0,308.28,0,15,46.24,308.28,Card,9,High floor
BK001854,G00813,2023-12-24,2024-01-23,2024-01-28,Completed,Booking.com,Single,1,0,GR,Leisure,60.26,10,271.17,75,15,40.68,346.17,Card,10,
BK000275,G01506,2023-12-24,2024-01-04,2024-01-08,Completed,Booking.com,Double,1,0,IT,Leisure,91.22,0,364.88,35,15,54.73,399.88,Card,8,Late arrival
BK002585,G00846,2024-07-24,2024-12-28,2024-12-30,Completed,Booking.com,Suite,2,2,FR,Leisure,175.79,5,334.0,20,15,50.1,354.0,Card,10,High floor
BK001273,G02117,2024-08-30,2025-02-23,2025-02-25,Completed,Booking.com,Double,1,2,NL,Leisure,100.14,5,190.27,75,15,28.54,265.27,Card,10,Baby cot
BK001522,G01872,2024-06-06,2024-06-17,2024-06-20,Completed,Booking.com,Single,1,0,GB,Business,93.07,0,279.21,50,15,41.88,329.21,Card,9,High floor
BK001742,G01973,2024-10-23,2025-01-04,2025-01-09,Completed,Booking.com,Double,2,0,FR,Leisure,85.75,5,407.31,75,15,61.1,482.31,Card,,Quiet room
BK002263,G00594,2025-01-06,2025-01-09,2025-01-11,Completed,Booking.com,Double,2,0,ES,Leisure,112.87,0,225.74,20,15,33.86,245.74,Card,8,Late arrival
BK000178,G01567,2024-05-15,2024-06-09,2024-06-14,Completed,Booking.com,Double,1,0,NL,Leisure,159.95,0,799.75,20,15,119.96,819.75,Card,8,Quiet room
BK002066,G02376,2024-01-21,2024-06-08,2024-06-18,Completed,Booking.com,Double,1,0,GR,Leisure,152.01,15,1292.08,10,15,193.81,1302.08,Card,,High floor
BK000069,G01359,2025-02-22,2025-06-01,2025-06-02,Completed,Booking.com,Double,2,1,GR,Business,165.5,0,165.5,75,15,24.83,240.5,Card,6,Late arrival
BK001739,G00822,2023-08-23,2024-01-03,2024-01-06,Completed,Booking.com,Suite,1,0,ES,Leisure,192.07,10,518.59,75,15,77.79,593.59,Card,10,
BK000017,G01965,2024-03-03,2024-05-26,2024-05-28,Completed,Booking.com,Double,1,0,US,Leisure,111.28,10,200.3,10,15,30.05,210.3,Card,8,High floor
BK002432,G01694,2024-09-20,2024-10-29,2024-11-02,Completed,Booking.com,Suite,1,0,NL,Leisure,190.64,0,762.56,50,15,114.38,812.56,Card,7,
BK000005,G00304,2025-10-31,2025-12-07,2025-12-11,Completed,Booking.com,Suite,1,2,GB,Leisure,182.82,0,731.28,20,15,109.69,751.28,Card,8,Late arrival
BK002379,G00039,2024-07-27,2024-08-03,2024-08-05,Completed,Booking.com,Double,2,0,IT,Leisure,145.77,5,276.96,35,15,41.54,311.96,Card,10,
BK002260,G00165,2025-03-29,2025-08-30,2025-09-01,Completed,Booking.com,Single,1,0,GB,Leisure,85.47,0,170.94,0,15,25.64,170.94,Card,10,
BK002119,G01335,2025-04-04,2025-06-10,2025-06-14,Completed,Booking.com,Single,1,0,GB,Leisure,93.46,10,336.46,35,15,50.47,371.46,Card,,High floor
BK001780,G00001,2024-02-02,2024-03-31,2024-04-03,Completed,Booking.com,Double,1,0,GR,Leisure,99.34,5,283.12,75,15,42.47,358.12,Card,9,High floor
BK000564,G00861,2025-02-12,2025-06-25,2025-07-01,Completed,Booking.com,Double,2,0,FR,Business,152.55,5,869.54,20,15,130.43,889.54,Card,10,
BK002797,G00315,2024-08-22,2024-09-05,2024-09-08,Completed,Booking.com,Double,1,0,FR,Leisure,125.33,0,375.99,10,15,56.4,385.99,Card,8,
BK001147,G01095,2023-10-23,2024-03-25,2024-03-30,Completed,Booking.com,Single,1,0,GB,Leisure,67.05,5,318.49,20,15,47.77,338.49,Card,,
BK001677,G00127,2025-09-14,2025-10-03,2025-10-08,Completed,Booking.com,Single,1,0,GR,Leisure,64.55,10,290.48,0,15,43.57,290.48,Card,10,Late arrival
BK002697,G01492,2024-07-19,2024-10-07,2024-10-11,Completed,Booking.com,Single,1,0,ES,Business,74.55,0,298.2,75,15,44.73,373.2,Card,8,Late arrival
BK001154,G02376,2025-08-10,2025-09-27,2025-09-30,Completed,Booking.com,Double,1,0,GR,Leisure,157.01,0,471.03,50,15,70.65,521.03,Card,,
BK000992,G01026,2024-04-01,2024-07-08,2024-07-15,Completed,Booking.com,Double,2,0,DE,Leisure,140.14,15,833.83,35,15,125.07,868.83,Card,7,Quiet room
BK000596,G01213,2024-01-23,2024-06-29,2024-07-05,Completed,Booking.com,Double,2,0,GB,Business,134.72,0,808.32,10,15,121.25,818.32,Card,9,Baby cot
BK000830,G00575,2025-06-29,2025-09-08,2025-09-11,Completed,Booking.com,Double,1,0,GB,Leisure,142.35,0,427.05,0,15,64.06,427.05,Card,8,Quiet room
BK000964,G01516,2024-09-15,2024-11-07,2024-11-10,Completed,Booking.com,Double,1,0,DE,Leisure,103.71,0,311.13,0,15,46.67,311.13,Card,8,Quiet room
BK001387,G01602,2024-07-07,2024-11-14,2024-11-19,Completed,Booking.com,Suite,2,1,DE,Leisure,158.33,10,712.49,10,15,106.87,722.49,Card,,Baby cot
BK001023,G00714,2024-12-14,2025-03-07,2025-03-10,Completed,Booking.com,Suite,2,0,ES,Leisure,169.25,0,507.75,0,15,76.16,507.75,Card,7,High floor
BK000794,G02324,2024-10-12,2025-03-14,2025-03-19,Completed,Booking.com,Single,1,0,GB,Business,63.54,5,301.82,75,15,45.27,376.82,Card,10,High floor
BK002113,G00380,2024-06-04,2024-06-15,2024-06-16,Completed,Booking.com,Suite,1,0,GR,Leisure,259.51,0,259.51,20,15,38.93,279.51,Card,7,
BK002045,G00815,2024-02-27,2024-03-03,2024-03-10,Completed,Booking.com,Double,1,0,GB,Leisure,103.86,0,727.02,0,15,109.05,727.02,Card,,High floor
BK001548,G02330,2023-08-16,2024-01-22,2024-01-25,Completed,Booking.com,Double,2,0,IT,Leisure,93.51,0,280.53,0,15,42.08,280.53,Card,9,High floor
BK000337,G00002,2023-08-28,2024-01-19,2024-01-24,Completed,Booking.com,Suite,2,2,NL,Leisure,151.35,0,756.75,35,15,113.51,791.75,Card,,Baby cot
BK001543,G00483,2024-03-15,2024-08-07,2024-08-10,Completed,Booking.com,Suite,2,0,GR,Leisure,226.97,0,680.91,10,15,102.14,690.91,Card,10,Quiet room
BK000599,G01113,2024-02-25,2024-04-25,2024-04-30,Completed,Direct,Double,1,0,IT,Leisure,85.41,0,427.05,50,0,0.0,477.05,Card,9,Baby cot
BK000242,G01652,2024-04-24,2024-08-28,2024-08-30,Completed,Direct,Double,2,0,DE,Leisure,163.36,0,326.72,10,0,0.0,336.72,Card,10,
BK000553,G00271,2023-10-22,2024-04-19,2024-04-22,Completed,Direct,Single,1,0,GR,Leisure,63.66,0,190.98,0,0,0.0,190.98,Card,10,
BK000764,G00798,2024-11-24,2024-12-13,2024-12-17,Completed,Direct,Double,2,0,IT,Leisure,104.11,5,395.62,10,0,0.0,405.62,Card,8,
BK002096,G00670,2025-02-18,2025-04-21,2025-04-22,Completed,Direct,Double,2,0,GB,Leisure,103.52,0,103.52,0,0,0.0,103.52,Card,8,Late arrival
BK000064,G00414,2025-04-14,2025-06-14,2025-06-19,Completed,Direct,Single,1,0,GR,Leisure,84.69,0,423.45,35,0,0.0,458.45,Card,,
BK002374,G01638,2025-07-17,2025-09-05,2025-09-10,Completed,Direct,Double,1,0,ES,Leisure,127.88,0,639.4,75,0,0.0,714.4,Card,8,Quiet room
BK000608,G00359,2023-10-21,2024-01-11,2024-01-15,Completed,Direct,Double,2,0,IT,Leisure,103.99,0,415.96,50,0,0.0,465.96,Card,,
BK001068,G01921,2024-02-05,2024-02-19,2024-02-22,Completed,Direct,Double,1,0,IT,Business,112.16,0,336.48,10,0,0.0,346.48,Card,6,
BK001415,G01195,2024-10-10,2024-12-12,2024-12-13,Completed,Direct,Double,1,1,NL,Leisure,111.52,0,111.52,35,0,0.0,146.52,Card,,
BK002988,G00877,2025-06-04,2025-09-29,2025-10-02,Completed,Direct,Double,2,0,GB,Leisure,148.11,0,444.33,35,0,0.0,479.33,Card,7,
BK000176,G00882,2024-07-05,2024-12-02,2024-12-04,Completed,Direct,Suite,1,1,DE,Leisure,182.38,0,364.76,20,0,0.0,384.76,Card,,
BK000839,G00550,2023-11-11,2024-01-31,2024-02-04,Completed,Direct,Double,1,2,DE,Business,105.35,5,400.33,0,0,0.0,400.33,Card,7,Late arrival
BK002759,G00788,2025-02-21,2025-06-13,2025-06-18,Completed,Direct,Double,2,1,DE,Leisure,124.38,0,621.9,35,0,0.0,656.9,Card,8,Quiet room
BK000688,G01691,2025-10-29,2025-11-03,2025-11-05,Completed,Direct,Double,2,0,GR,Leisure,90.57,0,181.14,75,0,0.0,256.14,Card,7,Baby cot
BK000079,G02226,2025-01-20,2025-03-06,2025-03-13,Completed,Direct,Double,2,0,NL,Business,89.23,5,593.38,0,0,0.0,593.38,Card,10,
BK001745,G02193,2024-07-06,2024-09-11,2024-09-16,Completed,Direct,Single,1,0,GR,Business,105.78,0,528.9,0,0,0.0,528.9,Card,8,
BK002678,G01003,2024-08-01,2024-09-02,2024-09-04,Completed,Direct,Double,2,0,DE,Leisure,132.39,0,264.78,50,0,0.0,314.78,Card,9,Quiet room
BK001907,G00643,2024-02-17,2024-06-15,2024-06-20,Completed,Direct,Double,2,0,DE,Leisure,158.46,5,752.69,75,0,0.0,827.69,Card,10,
BK000339,G00089,2024-05-22,2024-09-14,2024-09-21,Completed,Direct,Double,2,0,GB,Leisure,151.34,10,953.44,35,0,0.0,988.44,Card,10,Baby cot
BK002410,G00338,2024-12-26,2025-06-03,2025-06-08,Completed,Direct,Suite,1,0,GR,Leisure,286.68,0,1433.4,0,0,0.0,1433.4,Card,10,Baby cot
BK001982,G01439,2025-03-16,2025-04-07,2025-04-13,Completed,Direct,Double,2,0,GR,Leisure,106.23,0,637.38,20,0,0.0,657.38,Card,10,
BK001640,G00137,2024-11-27,2025-04-25,2025-04-27,Completed,Direct,Single,1,0,IT,Leisure,60.29,5,114.55,0,0,0.0,114.55,Card,10,
BK000028,G01207,2025-03-12,2025-07-29,2025-08-02,Completed,Direct,Double,1,0,FR,Leisure,160.87,0,643.48,50,0,0.0,693.48,Card,,
BK002005,G00435,2024-08-14,2024-10-04,2024-10-11,Completed,Direct,Double,2,0,GR,Business,97.91,10,616.83,10,0,0.0,626.83,Card,8,Late arrival
BK000421,G00506,2025-08-18,2025-09-18,2025-09-23,Completed,Direct,Double,1,1,NL,Leisure,160.65,0,803.25,0,0,0.0,803.25,Card,8,
BK002028,G00237,2023-11-30,2024-04-13,2024-04-14,Completed,Direct,Single,1,0,FR,Leisure,58.82,15,50.0,50,0,0.0,100.0,Card,8,Baby cot
BK000575,G00151,2024-12-14,2025-06-09,2025-06-15,Completed,Direct,Double,1,0,GR,Leisure,136.09,0,816.54,75,0,0.0,891.54,Card,9,Quiet room
BK000061,G01490,2023-11-14,2024-02-06,2024-02-09,Completed,Direct,Double,2,2,GR,Leisure,101.01,0,303.03,0,0,0.0,303.03,Card,8,Baby cot
BK000297,G01796,2025-06-28,2025-12-06,2025-12-12,Completed,Direct,Double,2,0,US,Leisure,85.94,0,515.64,10,0,0.0,525.64,Card,,Quiet room
BK001801,G00052,2024-07-16,2024-10-18,2024-10-21,Completed,Direct,Double,2,0,DE,Leisure,114.2,10,308.34,35,0,0.0,343.34,Card,8,
BK000970,G01159,2024-02-20,2024-05-14,2024-05-16,Completed,Direct,Suite,1,0,DE,Leisure,199.33,0,398.66,50,0,0.0,448.66,Card,,Baby cot
BK001513,G02283,2024-12-07,2025-02-09,2025-02-10,Completed,Direct,Double,2,0,GR,Leisure,90.23,0,90.23,35,0,0.0,125.23,Card,,
BK001482,G01195,2025-07-20,2025-09-24,2025-09-25,Completed,Direct,Double,2,0,FR,Leisure,144.98,0,144.98,20,0,0.0,164.98,Card,,
BK000925,G01496,2023-09-18,2024-03-06,2024-03-12,Completed,Direct,Single,1,0,FR,Leisure,67.36,0,404.16,20,0,0.0,424.16,Card,9,
BK002052,G00824,2025-01-11,2025-04-15,2025-04-19,Completed,Direct,Double,2,2,GR,Business,108.81,5,413.48,0,0,0.0,413.48,Card,7,Baby cot
BK002437,G01304,2023-12-12,2024-03-06,2024-03-10,Completed,Direct,Double,1,0,IT,Leisure,109.11,5,414.62,0,0,0.0,414.62,Card,,Quiet room
BK002484,G00539,2024-02-08,2024-07-18,2024-07-23,Completed,Direct,Double,2,1,DE,Leisure,128.39,10,577.75,0,0,0.0,577.75,Card,7,Late arrival
BK001688,G01647,2025-04-12,2025-09-29,2025-10-06,Completed,Direct,Double,2,0,DE,Leisure,153.72,0,1076.04,50,0,0.0,1126.04,Card,,
BK000780,G01534,2025-01-13,2025-06-02,2025-06-06,Completed,Direct,Double,1,0,GB,Leisure,153.94,5,584.97,10,0,0.0,594.97,Card,,
BK001975,G01337,2024-03-16,2024-08-26,2024-08-27,Completed,Direct,Double,1,0,FR,Leisure,136.28,5,129.47,35,0,0.0,164.47,Card,,
BK002200,G00045,2025-10-22,2025-12-30,2026-01-01,Completed,Direct,Double,1,0,GB,Leisure,90.82,0,181.64,10,0,0.0,191.64,Card,,Baby cot
BK001852,G01591,2024-06-30,2024-10-25,2024-10-28,Completed,Direct,Double,1,0,DE,Leisure,111.8,0,335.4,50,0,0.0,385.4,Card,,Baby cot
BK002550,G02057,2024-02-07,2024-07-22,2024-07-23,Completed,Direct,Double,1,0,DE,Leisure,133.25,0,133.25,0,0,0.0,133.25,Card,,
BK000379,G00621,2024-05-30,2024-07-24,2024-07-28,Completed,Direct,Single,1,0,DE,Leisure,84.12,5,319.66,0,0,0.0,319.66,Card,10,
BK000916,G00690,2024-11-18,2025-01-26,2025-01-30,Completed,Direct,Double,2,0,ES,Leisure,89.93,5,341.73,10,0,0.0,351.73,Card,,Late arrival
BK000172,G01227,2024-09-24,2025-01-06,2025-01-08,Completed,Direct,Double,1,0,GR,Leisure,105.65,15,179.61,0,0,0.0,179.61,Card,8,
BK000513,G01387,2024-05-23,2024-10-11,2024-10-15,Completed,Direct,Single,1,0,GR,Leisure,59.89,0,239.56,10,0,0.0,249.56,Card,7,Quiet room
BK002970,G02368,2024-02-17,2024-02-29,2024-03-04,Completed,Direct,Single,1,0,ES,Leisure,70.36,5,267.37,35,0,0.0,302.37,Card,,Baby cot
BK000171,G02138,2025-02-26,2025-05-11,2025-05-14,Completed,Direct,Single,1,0,GB,Business,71.22,0,213.66,10,0,0.0,223.66,Card,7,Quiet room
BK001695,G01011,2025-04-15,2025-06-13,2025-06-20,Completed,Direct,Suite,2,0,US,Business,254.29,5,1691.03,75,0,0.0,1766.03,Card,,
BK001389,G02263,2025-01-09,2025-06-09,2025-06-15,Completed,Direct,Double,2,0,GB,Leisure,142.55,0,855.3,20,0,0.0,875.3,Card,,Late arrival
BK002446,G01552,2024-11-28,2025-05-06,2025-05-10,Completed,Direct,Suite,2,0,US,Business,194.03,0,776.12,10,0,0.0,786.12,Card,8,Late arrival
BK001628,G01179,2025-06-20,2025-07-06,2025-07-13,Completed,Direct,Single,1,0,DE,Leisure,81.82,10,515.47,20,0,0.0,535.47,Card,9,Quiet room
BK000277,G00541,2024-07-24,2025-01-11,2025-01-16,Completed,Direct,Double,2,1,DE,Leisure,95.29,5,452.63,0,0,0.0,452.63,Card,,
BK000459,G00583,2024-04-13,2024-07-20,2024-07-24,Completed,Direct,Suite,2,0,GB,Leisure,245.73,0,982.92,35,0,0.0,1017.92,Card,8,Baby cot
BK000341,G02352,2023-10-28,2024-01-12,2024-01-17,Completed,Direct,Single,1,0,GB,Leisure,65.08,15,276.59,0,0,0.0,276.59,Card,10,Quiet room
BK002375,G00632,2023-11-01,2024-01-22,2024-01-25,Completed,Direct,Suite,2,0,DE,Leisure,190.62,0,571.86,50,0,0.0,621.86,Card,9,Late arrival
BK000897,G01920,2025-02-21,2025-05-08,2025-05-09,Completed,Direct,Double,1,0,GR,Leisure,90.49,5,85.97,50,0,0.0,135.97,Card,10,Quiet room
BK000628,G00055,2024-02-21,2024-07-11,2024-07-13,Completed,Direct,Double,1,1,GB,Leisure,141.09,10,253.96,0,0,0.0,253.96,Card,9,Quiet room
BK001633,G00733,2024-05-13,2024-08-09,2024-08-11,Completed,Direct,Double,1,0,GB,Leisure,130.66,0,261.32,35,0,0.0,296.32,Card,9,Quiet room
BK001104,G01435,2025-03-14,2025-08-14,2025-08-24,Completed,Direct,Single,1,0,GR,Business,107.26,0,1072.6,0,0,0.0,1072.6,Card,10,
BK001487,G00387,2025-10-07,2025-10-12,2025-10-19,Completed,Direct,Double,1,0,GB,Leisure,85.47,5,568.38,50,0,0.0,618.38,Card,9,Baby cot
BK002389,G01949,2025-03-05,2025-08-05,2025-08-06,Completed,Direct,Double,2,2,FR,Leisure,157.51,0,157.51,35,0,0.0,192.51,Card,,Baby cot
BK001473,G00673,2024-10-17,2025-03-17,2025-03-20,Completed,Direct,Suite,2,0,FR,Leisure,161.85,0,485.55,50,0,0.0,535.55,Card,,High floor
BK000448,G00069,2025-06-17,2025-08-06,2025-08-11,Completed,Direct,Double,1,1,GB,Leisure,145.64,0,728.2,0,0,0.0,728.2,Card,9,
BK001736,G00758,2023-11-25,2024-02-23,2024-02-28,Completed,Direct,Single,1,0,GR,Leisure,62.51,5,296.92,0,0,0.0,296.92,Card,9,Baby cot
BK001845,G01960,2024-01-26,2024-03-20,2024-03-24,Completed,Direct,Suite,2,0,IT,Leisure,196.5,10,707.4,75,0,0.0,782.4,Card,9,High floor
BK001159,G00868,2025-06-05,2025-08-18,2025-08-20,Completed,Direct,Suite,1,0,GR,Leisure,281.21,0,562.42,50,0,0.0,612.42,Card,,Baby cot
BK001969,G00123,2024-03-25,2024-04-11,2024-04-13,Completed,Direct,Single,1,0,DE,Leisure,58.06,0,116.12,0,0,0.0,116.12,Card,10,
BK002753,G00984,2024-02-13,2024-06-16,2024-06-18,Completed,Direct,Single,1,0,FR,Leisure,102.69,0,205.38,50,0,0.0,255.38,Card,,High floor
BK001516,G00185,2025-07-04,2025-11-17,2025-11-20,Completed,Direct,Suite,1,1,ES,Leisure,161.62,5,460.62,50,0,0.0,510.62,Card,9,Baby cot
BK002551,G00649,2023-11-28,2024-04-14,2024-04-17,Completed,Direct,Single,1,0,GR,Leisure,64.81,0,194.43,75,0,0.0,269.43,Card,,Late arrival
BK002098,G01346,2024-11-29,2025-01-30,2025-02-05,Completed,Direct,Single,1,0,IT,Leisure,66.0,0,396.0,10,0,0.0,406.0,Card,9,
BK001233,G01601,2024-08-04,2024-09-21,2024-09-28,Completed,Direct,Double,1,0,GR,Leisure,150.01,15,892.56,35,0,0.0,927.56,Card,9,High floor
BK000193,G01214,2024-05-23,2024-08-08,2024-08-13,Completed,Direct,Single,1,0,DE,Leisure,91.01,0,455.05,0,0,0.0,455.05,Card,,
BK000491,G01796,2024-08-19,2024-10-30,2024-11-05,Completed,Direct,Single,1,0,GR,Leisure,66.28,0,397.68,75,0,0.0,472.68,Card,9,Baby cot
BK001184,G00122,2025-04-10,2025-09-22,2025-09-29,Completed,Direct,Double,2,0,DE,Leisure,139.15,0,974.05,0,0,0.0,974.05,Card,9,
BK002316,G01317,2024-02-28,2024-02-29,2024-03-07,Completed,Direct,Single,1,0,GB,Leisure,71.94,5,478.4,10,0,0.0,488.4,Card,9,Quiet room
BK002641,G01491,2023-11-09,2024-05-02,2024-05-05,Completed,Direct,Double,2,0,GB,Business,105.32,0,315.96,35,0,0.0,350.96,Card,,
BK001478,G01005,2023-10-31,2024-02-10,2024-02-12,Completed,Direct,Double,2,0,GB,Leisure,114.24,0,228.48,0,0,0.0,228.48,Card,9,High floor
BK000049,G01580,2025-06-29,2025-09-16,2025-09-17,Completed,Direct,Double,2,0,GR,Leisure,128.02,0,128.02,20,0,0.0,148.02,Card,8,Quiet room
BK000345,G01357,2024-07-26,2024-08-17,2024-08-20,Completed,Direct,Double,1,0,US,Business,150.79,0,452.37,50,0,0.0,502.37,Card,7,Quiet room
BK000002,G01025,2025-08-25,2025-12-13,2025-12-17,Completed,Direct,Single,1,0,GR,Leisure,69.06,0,276.24,0,0,0.0,276.24,Card,,Quiet room
BK000515,G02075,2025-07-07,2025-11-28,2025-12-02,Completed,Direct,Double,2,0,GB,Leisure,112.08,0,448.32,75,0,0.0,523.32,Card,10,
BK000545,G00438,2024-10-16,2024-12-07,2024-12-08,Completed,Direct,Single,1,0,GR,Leisure,71.27,0,71.27,20,0,0.0,91.27,Card,,
BK001564,G01828,2024-08-29,2024-09-10,2024-09-17,Completed,Direct,Double,2,0,GR,Leisure,157.96,0,1105.72,0,0,0.0,1105.72,Card,8,Quiet room
BK000879,G00861,2024-11-02,2025-03-23,2025-03-26,Completed,Direct,Double,1,1,DE,Leisure,102.33,10,276.29,50,0,0.0,326.29,Card,6,High floor
BK001274,G02037,2023-11-30,2024-04-14,2024-04-21,Completed,Direct,Single,1,0,NL,Leisure,63.54,0,444.78,35,0,0.0,479.78,Card,10,
BK000686,G00366,2024-11-16,2025-05-09,2025-05-14,Completed,Direct,Double,1,0,GR,Leisure,95.87,0,479.35,20,0,0.0,499.35,Card,,Baby cot
BK000828,G00862,2025-05-01,2025-08-25,2025-09-01,Completed,Direct,Suite,2,0,US,Leisure,273.84,5,1821.04,0,0,0.0,1821.04,Card,8,
BK000807,G00237,2024-05-19,2024-09-19,2024-09-22,Completed,Direct,Single,1,0,US,Leisure,100.44,5,286.25,35,0,0.0,321.25,Card,10,
BK000263,G00612,2025-01-07,2025-07-04,2025-07-09,Completed,Direct,Double,2,1,GB,Leisure,160.38,0,801.9,20,0,0.0,821.9,Card,,
BK000264,G00606,2023-12-30,2024-03-16,2024-03-20,Completed,Direct,Double,1,0,GR,Leisure,99.39,0,397.56,10,0,0.0,407.56,Card,9,High floor
BK001818,G00810,2024-02-29,2024-08-21,2024-08-27,Completed,Direct,Suite,2,0,GR,Business,235.46,0,1412.76,50,0,0.0,1462.76,Card,8,High floor
BK001746,G01306,2024-04-24,2024-05-22,2024-05-24,Completed,Direct,Single,1,0,NL,Leisure,57.45,0,114.9,0,0,0.0,114.9,Card,10,
BK002051,G02011,2025-05-15,2025-07-23,2025-07-26,Completed,Direct,Double,2,0,GR,Leisure,147.4,0,442.2,75,0,0.0,517.2,Card,10,Quiet room
BK001730,G01446,2024-06-12,2024-07-26,2024-07-29,Completed,Direct,Suite,2,1,FR,Leisure,257.75,5,734.59,35,0,0.0,769.59,Card,10,
BK000052,G01987,2025-08-22,2025-09-22,2025-09-26,Completed,Direct,Suite,1,0,NL,Leisure,244.46,0,977.84,0,0,0.0,977.84,Card,,
BK002692,G00512,2024-09-13,2024-11-05,2024-11-09,Completed,Direct,Double,1,0,GR,Business,102.79,5,390.6,20,0,0.0,410.6,Card,10,
BK002259,G00636,2024-08-29,2024-09-23,2024-09-25,Completed,Direct,Double,2,0,GR,Business,125.71,0,251.42,75,0,0.0,326.42,Card,9,High floor
BK001220,G00861,2025-04-03,2025-06-27,2025-07-02,Completed,Direct,Suite,2,2,GB,Business,237.43,0,1187.15,20,0,0.0,1207.15,Card,9,Quiet room
BK000046,G01634,2025-08-06,2025-12-06,2025-12-10,Completed,Direct,Double,1,0,IT,Leisure,101.89,5,387.18,10,0,0.0,397.18,Card,,Baby cot
BK002640,G02208,2023-08-10,2024-01-01,2024-01-04,Completed,Direct,Double,2,0,GR,Leisure,101.66,0,304.98,35,0,0.0,339.98,Card,9,
BK002084,G01348,2024-07-03,2024-08-20,2024-08-24,Completed,Direct,Double,2,0,DE,Leisure,135.54,0,542.16,50,0,0.0,592.16,Card,,
BK000797,G02374,2025-04-14,2025-10-10,2025-10-12,Completed,Direct,Double,1,2,GB,Leisure,87.98,0,175.96,20,0,0.0,195.96,Card,,
BK001050,G02006,2023-09-14,2024-02-09,2024-02-16,Completed,Direct,Single,1,0,NL,Leisure,63.08,0,441.56,50,0,0.0,491.56,Card,,Late arrival
BK001128,G00439,2024-03-23,2024-05-18,2024-05-23,Completed,Direct,Double,2,0,NL,Leisure,89.66,0,448.3,10,0,0.0,458.3,Card,7,
BK001030,G00532,2023-12-01,2024-03-07,2024-03-11,Completed,Direct,Double,2,0,DE,Leisure,95.52,5,362.98,0,0,0.0,362.98,Card,9,Baby cot
BK002977,G00334,2025-10-27,2025-12-30,2026-01-01,Completed,Direct,Double,1,1,IT,Leisure,87.08,0,174.16,0,0,0.0,174.16,Card,8,Late arrival
BK002594,G00247,2024-10-21,2025-02-27,2025-03-01,Completed,Direct,Suite,1,0,DE,Leisure,156.2,0,312.4,0,0,0.0,312.4,Card,8,
BK001054,G00660,2024-09-03,2025-02-07,2025-02-10,Completed,Direct,Double,1,0,DE,Leisure,108.82,0,326.46,75,0,0.0,401.46,Card,8,Quiet room
BK002348,G00193,2024-06-06,2024-07-23,2024-07-26,Completed,Direct,Single,1,0,IT,Leisure,107.38,5,306.03,20,0,0.0,326.03,Card,,Baby cot
BK001434,G01595,2024-11-12,2024-11-15,2024-11-17,Completed,Direct,Single,1,0,GR,Leisure,60.84,5,115.6,0,0,0.0,115.6,Card,10,
BK001803,G01182,2023-12-13,2024-02-13,2024-02-17,Completed,Direct,Double,1,0,DE,Leisure,107.2,0,428.8,75,0,0.0,503.8,Card,8,
BK002930,G01446,2024-07-09,2024-08-20,2024-08-22,Completed,Direct,Single,1,0,GR,Leisure,92.78,0,185.56,50,0,0.0,235.56,Card,10,
BK000835,G02138,2025-05-13,2025-07-05,2025-07-09,Completed,Direct,Single,1,0,GB,Business,82.68,10,297.65,50,0,0.0,347.65,Card,10,Quiet room
BK001901,G01039,2023-12-25,2024-03-19,2024-03-24,Completed,Direct,Double,1,0,DE,Leisure,97.34,0,486.7,75,0,0.0,561.7,Card,,
BK000365,G01365,2023-08-25,2024-02-04,2024-02-06,Completed,Direct,Suite,1,1,NL,Business,175.76,0,351.52,10,0,0.0,361.52,Card,,
BK002978,G00691,2023-08-25,2024-02-09,2024-02-11,Completed,Direct,Double,2,0,IT,Leisure,96.24,0,192.48,10,0,0.0,202.48,Card,10,Late arrival
BK002821,G00190,2025-04-03,2025-07-18,2025-07-21,Completed,Direct,Double,1,0,GB,Leisure,164.75,5,469.54,20,0,0.0,489.54,Card,9,Late arrival
BK001606,G00717,2024-06-07,2024-11-22,2024-11-24,Completed,Direct,Suite,2,0,GR,Leisure,170.66,0,341.32,75,0,0.0,416.32,Card,,Baby cot
BK002836,G01637,2024-05-06,2024-10-21,2024-10-23,Completed,Direct,Double,1,2,GB,Business,90.62,0,181.24,20,0,0.0,201.24,Card,,
BK002531,G02165,2025-05-11,2025-06-26,2025-06-29,Completed,Direct,Double,1,0,GB,Leisure,146.05,10,394.34,35,0,0.0,429.34,Card,8,
BK002305,G01062,2024-12-04,2025-04-12,2025-04-13,Completed,Direct,Single,1,0,IT,Leisure,67.64,0,67.64,75,0,0.0,142.64,Card,5,Quiet room
BK001534,G01749,2024-06-29,2024-07-22,2024-07-23,Completed,Direct,Single,1,0,IT,Leisure,101.53,0,101.53,20,0,0.0,121.53,Card,10,High floor
BK001129,G00300,2024-09-28,2025-01-21,2025-01-27,Completed,Direct,Suite,1,0,US,Business,168.39,0,1010.34,35,0,0.0,1045.34,Card,7,Late arrival
BK002299,G02349,2025-06-08,2025-12-03,2025-12-08,Completed,Direct,Single,1,0,GR,Leisure,56.67,0,283.35,50,0,0.0,333.35,Card,7,Late arrival
BK002966,G02193,2025-11-28,2025-12-05,2025-12-12,Completed,Direct,Double,1,0,GB,Leisure,101.07,0,707.49,75,0,0.0,782.49,Card,8,Quiet room
BK001837,G02072,2024-12-11,2025-01-18,2025-01-22,Completed,Direct,Double,1,1,GR,Leisure,106.35,0,425.4,50,0,0.0,475.4,Card,9,
BK000883,G00213,2025-10-20,2025-11-21,2025-11-25,Completed,Direct,Single,1,0,GR,Leisure,66.68,0,266.72,0,0,0.0,266.72,Card,7,Quiet room
BK001246,G01677,2024-08-18,2024-12-26,2024-12-29,Completed,Direct,Double,1,0,GR,Leisure,108.79,0,326.37,20,0,0.0,346.37,Card,,
BK000583,G00065,2025-08-31,2025-10-29,2025-11-02,Completed,Direct,Double,1,0,DE,Leisure,106.57,0,426.28,20,0,0.0,446.28,Card,7,Late arrival
BK002102,G00469,2024-01-24,2024-07-11,2024-07-15,Completed,Direct,Double,2,0,DE,Leisure,129.36,5,491.57,35,0,0.0,526.57,Card,,
BK000547,G01066,2024-10-31,2024-11-30,2024-12-04,Completed,Direct,Single,1,0,NL,Business,72.16,0,288.64,10,0,0.0,298.64,Card,8,
BK001777,G02277,2023-12-21,2024-06-08,2024-06-13,Completed,Direct,Double,1,0,GB,Leisure,156.31,0,781.55,20,0,0.0,801.55,Card,,Baby cot
BK002498,G01851,2024-07-02,2024-11-29,2024-12-02,Completed,Direct,Single,1,0,US,Leisure,70.05,10,189.13,10,0,0.0,199.13,Card,,Baby cot
BK001668,G02298,2024-05-24,2024-11-20,2024-11-21,Completed,Direct,Single,1,0,FR,Leisure,61.52,0,61.52,0,0,0.0,61.52,Card,10,Quiet room
BK002413,G00174,2024-05-02,2024-08-25,2024-08-27,Completed,Direct,Suite,1,0,IT,Leisure,266.85,15,453.65,35,0,0.0,488.65,Card,7,
BK000722,G00736,2024-10-16,2025-03-05,2025-03-11,Completed,Direct,Double,1,0,NL,Leisure,102.31,15,521.78,10,0,0.0,531.78,Card,9,Quiet room
BK001234,G01370,2025-08-19,2025-12-12,2025-12-18,Completed,Direct,Suite,1,0,GR,Leisure,177.14,0,1062.84,10,0,0.0,1072.84,Card,,
BK002308,G01025,2023-12-10,2024-03-14,2024-03-20,Completed,Direct,Suite,2,0,GR,Leisure,151.23,0,907.38,0,0,0.0,907.38,Card,,Quiet room
BK001919,G02264,2025-08-28,2025-09-06,2025-09-09,Completed,Direct,Double,2,0,NL,Leisure,158.15,0,474.45,50,0,0.0,524.45,Card,9,
BK002184,G00188,2024-06-22,2024-08-04,2024-08-07,Completed,Direct,Double,1,0,GR,Leisure,164.1,0,492.3,0,0,0.0,492.3,Card,8,Late arrival
BK001158,G02212,2025-07-25,2025-10-11,2025-10-18,Completed,Direct,Double,1,0,NL,Business,103.19,15,613.98,20,0,0.0,633.98,Card,,Baby cot
BK001025,G01819,2024-03-23,2024-07-13,2024-07-16,Completed,Direct,Double,1,0,NL,Leisure,132.5,15,337.88,0,0,0.0,337.88,Card,10,High floor
BK001819,G01360,2024-11-26,2025-05-23,2025-05-27,Completed,Direct,Double,2,0,GR,Leisure,109.28,0,437.12,75,0,0.0,512.12,Card,8,Baby cot
BK000008,G02178,2025-03-22,2025-08-06,2025-08-10,Completed,Direct,Double,1,0,GR,Leisure,159.9,5,607.62,0,0,0.0,607.62,Card,8,High floor
BK002687,G01397,2023-12-16,2024-04-11,2024-04-15,Completed,Direct,Single,1,0,GB,Leisure,72.66,0,290.64,75,0,0.0,365.64,Card,10,
BK000977,G01002,2023-11-09,2024-01-29,2024-02-02,Completed,Direct,Suite,1,0,IT,Leisure,157.76,0,631.04,0,0,0.0,631.04,Card,,
BK002579,G00096,2023-11-09,2024-03-21,2024-03-23,Completed,Direct,Double,2,0,GR,Leisure,88.1,0,176.2,50,0,0.0,226.2,Card,,Baby cot
BK002979,G01721,2024-04-28,2024-08-17,2024-08-20,Completed,Direct,Double,1,0,GR,Leisure,159.95,5,455.86,50,0,0.0,505.86,Card,,Late arrival
BK001884,G00662,2024-05-02,2024-05-23,2024-05-26,Completed,Direct,Double,1,1,GR,Leisure,93.95,10,253.67,0,0,0.0,253.67,Card,9,High floor
BK002154,G02155,2024-02-21,2024-07-21,2024-07-24,Completed,Direct,Double,1,0,IT,Leisure,128.17,10,346.06,75,0,0.0,421.06,Card,7,
BK002695,G01973,2024-10-26,2025-01-23,2025-01-26,Completed,Direct,Double,1,0,NL,Leisure,97.23,0,291.69,0,0,0.0,291.69,Card,,Quiet room
BK002364,G02278,2024-02-13,2024-06-07,2024-06-09,Completed,Direct,Double,2,0,FR,Leisure,164.18,10,295.52,0,0,0.0,295.52,Card,10,Late arrival
BK002915,G01232,2024-12-22,2025-03-27,2025-03-31,Completed,Direct,Single,1,0,DE,Leisure,62.65,10,225.54,0,0,0.0,225.54,Card,7,
BK001113,G01346,2025-07-05,2025-09-24,2025-09-29,Completed,Direct,Double,1,0,ES,Leisure,135.55,0,677.75,10,0,0.0,687.75,Card,,
BK000214,G00590,2025-05-23,2025-06-29,2025-07-05,Completed,Direct,Double,2,0,GB,Leisure,159.31,15,812.48,50,0,0.0,862.48,Card,,
BK002256,G01220,2025-10-22,2025-12-19,2025-12-23,Completed,Direct,Double,2,1,DE,Business,97.09,10,349.52,75,0,0.0,424.52,Card,10,Baby cot
BK001908,G00884,2024-02-18,2024-08-03,2024-08-08,Completed,Direct,Suite,2,1,IT,Leisure,270.62,10,1217.79,75,0,0.0,1292.79,Card,,High floor
BK002135,G02142,2025-02-28,2025-05-14,2025-05-17,Completed,Direct,Double,1,2,DE,Leisure,85.01,0,255.03,10,0,0.0,265.03,Card,10,High floor
BK000532,G02353,2024-12-07,2025-03-26,2025-03-27,Completed,Direct,Double,1,1,DE,Business,95.18,0,95.18,50,0,0.0,145.18,Card,8,Late arrival
BK001168,G00158,2024-11-28,2025-05-23,2025-05-28,Completed,Direct,Double,1,0,GR,Leisure,112.98,0,564.9,35,0,0.0,599.9,Card,9,
BK000406,G02276,2024-06-17,2024-07-28,2024-08-01,Completed,Direct,Double,1,0,US,Leisure,131.52,0,526.08,0,0,0.0,526.08,Card,6,
BK002860,G01945,2024-08-11,2024-12-20,2024-12-24,Completed,Direct,Single,1,0,DE,Business,68.83,0,275.32,35,0,0.0,310.32,Card,8,High floor
BK001496,G00005,2025-07-21,2025-11-06,2025-11-07,Completed,Direct,Double,1,0,NL,Leisure,93.19,0,93.19,35,0,0.0,128.19,Card,7,Quiet room
BK001094,G01984,2024-11-07,2025-04-03,2025-04-09,Completed,Direct,Double,2,0,DE,Leisure,100.5,0,603.0,20,0,0.0,623.0,Card,,
BK001782,G01391,2025-05-08,2025-06-16,2025-06-17,Completed,Direct,Single,1,0,GB,Leisure,90.59,15,77.0,20,0,0.0,97.0,Card,10,
BK000736,G00015,2025-04-06,2025-04-30,2025-05-07,Completed,Direct,Double,2,1,DE,Leisure,111.01,0,777.07,10,0,0.0,787.07,Card,9,Baby cot
BK000578,G02337,2025-03-17,2025-08-22,2025-08-27,Completed,Direct,Double,1,1,GR,Leisure,150.57,15,639.92,75,0,0.0,714.92,Card,,
BK001404,G00736,2025-01-20,2025-07-17,2025-07-27,Completed,Direct,Single,1,0,GR,Leisure,92.49,0,924.9,0,0,0.0,924.9,Card,8,
BK002191,G01945,2024-09-13,2024-11-04,2024-11-06,Completed,Direct,Single,1,0,GR,Business,67.79,0,135.58,35,0,0.0,170.58,Card,10,Quiet room
BK002329,G00649,2024-11-08,2025-05-03,2025-05-07,Completed,Direct,Double,1,0,GB,Leisure,92.61,0,370.44,0,0,0.0,370.44,Card,9,Late arrival
BK002391,G01415,2024-11-21,2025-04-16,2025-04-21,Completed,Direct,Suite,2,2,GB,Leisure,170.61,0,853.05,20,0,0.0,873.05,Card,10,Late arrival
BK002334,G02028,2025-02-27,2025-03-15,2025-03-16,Completed,Direct,Double,2,2,GB,Leisure,85.76,0,85.76,10,0,0.0,95.76,Card,10,
BK000763,G00268,2024-07-10,2024-08-27,2024-08-29,Completed,Direct,Single,1,0,NL,Leisure,94.72,0,189.44,0,0,0.0,189.44,Card,10,Quiet room
BK002742,G02065,2025-09-06,2025-09-07,2025-09-12,Completed,Direct,Double,2,0,GR,Leisure,142.28,0,711.4,10,0,0.0,721.4,Card,8,Late arrival
BK002126,G01324,2023-10-26,2024-03-22,2024-03-26,Completed,Direct,Double,1,0,GR,Leisure,104.8,10,377.28,0,0,0.0,377.28,Card,,
BK002183,G00957,2023-10-05,2024-03-24,2024-03-26,Completed,Direct,Double,2,0,GR,Business,88.67,0,177.34,0,0,0.0,177.34,Card,6,Quiet room
BK001193,G01696,2025-02-26,2025-05-03,2025-05-07,Completed,Direct,Double,1,0,FR,Business,99.29,0,397.16,75,0,0.0,472.16,Card,9,Late arrival
BK000989,G01508,2024-05-18,2024-08-14,2024-08-19,Completed,Direct,Double,2,0,GR,Leisure,142.42,0,712.1,50,0,0.0,762.1,Card,8,Quiet room
BK001310,G02386,2024-01-30,2024-02-24,2024-03-02,Completed,Direct,Double,2,0,DE,Leisure,104.84,0,733.88,50,0,0.0,783.88,Card,,Quiet room
BK000131,G00210,2025-06-24,2025-09-14,2025-09-15,Completed,Direct,Double,2,0,GR,Leisure,160.24,10,144.22,20,0,0.0,164.22,Card,9,Quiet room
BK000152,G00252,2024-10-27,2024-11-01,2024-11-04,Completed,Direct,Suite,1,1,GR,Leisure,161.59,10,436.29,10,0,0.0,446.29,Card,9,
BK000425,G00352,2024-08-02,2024-08-03,2024-08-05,Completed,Direct,Double,1,0,IT,Leisure,124.55,0,249.1,0,0,0.0,249.1,Card,10,
BK000931,G00645,2024-09-15,2025-02-17,2025-02-27,Completed,Direct,Single,1,0,GR,Leisure,73.37,10,660.33,75,0,0.0,735.33,Card,,Baby cot
BK001594,G01388,2024-10-15,2025-03-24,2025-03-31,Completed,Direct,Double,2,2,DE,Leisure,105.42,10,664.15,10,0,0.0,674.15,Card,9,High floor
BK001626,G01364,2024-07-06,2024-12-24,2024-12-26,Completed,Direct,Double,2,0,GB,Leisure,106.74,0,213.48,0,0,0.0,213.48,Card,6,
BK000164,G01220,2024-06-15,2024-07-07,2024-07-10,Completed,Direct,Suite,2,1,DE,Leisure,238.74,0,716.22,75,0,0.0,791.22,Card,8,Quiet room
BK000463,G00803,2025-08-10,2025-12-20,2025-12-25,Completed,Direct,Single,1,0,GR,Leisure,67.18,5,319.11,75,0,0.0,394.11,Card,,Quiet room
BK002749,G00156,2024-10-29,2024-12-11,2024-12-17,Completed,Direct,Double,1,0,DE,Leisure,106.62,0,639.72,10,0,0.0,649.72,Card,9,Quiet room
BK001411,G01914,2024-04-28,2024-08-01,2024-08-07,Completed,Direct,Double,1,0,DE,Leisure,164.06,5,935.14,0,0,0.0,935.14,Card,8,High floor
BK000849,G00617,2024-02-23,2024-03-29,2024-03-31,Completed,Direct,Double,2,0,GR,Business,105.36,0,210.72,20,0,0.0,230.72,Card,,
BK000917,G00782,2024-07-03,2024-08-12,2024-08-15,Completed,Direct,Suite,1,0,GR,Leisure,284.81,0,854.43,50,0,0.0,904.43,Card,7,
BK001195,G00872,2024-09-20,2025-02-09,2025-02-12,Completed,Direct,Double,2,0,IT,Leisure,110.97,0,332.91,20,0,0.0,352.91,Card,9,
BK002139,G00284,2025-07-31,2025-08-12,2025-08-14,Completed,Direct,Double,2,0,GB,Leisure,161.62,5,307.08,75,0,0.0,382.08,Card,9,Late arrival
BK000802,G01386,2025-08-11,2025-09-25,2025-09-29,Completed,Direct,Single,1,0,IT,Leisure,106.15,10,382.14,35,0,0.0,417.14,Card,,High floor
BK001937,G02175,2024-05-09,2024-06-10,2024-06-11,Completed,Direct,Double,2,0,NL,Leisure,137.55,15,116.92,75,0,0.0,191.92,Card,,Quiet room
BK001759,G02224,2025-05-25,2025-10-04,2025-10-09,Completed,Direct,Double,2,0,FR,Leisure,96.31,0,481.55,0,0,0.0,481.55,Card,,
BK001495,G02159,2024-02-26,2024-08-13,2024-08-20,Completed,Direct,Double,2,1,GR,Leisure,154.25,5,1025.76,75,0,0.0,1100.76,Card,,
BK002368,G00252,2024-04-28,2024-09-18,2024-09-19,Completed,Direct,Suite,1,0,GR,Business,267.09,0,267.09,75,0,0.0,342.09,Card,9,Late arrival
BK001723,G01507,2025-01-14,2025-04-05,2025-04-08,Completed,Direct,Double,2,0,GB,Leisure,114.73,0,344.19,75,0,0.0,419.19,Card,,Late arrival
BK001923,G01523,2024-09-05,2024-09-16,2024-09-19,Completed,Direct,Single,1,0,FR,Leisure,106.45,10,287.42,35,0,0.0,322.42,Card,,Quiet room
BK000096,G00980,2025-06-03,2025-10-22,2025-10-25,Completed,Direct,Single,1,0,ES,Leisure,59.53,5,169.66,50,0,0.0,219.66,Card,9,Quiet room
BK000561,G01653,2024-08-23,2024-10-04,2024-10-06,Completed,Direct,Single,1,0,GR,Leisure,67.47,5,128.19,50,0,0.0,178.19,Card,9,
BK002512,G02095,2023-11-24,2024-03-25,2024-03-26,Completed,Direct,Double,2,1,GR,Leisure,102.94,0,102.94,20,0,0.0,122.94,Card,,
BK001734,G00152,2025-05-22,2025-10-22,2025-11-01,Completed,Direct,Double,2,0,GR,Leisure,110.32,10,992.88,50,0,0.0,1042.88,Card,6,Baby cot
BK001169,G01743,2024-06-11,2024-10-23,2024-10-28,Completed,Direct,Suite,1,0,GB,Business,175.72,10,790.74,0,0,0.0,790.74,Card,,Quiet room
BK001627,G00980,2024-02-09,2024-03-29,2024-04-02,Completed,Direct,Double,1,0,GB,Business,87.95,0,351.8,50,0,0.0,401.8,Card,,High floor
BK000786,G00626,2024-08-02,2025-01-24,2025-01-27,Completed,Direct,Double,2,1,GR,Leisure,102.91,0,308.73,20,0,0.0,328.73,Card,7,Baby cot
BK000700,G00312,2025-08-31,2025-12-02,2025-12-12,Completed,Direct,Suite,2,1,ES,Business,157.59,0,1575.9,0,0,0.0,1575.9,Card,8,Late arrival
BK002748,G00554,2025-03-08,2025-06-02,2025-06-05,Completed,Direct,Double,1,0,DE,Leisure,165.88,5,472.76,0,0,0.0,472.76,Card,8,Late arrival
BK001370,G00551,2024-04-28,2024-08-22,2024-08-26,Completed,Direct,Double,2,1,GR,Leisure,134.21,15,456.31,0,0,0.0,456.31,Card,,High floor
BK000821,G01786,2024-10-15,2024-11-16,2024-11-18,Completed,Direct,Double,1,1,FR,Leisure,95.79,15,162.84,0,0,0.0,162.84,Card,10,
BK002020,G00080,2024-05-14,2024-09-07,2024-09-11,Completed,Direct,Double,2,0,GB,Leisure,163.04,0,652.16,0,0,0.0,652.16,Card,,
BK000975,G00552,2023-08-03,2024-01-28,2024-01-31,Completed,Direct,Double,1,1,GB,Leisure,106.72,5,304.15,10,0,0.0,314.15,Card,8,
BK001247,G00847,2024-09-02,2024-09-28,2024-10-05,Completed,Direct,Double,1,0,FR,Leisure,127.84,0,894.88,35,0,0.0,929.88,Card,,Quiet room
BK001776,G01454,2025-07-24,2025-08-16,2025-08-19,Completed,Direct,Double,2,0,ES,Leisure,139.05,0,417.15,0,0,0.0,417.15,Card,7,Quiet room
BK001872,G00449,2025-06-11,2025-08-26,2025-08-28,Completed,Direct,Double,2,2,GR,Leisure,158.6,10,285.48,0,0,0.0,285.48,Card,7,Baby cot
BK002730,G01540,2025-11-09,2025-11-22,2025-11-26,Completed,Direct,Double,1,0,ES,Leisure,100.91,5,383.46,10,0,0.0,393.46,Card,,Baby cot
BK001987,G00699,2025-04-05,2025-04-20,2025-04-26,Completed,Direct,Single,1,0,NL,Leisure,58.98,0,353.88,10,0,0.0,363.88,Card,8,Baby cot
BK001209,G00663,2025-06-19,2025-09-04,2025-09-07,Completed,Direct,Suite,2,0,FR,Leisure,271.12,5,772.69,75,0,0.0,847.69,Card,,
BK001014,G01197,2024-11-18,2025-02-06,2025-02-08,Completed,Direct,Single,1,0,GB,Leisure,72.61,0,145.22,0,0,0.0,145.22,Card,,High floor
BK000782,G02137,2023-10-26,2024-04-09,2024-04-13,Completed,Direct,Double,1,0,GR,Business,98.3,0,393.2,50,0,0.0,443.2,Card,,High floor
BK000295,G01487,2025-06-02,2025-09-08,2025-09-12,Completed,Direct,Double,1,2,NL,Leisure,126.03,0,504.12,0,0,0.0,504.12,Card,9,Quiet room
BK000468,G00865,2025-03-21,2025-06-09,2025-06-14,Completed,Direct,Suite,1,0,NL,Leisure,262.39,0,1311.95,0,0,0.0,1311.95,Card,,Quiet room
BK002948,G01293,2024-03-01,2024-06-26,2024-07-01,Completed,Direct,Double,1,0,GB,Leisure,142.35,0,711.75,0,0,0.0,711.75,Card,8,
BK000650,G01813,2025-02-17,2025-03-28,2025-04-04,Completed,Direct,Double,1,0,DE,Leisure,98.08,0,686.56,0,0,0.0,686.56,Card,7,
BK000671,G00625,2024-06-10,2024-08-19,2024-08-23,Completed,Direct,Double,1,1,DE,Leisure,134.13,5,509.69,50,0,0.0,559.69,Card,10,
BK002352,G01750,2024-12-12,2025-01-14,2025-01-17,Completed,Direct,Single,1,0,DE,Leisure,62.76,15,160.04,50,0,0.0,210.04,Card,7,Baby cot
BK000862,G00347,2024-04-02,2024-04-23,2024-04-28,Completed,Direct,Double,2,0,GR,Leisure,102.36,0,511.8,75,0,0.0,586.8,Card,10,Baby cot
BK001597,G02330,2025-01-26,2025-06-27,2025-06-29,Completed,Direct,Single,1,0,GR,Leisure,96.37,0,192.74,50,0,0.0,242.74,Card,,Baby cot
BK001970,G01401,2025-07-15,2025-07-16,2025-07-20,Completed,Direct,Double,1,0,DE,Leisure,162.58,0,650.32,50,0,0.0,700.32,Card,,High floor
BK001027,G02137,2024-01-19,2024-06-13,2024-06-19,Completed,Direct,Single,1,0,IT,Leisure,90.16,10,486.86,50,0,0.0,536.86,Card,,
BK002120,G00006,2025-10-18,2025-12-28,2025-12-30,Completed,Direct,Single,1,0,GR,Leisure,58.06,10,104.51,75,0,0.0,179.51,Card,9,
BK001993,G01895,2024-09-30,2024-11-24,2024-11-28,Completed,Direct,Double,1,1,IT,Leisure,102.58,0,410.32,0,0,0.0,410.32,Card,10,High floor
BK002016,G00860,2024-08-31,2024-12-31,2025-01-06,Completed,Direct,Single,1,0,ES,Leisure,73.97,0,443.82,10,0,0.0,453.82,Card,9,
BK000328,G01114,2023-09-15,2024-02-09,2024-02-12,Completed,Direct,Single,1,0,ES,Business,67.54,10,182.36,10,0,0.0,192.36,Card,10,Baby cot
BK002076,G00218,2024-08-03,2024-08-04,2024-08-10,Completed,Direct,Double,1,0,GB,Leisure,160.65,0,963.9,20,0,0.0,983.9,Card,9,High floor
BK002436,G00240,2023-09-06,2024-02-23,2024-02-26,Completed,Direct,Single,1,0,GR,Leisure,59.47,5,169.49,35,0,0.0,204.49,Card,,Quiet room
BK002541,G01450,2025-09-20,2025-10-11,2025-10-15,Completed,Direct,Single,1,0,IT,Leisure,71.39,0,285.56,35,0,0.0,320.56,Card,7,
BK000664,G02124,2024-11-21,2025-01-18,2025-01-20,Completed,Direct,Single,1,0,ES,Leisure,60.01,0,120.02,0,0,0.0,120.02,Card,8,High floor
BK000350,G02211,2025-01-12,2025-03-02,2025-03-09,Completed,Direct,Single,1,0,FR,Leisure,65.2,0,456.4,50,0,0.0,506.4,Card,,Late arrival
BK002204,G00800,2025-05-16,2025-06-20,2025-06-27,Completed,Expedia,Single,1,0,ES,Leisure,99.53,10,627.04,0,18,112.87,627.04,Card,7,
BK001081,G02045,2024-07-21,2024-07-31,2024-08-06,Completed,Expedia,Single,1,0,GR,Leisure,91.32,15,465.73,75,18,83.83,540.73,Card,7,Late arrival
BK000546,G00285,2024-08-14,2025-01-31,2025-02-05,Completed,Expedia,Single,1,0,GB,Leisure,69.28,0,346.4,35,18,62.35,381.4,Card,,Baby cot
BK000587,G01921,2024-10-19,2024-11-10,2024-11-14,Completed,Expedia,Double,1,1,NL,Leisure,103.22,5,392.24,50,18,70.6,442.24,Card,7,
BK000762,G00745,2024-10-02,2024-11-03,2024-11-05,Completed,Expedia,Suite,1,0,GR,Leisure,196.28,0,392.56,20,18,70.66,412.56,Card,8,Baby cot
BK000129,G01549,2025-08-14,2025-09-02,2025-09-05,Completed,Expedia,Single,1,0,GB,Leisure,80.29,0,240.87,0,18,43.36,240.87,Card,,Late arrival
BK000489,G02270,2025-12-09,2025-12-11,2025-12-16,Completed,Expedia,Single,1,0,GR,Leisure,68.36,0,341.8,0,18,61.52,341.8,Card,8,
BK000533,G01684,2025-06-16,2025-10-01,2025-10-03,Completed,Expedia,Suite,2,0,GR,Leisure,151.52,5,287.89,35,18,51.82,322.89,Card,8,
BK001719,G00283,2025-07-11,2025-08-21,2025-08-23,Completed,Expedia,Double,2,1,GR,Leisure,148.43,15,252.33,75,18,45.42,327.33,Card,,Baby cot
BK001332,G02397,2024-06-20,2024-06-28,2024-06-30,Completed,Expedia,Double,2,0,US,Business,138.95,0,277.9,0,18,50.02,277.9,Card,,Baby cot
BK001313,G02131,2024-05-29,2024-07-29,2024-08-02,Completed,Expedia,Double,1,0,NL,Leisure,127.08,0,508.32,50,18,91.5,558.32,Card,7,Late arrival
BK002908,G00648,2024-03-18,2024-06-10,2024-06-12,Completed,Expedia,Double,1,0,DE,Leisure,155.26,0,310.52,0,18,55.89,310.52,Card,9,
BK002955,G01805,2025-01-02,2025-05-09,2025-05-12,Completed,Expedia,Suite,2,0,GR,Leisure,186.82,0,560.46,75,18,100.88,635.46,Card,,Quiet room
BK002170,G00598,2024-04-18,2024-08-31,2024-09-01,Completed,Expedia,Single,1,0,IT,Leisure,85.5,0,85.5,35,18,15.39,120.5,Card,,
BK002608,G01110,2025-04-23,2025-06-17,2025-06-19,Completed,Expedia,Suite,2,0,US,Leisure,285.06,15,484.6,10,18,87.23,494.6,Card,9,Late arrival
BK002360,G01793,2024-08-10,2024-09-14,2024-09-16,Completed,Expedia,Suite,2,0,GR,Leisure,290.09,0,580.18,50,18,104.43,630.18,Card,9,
BK000856,G02017,2025-04-09,2025-07-23,2025-07-24,Completed,Expedia,Suite,2,0,GR,Leisure,242.77,0,242.77,0,18,43.7,242.77,Card,9,
BK002778,G00093,2024-03-03,2024-04-18,2024-04-21,Completed,Expedia,Single,1,0,GR,Business,71.93,10,194.21,0,18,34.96,194.21,Card,,Baby cot
BK002990,G01730,2025-06-14,2025-07-11,2025-07-13,Completed,Expedia,Single,1,0,IT,Leisure,105.78,0,211.56,0,18,38.08,211.56,Card,,Quiet room
BK001116,G00051,2024-04-28,2024-10-20,2024-10-24,Completed,Expedia,Suite,1,0,IT,Leisure,200.77,15,682.62,35,18,122.87,717.62,Card,9,
BK001072,G01619,2025-07-22,2025-08-09,2025-08-12,Completed,Expedia,Double,1,0,GB,Business,123.34,5,351.52,20,18,63.27,371.52,Card,8,High floor
BK000351,G01687,2024-07-10,2024-12-21,2024-12-24,Completed,Expedia,Single,1,0,IT,Leisure,62.86,0,188.58,75,18,33.94,263.58,Card,8,Late arrival
BK000878,G00779,2025-01-15,2025-03-17,2025-03-18,Completed,Expedia,Single,1,0,IT,Leisure,61.9,0,61.9,20,18,11.14,81.9,Card,,Late arrival
BK000912,G00777,2024-05-16,2024-06-02,2024-06-05,Completed,Expedia,Double,2,0,FR,Leisure,162.91,0,488.73,50,18,87.97,538.73,Card,10,Quiet room
BK001762,G02320,2024-11-25,2024-12-29,2025-01-01,Completed,Expedia,Suite,2,0,GR,Leisure,182.85,0,548.55,10,18,98.74,558.55,Card,10,Quiet room
BK001230,G00366,2025-06-07,2025-08-02,2025-08-05,Completed,Expedia,Double,2,2,DE,Business,149.86,10,404.62,20,18,72.83,424.62,Card,7,Late arrival
BK000848,G01775,2025-02-13,2025-03-12,2025-03-13,Completed,Expedia,Single,1,0,GR,Leisure,74.27,0,74.27,20,18,13.37,94.27,Card,,High floor
BK001044,G01307,2023-09-04,2024-01-31,2024-02-10,Completed,Expedia,Double,2,0,NL,Leisure,94.88,5,901.36,75,18,162.24,976.36,Card,8,High floor
BK002399,G01869,2025-03-05,2025-03-15,2025-03-20,Completed,Expedia,Suite,1,0,GR,Leisure,175.48,0,877.4,35,18,157.93,912.4,Card,9,High floor
BK002038,G02249,2024-12-13,2025-04-02,2025-04-07,Completed,Expedia,Double,1,0,GB,Leisure,107.58,0,537.9,50,18,96.82,587.9,Card,,
BK000663,G01420,2024-08-30,2024-10-10,2024-10-13,Completed,Expedia,Suite,1,0,GR,Leisure,197.66,0,592.98,0,18,106.74,592.98,Card,,High floor
BK001490,G00696,2024-12-18,2025-03-06,2025-03-07,Completed,Expedia,Double,1,1,GB,Leisure,100.71,10,90.64,50,18,16.32,140.64,Card,,Quiet room
BK002390,G02356,2025-04-02,2025-09-12,2025-09-17,Completed,Expedia,Double,1,0,DE,Leisure,148.61,5,705.9,75,18,127.06,780.9,Card,,Late arrival
BK002597,G00293,2024-06-06,2024-08-24,2024-08-30,Completed,Expedia,Double,2,0,IT,Leisure,123.99,0,743.94,35,18,133.91,778.94,Card,9,
BK001437,G01134,2024-12-23,2025-06-13,2025-06-14,Completed,Expedia,Double,2,0,GR,Leisure,146.87,0,146.87,35,18,26.44,181.87,Card,,
BK001946,G00142,2025-03-21,2025-06-13,2025-06-15,Completed,Expedia,Double,1,1,US,Leisure,148.37,0,296.74,0,18,53.41,296.74,Card,,High floor
BK000625,G01609,2024-05-12,2024-11-06,2024-11-09,Completed,Expedia,Double,2,0,DE,Leisure,101.03,0,303.09,0,18,54.56,303.09,Card,7,Quiet room
BK001031,G00731,2024-04-03,2024-06-03,2024-06-05,Completed,Expedia,Double,1,1,GB,Business,154.73,0,309.46,0,18,55.7,309.46,Card,,
BK000660,G00734,2025-11-18,2025-11-19,2025-11-23,Completed,Expedia,Double,1,0,US,Business,111.95,5,425.41,0,18,76.57,425.41,Card,9,
BK001425,G02109,2023-10-08,2024-03-13,2024-03-20,Completed,Expedia,Double,2,1,GB,Leisure,88.43,0,619.01,75,18,111.42,694.01,Card,,
BK002405,G00922,2023-10-09,2024-02-11,2024-02-16,Completed,Expedia,Double,2,0,FR,Business,108.27,10,487.22,0,18,87.7,487.22,Card,8,High floor
BK002209,G01894,2025-01-12,2025-05-28,2025-06-01,Completed,Expedia,Double,2,0,DE,Leisure,105.97,0,423.88,35,18,76.3,458.88,Card,10,
BK002877,G01898,2024-08-02,2024-08-17,2024-08-22,Completed,Expedia,Double,1,1,GR,Leisure,131.91,0,659.55,75,18,118.72,734.55,Card,6,
BK002892,G00870,2025-02-18,2025-04-15,2025-04-19,Completed,Expedia,Double,2,0,US,Leisure,86.0,0,344.0,10,18,61.92,354.0,Card,,High floor
BK002719,G01444,2025-02-25,2025-06-29,2025-07-03,Completed,Expedia,Double,1,2,DE,Leisure,155.99,0,623.96,20,18,112.31,643.96,Card,10,Baby cot
BK000390,G01030,2025-03-22,2025-05-23,2025-05-28,Completed,Expedia,Suite,1,0,DE,Leisure,196.01,5,931.05,20,18,167.59,951.05,Card,10,
BK000584,G02102,2024-08-19,2025-01-16,2025-01-19,Completed,Expedia,Suite,1,0,GR,Business,167.86,15,428.04,0,18,77.05,428.04,Card,10,
BK002067,G02043,2024-06-13,2024-08-15,2024-08-19,Completed,Expedia,Double,1,0,ES,Leisure,153.09,0,612.36,10,18,110.22,622.36,Card,7,
BK001223,G00177,2023-10-24,2024-04-21,2024-04-23,Completed,Expedia,Double,2,0,GB,Leisure,88.48,0,176.96,0,18,31.85,176.96,Card,,Quiet room
BK000092,G01990,2025-06-02,2025-08-12,2025-08-15,Completed,Expedia,Single,1,0,DE,Leisure,97.26,0,291.78,20,18,52.52,311.78,Card,,Quiet room
BK001262,G00984,2025-06-12,2025-11-18,2025-11-21,Completed,Expedia,Double,2,0,DE,Leisure,92.93,0,278.79,50,18,50.18,328.79,Card,8,
BK000790,G00635,2024-05-23,2024-08-02,2024-08-09,Completed,Expedia,Double,1,0,NL,Leisure,142.2,5,945.63,0,18,170.21,945.63,Card,10,High floor
BK002959,G00465,2024-03-21,2024-05-30,2024-06-03,Completed,Expedia,Double,2,0,FR,Business,94.2,5,357.96,0,18,64.43,357.96,Card,8,Baby cot
BK000224,G00565,2024-10-09,2025-01-11,2025-01-13,Completed,Expedia,Double,1,0,US,Leisure,98.61,10,177.5,20,18,31.95,197.5,Card,10,
BK002951,G01272,2024-09-05,2024-12-02,2024-12-06,Completed,Expedia,Single,1,0,FR,Leisure,64.6,10,232.56,35,18,41.86,267.56,Card,9,Quiet room
BK002143,G00843,2024-12-16,2025-04-01,2025-04-03,Completed,Expedia,Suite,2,0,FR,Business,192.61,0,385.22,10,18,69.34,395.22,Card,,Quiet room
BK002396,G00374,2024-03-15,2024-05-30,2024-06-03,Completed,Expedia,Double,1,1,IT,Leisure,111.32,5,423.02,20,18,76.14,443.02,Card,,Late arrival
BK001580,G01558,2025-04-22,2025-08-29,2025-08-30,Completed,Expedia,Double,1,0,GB,Leisure,136.56,0,136.56,35,18,24.58,171.56,Card,10,
BK001075,G00801,2024-08-18,2024-09-15,2024-09-17,Completed,Expedia,Double,1,0,GR,Leisure,129.78,0,259.56,50,18,46.72,309.56,Card,10,High floor
BK002733,G01373,2024-08-02,2024-08-24,2024-08-26,Completed,Expedia,Double,2,2,US,Business,140.62,0,281.24,0,18,50.62,281.24,Card,7,Baby cot
BK000884,G00061,2024-01-13,2024-07-08,2024-07-09,Completed,Expedia,Single,1,0,GR,Leisure,107.47,0,107.47,0,18,19.34,107.47,Card,9,Quiet room
BK000363,G02136,2025-03-17,2025-03-26,2025-03-28,Completed,Expedia,Suite,2,0,GR,Leisure,173.22,0,346.44,50,18,62.36,396.44,Card,7,Quiet room
BK001314,G01588,2023-10-06,2024-01-21,2024-01-23,Completed,Expedia,Double,1,0,US,Leisure,85.1,0,170.2,50,18,30.64,220.2,Card,9,Late arrival
BK002675,G01897,2025-02-16,2025-08-15,2025-08-18,Completed,Expedia,Suite,2,1,GR,Business,227.25,0,681.75,35,18,122.72,716.75,Card,,Baby cot
BK001582,G01128,2024-07-13,2024-08-23,2024-08-27,Completed,Expedia,Suite,2,0,DE,Leisure,290.7,5,1104.66,35,18,198.84,1139.66,Card,,
BK000007,G02178,2024-02-18,2024-06-26,2024-07-01,Completed,Expedia,Double,2,0,NL,Leisure,135.94,0,679.7,20,18,122.35,699.7,Card,8,
BK001239,G01583,2025-02-22,2025-04-17,2025-04-21,Completed,Expedia,Double,1,0,GR,Leisure,87.71,15,298.21,0,18,53.68,298.21,Card,7,Quiet room
BK002171,G00121,2024-01-02,2024-01-04,2024-01-07,Completed,Expedia,Suite,2,0,GR,Leisure,174.66,0,523.98,35,18,94.32,558.98,Card,9,
BK001217,G01531,2024-04-08,2024-06-13,2024-06-16,Completed,Expedia,Double,1,0,DE,Leisure,157.98,10,426.55,10,18,76.78,436.55,Card,7,High floor
BK002651,G01750,2025-05-09,2025-10-19,2025-10-21,Completed,Expedia,Double,1,0,GB,Leisure,89.83,10,161.69,10,18,29.1,171.69,Card,,High floor
BK001319,G02141,2024-12-24,2025-02-15,2025-02-19,Completed,Expedia,Suite,1,0,GB,Leisure,155.3,0,621.2,0,18,111.82,621.2,Card,,Baby cot
BK001887,G01236,2023-11-07,2024-04-23,2024-04-30,Completed,Expedia,Suite,1,0,IT,Leisure,186.02,5,1237.03,10,18,222.67,1247.03,Card,5,Baby cot
BK002341,G01538,2025-02-21,2025-06-16,2025-06-22,Completed,Expedia,Double,2,0,GR,Leisure,136.5,10,737.1,50,18,132.68,787.1,Card,8,
BK000857,G00441,2024-02-23,2024-02-25,2024-03-01,Completed,Expedia,Double,1,1,ES,Leisure,102.13,0,510.65,75,18,91.92,585.65,Card,9,Quiet room
BK002539,G02053,2024-08-06,2025-01-29,2025-01-31,Completed,Expedia,Suite,2,0,FR,Business,156.39,0,312.78,50,18,56.3,362.78,Card,7,
BK001502,G01698,2024-04-16,2024-07-23,2024-07-26,Completed,Expedia,Double,1,1,DE,Leisure,149.4,10,403.38,0,18,72.61,403.38,Card,,
BK000091,G01591,2023-07-26,2024-01-13,2024-01-17,Completed,Expedia,Double,1,0,GB,Leisure,92.47,0,369.88,10,18,66.58,379.88,Card,9,High floor
BK000342,G01539,2025-02-04,2025-05-02,2025-05-03,Completed,Expedia,Suite,1,0,ES,Leisure,182.37,0,182.37,20,18,32.83,202.37,Card,8,Baby cot
BK002586,G01188,2024-10-11,2025-02-24,2025-02-26,Completed,Expedia,Double,1,0,GB,Leisure,109.72,5,208.47,20,18,37.52,228.47,Card,10,
BK001494,G01784,2025-05-22,2025-09-24,2025-09-29,Completed,Expedia,Suite,1,0,GB,Business,232.01,10,1044.05,75,18,187.93,1119.05,Card,,High floor
BK001253,G00432,2024-04-07,2024-05-21,2024-05-22,Completed,Expedia,Double,1,0,GB,Leisure,86.57,0,86.57,20,18,15.58,106.57,Card,10,Quiet room
BK000541,G02079,2024-11-19,2025-03-06,2025-03-08,Completed,Expedia,Suite,2,1,GR,Leisure,174.51,0,349.02,75,18,62.82,424.02,Card,8,Baby cot
BK000247,G02106,2024-11-17,2025-05-15,2025-05-20,Completed,Expedia,Single,1,0,GB,Leisure,68.46,0,342.3,75,18,61.61,417.3,Card,10,Quiet room
BK001406,G00121,2024-04-08,2024-06-14,2024-06-17,Completed,Expedia,Double,1,0,FR,Leisure,126.95,0,380.85,20,18,68.55,400.85,Card,10,
BK002152,G00961,2025-02-15,2025-07-24,2025-07-26,Completed,Expedia,Suite,2,0,FR,Leisure,229.18,0,458.36,50,18,82.5,508.36,Card,,
BK001945,G01579,2023-09-26,2024-03-24,2024-03-28,Completed,Expedia,Double,1,1,US,Leisure,97.63,0,390.52,75,18,70.29,465.52,Card,10,
BK000588,G02165,2024-02-14,2024-06-08,2024-06-11,Completed,Expedia,Single,1,0,FR,Leisure,82.86,0,248.58,20,18,44.74,268.58,Card,,
BK002230,G00857,2025-05-21,2025-10-12,2025-10-15,Completed,Expedia,Suite,1,0,FR,Business,196.3,15,500.57,0,18,90.1,500.57,Card,7,High floor
BK001653,G01570,2025-11-12,2025-12-07,2025-12-11,Completed,Expedia,Single,1,0,NL,Leisure,57.86,10,208.3,0,18,37.49,208.3,Card,8,
BK000913,G02116,2024-10-22,2024-12-04,2024-12-06,Completed,Expedia,Double,1,0,US,Leisure,85.32,0,170.64,0,18,30.72,170.64,Card,10,
BK002271,G02131,2025-06-02,2025-07-27,2025-08-03,Completed,Expedia,Double,2,0,IT,Leisure,140.2,5,932.33,50,18,167.82,982.33,Card,9,Quiet room
BK001372,G01640,2025-01-14,2025-02-01,2025-02-04,Completed,Expedia,Single,1,0,DE,Leisure,68.22,0,204.66,75,18,36.84,279.66,Card,,Quiet room
BK000706,G00133,2024-08-16,2024-12-10,2024-12-13,Completed,Expedia,Suite,1,0,DE,Business,184.87,10,499.15,35,18,89.85,534.15,Card,9,High floor
BK000659,G00351,2024-07-24,2024-09-22,2024-09-27,Completed,Expedia,Double,2,0,NL,Leisure,127.01,0,635.05,50,18,114.31,685.05,Card,9,Baby cot
BK001435,G00435,2024-09-08,2024-09-09,2024-09-13,Completed,Expedia,Double,1,0,GB,Business,124.93,0,499.72,75,18,89.95,574.72,Card,,Baby cot
BK001361,G01987,2025-05-08,2025-07-10,2025-07-15,Completed,Expedia,Double,2,2,GR,Leisure,128.9,0,644.5,0,18,116.01,644.5,Card,5,Baby cot
BK000349,G02080,2024-07-01,2024-07-06,2024-07-12,Completed,Expedia,Suite,1,0,DE,Leisure,237.34,0,1424.04,35,18,256.33,1459.04,Card,10,Late arrival
BK002385,G01812,2024-03-18,2024-06-16,2024-06-20,Completed,Expedia,Suite,2,0,DE,Leisure,228.2,0,912.8,35,18,164.3,947.8,Card,,High floor
BK000006,G00810,2024-04-10,2024-09-17,2024-09-21,Completed,Expedia,Double,1,0,NL,Leisure,162.93,0,651.72,0,18,117.31,651.72,Card,,Quiet room
BK001118,G02317,2023-11-13,2024-01-26,2024-01-28,Completed,Expedia,Double,2,0,IT,Leisure,93.32,5,177.31,10,18,31.92,187.31,Card,,High floor
BK002100,G00798,2024-11-19,2025-02-24,2025-02-27,Completed,Expedia,Suite,1,0,US,Leisure,186.01,10,502.23,10,18,90.4,512.23,Card,,Quiet room
BK002558,G01010,2024-05-23,2024-07-21,2024-07-28,Completed,Expedia,Double,2,0,ES,Leisure,139.42,0,975.94,0,18,175.67,975.94,Card,,
BK000473,G01521,2024-10-25,2025-03-19,2025-03-22,Completed,Expedia,Double,1,0,FR,Leisure,113.65,0,340.95,10,18,61.37,350.95,Card,,Baby cot
BK001046,G01796,2025-05-28,2025-08-11,2025-08-15,Completed,Expedia,Double,1,0,IT,Business,124.9,0,499.6,0,18,89.93,499.6,Card,9,Baby cot
BK000142,G02104,2025-01-29,2025-06-14,2025-06-16,Completed,Expedia,Double,2,0,ES,Business,155.78,0,311.56,50,18,56.08,361.56,Card,10,Late arrival
BK000613,G01921,2024-05-24,2024-08-23,2024-08-26,Completed,Expedia,Double,2,0,GB,Leisure,131.91,0,395.73,75,18,71.23,470.73,Card,,Baby cot
BK002638,G02025,2024-07-22,2024-11-01,2024-11-08,Completed,Expedia,Single,1,0,DE,Leisure,61.26,0,428.82,20,18,77.19,448.82,Card,,Late arrival
BK000866,G02257,2023-12-02,2024-01-04,2024-01-06,Completed,Expedia,Single,1,0,GB,Leisure,67.12,0,134.24,20,18,24.16,154.24,Card,8,Late arrival
BK002050,G01049,2025-07-09,2025-08-10,2025-08-14,Completed,Expedia,Double,2,0,GB,Leisure,134.41,0,537.64,35,18,96.78,572.64,Card,,High floor
BK002911,G00166,2025-09-07,2025-10-21,2025-10-28,Completed,Expedia,Single,1,0,GB,Leisure,56.14,0,392.98,0,18,70.74,392.98,Card,,Baby cot
BK002155,G00124,2025-02-24,2025-06-19,2025-06-25,Completed,Expedia,Double,2,0,US,Business,161.99,0,971.94,35,18,174.95,1006.94,Card,5,Baby cot
BK001918,G00590,2023-12-30,2024-05-10,2024-05-17,Completed,Expedia,Single,1,0,GB,Leisure,71.36,0,499.52,0,18,89.91,499.52,Card,8,Late arrival
BK002401,G01340,2025-06-18,2025-06-22,2025-06-25,Completed,Expedia,Single,1,0,IT,Leisure,81.51,0,244.53,0,18,44.02,244.53,Card,9,Baby cot
BK002144,G01870,2024-03-26,2024-07-11,2024-07-14,Completed,Expedia,Double,2,2,GB,Leisure,153.89,0,461.67,0,18,83.1,461.67,Card,10,Baby cot
BK000785,G02277,2025-03-22,2025-04-08,2025-04-14,Completed,Expedia,Double,1,0,FR,Leisure,111.38,10,601.45,0,18,108.26,601.45,Card,9,Quiet room
BK001484,G02042,2025-06-06,2025-07-20,2025-07-21,Completed,Expedia,Single,1,0,IT,Business,90.87,0,90.87,10,18,16.36,100.87,Card,8,High floor
BK000728,G01402,2023-11-27,2024-01-15,2024-01-17,Completed,Expedia,Double,1,0,GR,Leisure,92.39,5,175.54,20,18,31.6,195.54,Card,7,Quiet room
BK002201,G00860,2025-03-04,2025-05-30,2025-06-01,Completed,Expedia,Single,1,0,GB,Leisure,57.58,10,103.64,50,18,18.66,153.64,Card,9,Baby cot
BK002756,G01211,2025-06-26,2025-10-04,2025-10-08,Completed,Expedia,Double,2,0,GB,Leisure,108.83,0,435.32,35,18,78.36,470.32,Card,10,
BK000484,G01266,2023-10-12,2024-02-26,2024-03-04,Completed,Expedia,Single,1,0,DE,Business,62.59,5,416.22,10,18,74.92,426.22,Card,9,Quiet room
BK000737,G00758,2024-08-17,2024-08-31,2024-09-02,Completed,Expedia,Suite,1,0,US,Business,282.54,0,565.08,50,18,101.71,615.08,Card,9,
BK002167,G01374,2025-05-10,2025-11-01,2025-11-02,Completed,Travel Agency,Double,1,0,ES,Business,99.37,5,94.4,0,10,9.44,94.4,Card,,High floor
BK002357,G02125,2024-01-08,2024-01-28,2024-01-30,Completed,Travel Agency,Suite,1,1,DE,Business,151.27,0,302.54,35,10,30.25,337.54,Card,,Baby cot
BK002319,G01473,2025-02-25,2025-03-27,2025-04-01,Completed,Travel Agency,Suite,1,0,GR,Leisure,149.98,0,749.9,10,10,74.99,759.9,Card,,
BK002824,G00524,2024-05-16,2024-08-20,2024-08-24,Completed,Travel Agency,Double,1,0,DE,Leisure,128.44,0,513.76,10,10,51.38,523.76,Card,10,Late arrival
BK002426,G01494,2024-10-09,2025-04-01,2025-04-06,Completed,Travel Agency,Suite,1,0,IT,Business,175.18,0,875.9,10,10,87.59,885.9,Card,8,
BK000070,G00826,2025-09-14,2025-11-19,2025-11-26,Completed,Travel Agency,Double,2,2,NL,Leisure,97.67,5,649.51,0,10,64.95,649.51,Card,8,High floor
BK002555,G00818,2025-03-03,2025-08-20,2025-08-26,Completed,Travel Agency,Double,2,0,GB,Leisure,151.54,0,909.24,0,10,90.92,909.24,Card,,Baby cot
BK001127,G00739,2024-08-01,2024-09-29,2024-10-03,Completed,Travel Agency,Double,1,0,NL,Leisure,142.52,0,570.08,35,10,57.01,605.08,Card,10,High floor
BK000188,G01685,2024-09-20,2025-03-10,2025-03-14,Completed,Travel Agency,Suite,1,0,GR,Leisure,180.57,0,722.28,35,10,72.23,757.28,Card,5,Late arrival
BK000430,G00969,2023-10-27,2024-02-06,2024-02-09,Completed,Travel Agency,Double,2,0,IT,Leisure,93.78,0,281.34,50,10,28.13,331.34,Card,8,
BK002939,G01951,2025-05-28,2025-08-02,2025-08-06,Completed,Travel Agency,Double,1,1,IT,Leisure,126.87,15,431.36,20,10,43.14,451.36,Card,,Baby cot
BK002496,G02339,2023-12-28,2024-01-30,2024-02-03,Completed,Travel Agency,Single,1,0,DE,Leisure,72.95,0,291.8,35,10,29.18,326.8,Card,,
BK000511,G00710,2025-07-02,2025-09-18,2025-09-19,Completed,Travel Agency,Suite,1,0,NL,Leisure,221.49,10,199.34,35,10,19.93,234.34,Card,6,High floor
BK000643,G00705,2025-05-26,2025-08-07,2025-08-10,Completed,Travel Agency,Double,1,0,GB,Leisure,135.35,0,406.05,35,10,40.61,441.05,Card,,
BK002309,G02211,2024-05-06,2024-07-05,2024-07-09,Completed,Travel Agency,Suite,2,0,GB,Leisure,255.67,10,920.41,35,10,92.04,955.41,Card,9,
BK000067,G00470,2024-08-15,2024-10-15,2024-10-22,Completed,Travel Agency,Double,1,1,GB,Leisure,90.17,5,599.63,20,10,59.96,619.63,Card,8,High floor
BK000760,G00218,2025-05-23,2025-07-13,2025-07-23,Completed,Travel Agency,Double,2,0,US,Business,160.87,0,1608.7,10,10,160.87,1618.7,Card,8,Quiet room
BK001410,G01650,2025-10-24,2025-11-22,2025-11-27,Completed,Travel Agency,Suite,2,0,GR,Business,191.54,0,957.7,50,10,95.77,1007.7,Card,7,Late arrival
BK001206,G00621,2024-12-11,2024-12-29,2025-01-05,Completed,Travel Agency,Double,1,0,GR,Leisure,95.62,0,669.34,0,10,66.93,669.34,Card,7,
BK000117,G01161,2024-07-18,2024-08-28,2024-08-29,Completed,Travel Agency,Suite,2,0,DE,Leisure,267.0,0,267.0,10,10,26.7,277.0,Card,,
BK000174,G00082,2024-08-09,2024-12-06,2024-12-11,Completed,Travel Agency,Single,1,0,GB,Leisure,64.94,0,324.7,50,10,32.47,374.7,Card,,
BK001048,G00495,2023-10-13,2024-03-24,2024-03-27,Completed,Travel Agency,Single,1,0,GR,Leisure,62.83,0,188.49,75,10,18.85,263.49,Card,9,Baby cot
BK000833,G00403,2024-03-20,2024-06-02,2024-06-08,Completed,Travel Agency,Double,2,0,GR,Leisure,133.87,0,803.22,10,10,80.32,813.22,Card,7,Late arrival
BK001802,G02093,2024-01-05,2024-02-26,2024-03-04,Completed,Travel Agency,Double,2,0,FR,Business,102.44,10,645.37,20,10,64.54,665.37,Card,9,Baby cot
BK002029,G01427,2024-03-23,2024-06-08,2024-06-14,Completed,Travel Agency,Double,1,0,GR,Leisure,127.37,0,764.22,20,10,76.42,784.22,Card,,
BK002023,G00695,2025-02-06,2025-04-20,2025-04-27,Completed,Travel Agency,Double,1,0,DE,Leisure,108.27,0,757.89,20,10,75.79,777.89,Card,,Late arrival
BK000093,G00783,2024-09-27,2024-11-17,2024-11-21,Completed,Travel Agency,Suite,2,0,FR,Leisure,159.46,0,637.84,75,10,63.78,712.84,Card,7,Late arrival
BK000455,G01426,2025-04-28,2025-07-22,2025-07-27,Completed,Travel Agency,Suite,2,0,GB,Leisure,280.02,5,1330.1,0,10,133.01,1330.1,Card,7,
BK002225,G00861,2025-10-24,2025-10-27,2025-10-30,Completed,Travel Agency,Suite,2,0,GB,Leisure,184.53,0,553.59,35,10,55.36,588.59,Card,,
BK000094,G02387,2025-04-17,2025-08-25,2025-09-01,Completed,Travel Agency,Single,1,0,GB,Leisure,86.55,0,605.85,50,10,60.59,655.85,Card,9,
BK001517,G01590,2024-03-17,2024-09-02,2024-09-04,Completed,Travel Agency,Suite,2,0,GB,Leisure,278.86,10,501.95,35,10,50.2,536.95,Card,,Quiet room
BK001877,G01000,2024-06-18,2024-09-15,2024-09-17,Completed,Travel Agency,Double,2,0,FR,Leisure,166.11,0,332.22,10,10,33.22,342.22,Card,8,
BK001863,G00689,2024-02-05,2024-07-08,2024-07-11,Completed,Travel Agency,Double,2,0,DE,Leisure,154.21,0,462.63,10,10,46.26,472.63,Card,10,Quiet room
BK000493,G01731,2025-03-29,2025-09-21,2025-09-24,Completed,Travel Agency,Double,2,0,GB,Leisure,164.2,0,492.6,35,10,49.26,527.6,Card,,
BK002735,G01317,2025-03-03,2025-08-17,2025-08-21,Completed,Travel Agency,Suite,2,0,DE,Leisure,223.59,5,849.64,50,10,84.96,899.64,Card,10,
BK001283,G01758,2024-12-18,2025-05-01,2025-05-03,Completed,Travel Agency,Single,1,0,DE,Leisure,62.19,0,124.38,75,10,12.44,199.38,Card,8,Baby cot
BK001644,G01504,2025-03-09,2025-06-02,2025-06-06,Completed,Travel Agency,Suite,1,0,DE,Leisure,251.57,0,1006.28,0,10,100.63,1006.28,Card,8,Quiet room
BK001953,G02393,2024-06-09,2024-10-09,2024-10-10,Completed,Travel Agency,Suite,2,0,DE,Leisure,180.06,0,180.06,50,10,18.01,230.06,Card,8,
BK001292,G02187,2024-05-10,2024-10-19,2024-10-21,Completed,Travel Agency,Double,2,1,GR,Leisure,109.87,5,208.75,10,10,20.88,218.75,Card,,High floor
BK001334,G02350,2023-12-17,2024-05-07,2024-05-08,Completed,Travel Agency,Double,1,0,GB,Leisure,90.84,0,90.84,35,10,9.08,125.84,Card,7,Quiet room
BK002163,G00951,2024-04-28,2024-06-29,2024-07-02,Completed,Travel Agency,Double,2,0,ES,Leisure,128.08,0,384.24,0,10,38.42,384.24,Card,,
BK000041,G02150,2024-04-26,2024-08-14,2024-08-20,Completed,Travel Agency,Single,1,0,NL,Leisure,87.49,0,524.94,10,10,52.49,534.94,Card,,Late arrival
BK000536,G02164,2025-01-11,2025-06-30,2025-07-06,Completed,Travel Agency,Suite,1,0,ES,Leisure,235.42,15,1200.64,0,10,120.06,1200.64,Card,,
BK002037,G01379,2025-07-09,2025-11-07,2025-11-08,Completed,Travel Agency,Double,2,0,GR,Leisure,87.53,0,87.53,50,10,8.75,137.53,Card,9,Baby cot
BK001287,G01141,2024-08-02,2024-08-23,2024-08-24,Completed,Travel Agency,Suite,1,0,DE,Leisure,218.35,0,218.35,10,10,21.84,228.35,Card,5,
BK002269,G02364,2024-06-09,2024-09-30,2024-10-05,Completed,Travel Agency,Double,1,0,GR,Leisure,131.43,0,657.15,10,10,65.72,667.15,Card,8,
BK001995,G00368,2024-01-07,2024-02-13,2024-02-17,Completed,Travel Agency,Double,1,0,GB,Business,88.62,10,319.03,0,10,31.9,319.03,Card,10,Late arrival
BK001213,G02323,2025-02-01,2025-07-06,2025-07-09,Completed,Travel Agency,Suite,2,0,IT,Business,268.05,15,683.53,75,10,68.35,758.53,Card,9,High floor
BK001779,G01282,2024-09-12,2024-09-18,2024-09-23,Completed,Travel Agency,Double,1,0,GB,Leisure,126.42,0,632.1,35,10,63.21,667.1,Card,9,Late arrival
BK001181,G02030,2025-07-16,2025-10-11,2025-10-13,Completed,Travel Agency,Double,2,0,ES,Leisure,108.71,0,217.42,35,10,21.74,252.42,Card,9,Late arrival
BK002682,G00318,2025-05-31,2025-06-08,2025-06-15,Completed,Travel Agency,Double,2,2,NL,Leisure,132.9,5,883.79,35,10,88.38,918.79,Card,,Baby cot
BK002574,G00135,2023-12-27,2024-02-16,2024-02-18,Completed,Travel Agency,Double,2,1,NL,Leisure,102.31,0,204.62,50,10,20.46,254.62,Card,10,
BK001338,G02020,2025-02-12,2025-03-03,2025-03-04,Completed,Travel Agency,Double,1,0,GB,Business,102.24,0,102.24,0,10,10.22,102.24,Card,10,
BK002899,G01356,2024-06-27,2024-06-30,2024-07-07,Completed,Travel Agency,Single,1,0,GR,Business,80.79,0,565.53,0,10,56.55,565.53,Card,6,Quiet room
BK002515,G00702,2024-09-11,2024-09-23,2024-09-27,Completed,Travel Agency,Double,2,0,IT,Leisure,128.41,0,513.64,10,10,51.36,523.64,Card,9,Late arrival
BK002492,G00886,2023-11-22,2024-01-04,2024-01-05,Completed,Travel Agency,Suite,2,0,FR,Leisure,166.13,5,157.82,0,10,15.78,157.82,Card,,High floor
BK001617,G02262,2025-01-21,2025-05-19,2025-05-21,Completed,Travel Agency,Suite,2,0,GB,Leisure,160.69,0,321.38,0,10,32.14,321.38,Card,8,
BK000221,G02170,2023-08-09,2024-01-29,2024-02-04,Completed,Travel Agency,Double,2,1,DE,Leisure,94.74,0,568.44,20,10,56.84,588.44,Card,,Quiet room
BK002736,G00321,2025-03-15,2025-06-04,2025-06-09,Completed,Travel Agency,Suite,2,1,FR,Leisure,256.98,5,1220.66,75,10,122.07,1295.66,Card,,Late arrival
BK002229,G02104,2024-02-04,2024-03-30,2024-04-05,Completed,Travel Agency,Double,2,0,IT,Leisure,92.6,0,555.6,0,10,55.56,555.6,Card,10,Quiet room
BK002997,G00460,2024-04-26,2024-08-21,2024-08-27,Completed,Travel Agency,Double,1,0,FR,Business,154.56,0,927.36,20,10,92.74,947.36,Card,7,Quiet room
BK001302,G01493,2024-06-26,2024-09-09,2024-09-13,Completed,Travel Agency,Double,2,0,GR,Leisure,165.35,0,661.4,75,10,66.14,736.4,Card,10,
BK000380,G01210,2024-09-30,2025-01-24,2025-01-27,Completed,Travel Agency,Double,2,0,ES,Leisure,99.86,0,299.58,0,10,29.96,299.58,Card,,
BK001738,G01346,2024-09-27,2025-03-14,2025-03-15,Completed,Travel Agency,Single,1,0,GB,Leisure,64.52,0,64.52,20,10,6.45,84.52,Card,,
BK000486,G01530,2023-12-01,2024-05-02,2024-05-03,Completed,Travel Agency,Double,1,0,IT,Leisure,91.95,0,91.95,75,10,9.2,166.95,Card,7,Late arrival
BK001453,G00558,2025-07-18,2025-09-15,2025-09-22,Completed,Travel Agency,Single,1,0,GB,Leisure,101.81,0,712.67,0,10,71.27,712.67,Card,9,High floor
BK001842,G01694,2025-10-09,2025-12-12,2025-12-15,Completed,Travel Agency,Suite,1,0,GR,Leisure,182.36,10,492.37,20,10,49.24,512.37,Card,8,
BK000366,G00959,2025-08-28,2025-09-29,2025-10-02,Completed,Travel Agency,Suite,2,1,FR,Leisure,283.68,5,808.49,10,10,80.85,818.49,Card,10,High floor
BK002425,G00768,2023-09-08,2024-01-21,2024-01-24,Completed,Travel Agency,Single,1,0,GB,Leisure,70.24,0,210.72,0,10,21.07,210.72,Card,6,
BK001354,G00201,2025-03-08,2025-09-02,2025-09-09,Completed,Travel Agency,Double,1,0,ES,Leisure,145.43,0,1018.01,0,10,101.8,1018.01,Card,6,High floor
BK002864,G02348,2025-04-11,2025-05-13,2025-05-16,Completed,Travel Agency,Double,1,0,GR,Leisure,98.77,0,296.31,35,10,29.63,331.31,Card,10,Baby cot
BK001758,G00348,2024-08-03,2024-12-01,2024-12-02,Completed,Travel Agency,Double,1,0,GR,Leisure,100.93,10,90.84,0,10,9.08,90.84,Card,9,
BK001179,G00815,2024-03-04,2024-07-05,2024-07-07,Completed,Travel Agency,Single,1,0,GB,Leisure,102.89,15,174.91,10,10,17.49,184.91,Card,9,Baby cot
BK002311,G00230,2024-03-30,2024-09-11,2024-09-15,Completed,Travel Agency,Double,1,0,DE,Leisure,129.91,0,519.64,20,10,51.96,539.64,Card,10,
BK002900,G02196,2024-10-12,2024-12-14,2024-12-19,Completed,Travel Agency,Double,1,0,US,Leisure,85.51,5,406.17,20,10,40.62,426.17,Card,10,
BK002164,G00855,2024-07-26,2024-08-09,2024-08-13,Completed,Travel Agency,Single,1,0,DE,Leisure,96.52,0,386.08,20,10,38.61,406.08,Card,9,Quiet room
BK001035,G01934,2024-01-16,2024-02-17,2024-02-21,Completed,Travel Agency,Single,1,0,GR,Leisure,69.48,0,277.92,0,10,27.79,277.92,Card,8,Baby cot
BK001806,G00146,2024-01-24,2024-06-01,2024-06-04,Completed,Travel Agency,Double,1,0,GB,Leisure,163.69,0,491.07,75,10,49.11,566.07,Card,9,
BK001201,G01485,2024-05-26,2024-08-06,2024-08-08,Completed,Travel Agency,Double,1,0,ES,Leisure,127.85,0,255.7,50,10,25.57,305.7,Card,,Late arrival
BK002169,G01314,2024-01-31,2024-04-21,2024-04-28,Completed,Travel Agency,Double,2,0,IT,Leisure,103.12,0,721.84,0,10,72.18,721.84,Card,8,High floor
BK001590,G00483,2024-11-19,2025-03-01,2025-03-05,Completed,Travel Agency,Double,2,0,DE,Leisure,90.95,0,363.8,20,10,36.38,383.8,Card,,
BK002346,G00898,2024-07-22,2024-10-02,2024-10-09,Completed,Travel Agency,Double,1,0,GR,Leisure,87.87,0,615.09,20,10,61.51,635.09,Card,,Late arrival
BK000703,G01615,2025-04-09,2025-07-20,2025-07-22,Completed,Travel Agency,Suite,1,0,GR,Leisure,282.34,0,564.68,35,10,56.47,599.68,Card,,High floor
BK001301,G01343,2024-07-17,2024-11-08,2024-11-13,Completed,Travel Agency,Suite,2,0,US,Leisure,193.02,0,965.1,50,10,96.51,1015.1,Card,8,Quiet room
BK001199,G00424,2024-02-21,2024-05-21,2024-05-26,Completed,Booking.com,Double,1,0,ES,Leisure,88.17,5,418.81,0,15,62.82,418.81,Cash,,
BK000991,G01134,2024-03-04,2024-07-12,2024-07-22,Completed,Booking.com,Suite,2,0,GR,Leisure,220.84,0,2208.4,0,15,331.26,2208.4,Cash,,Baby cot
BK000574,G00287,2025-03-10,2025-06-07,2025-06-14,Completed,Booking.com,Single,1,0,DE,Leisure,82.5,10,519.75,35,15,77.96,554.75,Cash,10,Quiet room
BK000043,G01892,2025-03-18,2025-04-23,2025-04-25,Completed,Booking.com,Single,1,0,DE,Leisure,55.43,0,110.86,0,15,16.63,110.86,Cash,10,Baby cot
BK001420,G01469,2024-08-23,2025-01-26,2025-01-28,Completed,Booking.com,Suite,1,0,GR,Business,193.16,0,386.32,35,15,57.95,421.32,Cash,8,Baby cot
BK002477,G00519,2024-05-17,2024-10-10,2024-10-13,Completed,Booking.com,Double,1,0,IT,Leisure,97.97,0,293.91,10,15,44.09,303.91,Cash,9,Late arrival
BK000347,G02050,2025-06-29,2025-09-08,2025-09-11,Completed,Booking.com,Single,1,0,IT,Leisure,86.78,0,260.34,0,15,39.05,260.34,Cash,10,Baby cot
BK000731,G01835,2024-03-16,2024-08-26,2024-08-28,Completed,Booking.com,Double,2,0,GB,Leisure,145.15,0,290.3,10,15,43.55,300.3,Cash,,Quiet room
BK000827,G00571,2025-03-22,2025-09-13,2025-09-17,Completed,Booking.com,Double,2,0,DE,Leisure,165.52,0,662.08,0,15,99.31,662.08,Cash,,Baby cot
BK001586,G01204,2024-03-16,2024-06-18,2024-06-20,Completed,Booking.com,Double,2,0,DE,Leisure,142.21,0,284.42,0,15,42.66,284.42,Cash,,
BK002806,G00908,2023-11-19,2024-04-25,2024-05-02,Completed,Booking.com,Single,1,0,GR,Leisure,62.14,0,434.98,50,15,65.25,484.98,Cash,10,Quiet room
BK000205,G02324,2024-10-27,2025-01-27,2025-02-02,Completed,Booking.com,Double,1,1,GB,Leisure,101.07,10,545.78,35,15,81.87,580.78,Cash,,
BK001380,G00821,2025-04-23,2025-08-20,2025-08-27,Completed,Booking.com,Double,2,0,DE,Leisure,146.88,0,1028.16,0,15,154.22,1028.16,Cash,9,Late arrival
BK000182,G00969,2023-08-31,2024-01-31,2024-02-01,Completed,Booking.com,Double,2,1,GB,Business,114.87,0,114.87,0,15,17.23,114.87,Cash,9,Baby cot
BK002648,G00724,2024-03-27,2024-04-19,2024-04-22,Completed,Booking.com,Single,1,0,GR,Leisure,59.79,0,179.37,50,15,26.91,229.37,Cash,6,Baby cot
BK001672,G00987,2025-06-11,2025-08-06,2025-08-09,Completed,Booking.com,Suite,2,2,GB,Leisure,238.67,0,716.01,0,15,107.4,716.01,Cash,,
BK000981,G01794,2024-10-31,2025-04-17,2025-04-27,Completed,Booking.com,Double,2,0,IT,Leisure,89.88,0,898.8,0,15,134.82,898.8,Cash,10,Baby cot
BK002904,G01673,2025-05-30,2025-06-23,2025-06-27,Completed,Booking.com,Double,2,0,GR,Leisure,129.01,5,490.24,0,15,73.54,490.24,Cash,8,Quiet room
BK002122,G00658,2024-08-17,2024-11-23,2024-11-26,Completed,Booking.com,Double,1,0,GR,Business,103.82,5,295.89,0,15,44.38,295.89,Cash,,
BK002304,G00020,2024-10-15,2025-02-11,2025-02-13,Completed,Booking.com,Single,1,0,FR,Leisure,55.75,0,111.5,35,15,16.73,146.5,Cash,9,
BK001198,G00065,2025-08-21,2025-12-06,2025-12-09,Completed,Booking.com,Double,2,2,GB,Leisure,100.01,0,300.03,0,15,45.0,300.03,Cash,,
BK001662,G01987,2024-05-21,2024-09-12,2024-09-15,Completed,Booking.com,Double,2,0,DE,Business,162.3,0,486.9,0,15,73.04,486.9,Cash,8,Quiet room
BK001150,G00616,2025-03-20,2025-08-03,2025-08-05,Completed,Booking.com,Single,1,0,GB,Business,86.11,5,163.61,50,15,24.54,213.61,Cash,7,
BK001525,G01836,2025-04-11,2025-05-07,2025-05-09,Completed,Booking.com,Suite,1,0,GB,Business,164.78,0,329.56,75,15,49.43,404.56,Cash,9,Quiet room
BK002412,G01338,2025-07-22,2025-07-23,2025-07-27,Completed,Booking.com,Double,1,0,US,Leisure,145.72,10,524.59,10,15,78.69,534.59,Cash,,
BK001917,G02368,2024-06-18,2024-08-06,2024-08-16,Completed,Booking.com,Double,1,0,GB,Leisure,148.41,10,1335.69,10,15,200.35,1345.69,Cash,9,Baby cot
BK001442,G00424,2025-01-08,2025-07-02,2025-07-12,Completed,Booking.com,Double,1,0,GR,Leisure,127.16,0,1271.6,75,15,190.74,1346.6,Cash,9,
BK001020,G02332,2023-10-24,2024-03-22,2024-03-27,Completed,Booking.com,Single,1,0,GR,Leisure,68.36,0,341.8,75,15,51.27,416.8,Cash,9,Late arrival
BK000030,G00982,2025-04-06,2025-06-27,2025-06-30,Completed,Booking.com,Double,2,0,DE,Leisure,162.78,0,488.34,50,15,73.25,538.34,Cash,8,Quiet room
BK000019,G00170,2025-02-23,2025-07-16,2025-07-18,Completed,Booking.com,Double,2,0,NL,Leisure,164.08,15,278.94,50,15,41.84,328.94,Cash,,
BK000432,G00008,2025-08-02,2025-11-01,2025-11-04,Completed,Booking.com,Single,1,0,GB,Leisure,69.47,15,177.15,20,15,26.57,197.15,Cash,,
BK001895,G01034,2025-03-03,2025-03-25,2025-03-29,Completed,Booking.com,Double,2,2,US,Leisure,107.58,5,408.8,50,15,61.32,458.8,Cash,9,High floor
BK001914,G00539,2025-01-25,2025-06-15,2025-06-22,Completed,Booking.com,Double,1,0,FR,Leisure,131.02,0,917.14,50,15,137.57,967.14,Cash,10,High floor
BK000461,G01361,2023-11-03,2024-02-25,2024-03-02,Completed,Booking.com,Double,1,0,GR,Leisure,96.34,10,520.24,0,15,78.04,520.24,Cash,10,
BK000364,G01471,2024-09-28,2025-02-14,2025-02-16,Completed,Booking.com,Double,1,1,GB,Leisure,102.9,0,205.8,35,15,30.87,240.8,Cash,6,High floor
BK001530,G01244,2024-11-22,2025-05-02,2025-05-08,Completed,Booking.com,Double,1,0,IT,Leisure,114.72,5,653.9,75,15,98.09,728.9,Cash,6,Baby cot
BK001680,G00953,2024-04-21,2024-08-24,2024-08-25,Completed,Booking.com,Single,1,0,DE,Leisure,87.0,15,73.95,50,15,11.09,123.95,Cash,10,
BK001003,G01628,2024-07-07,2024-09-26,2024-09-28,Completed,Booking.com,Suite,2,0,ES,Leisure,287.53,0,575.06,10,15,86.26,585.06,Cash,9,
BK000829,G01737,2024-07-03,2024-10-23,2024-10-26,Completed,Booking.com,Double,2,0,DE,Leisure,88.89,0,266.67,0,15,40.0,266.67,Cash,9,High floor
BK000864,G00919,2025-12-14,2025-12-19,2025-12-21,Completed,Booking.com,Single,1,0,GR,Leisure,55.76,0,111.52,50,15,16.73,161.52,Cash,,
BK002217,G02260,2025-01-25,2025-03-08,2025-03-11,Completed,Booking.com,Single,1,0,DE,Leisure,61.26,0,183.78,10,15,27.57,193.78,Cash,,
BK001106,G00832,2024-02-09,2024-05-01,2024-05-06,Completed,Booking.com,Double,2,0,US,Business,111.89,10,503.51,0,15,75.53,503.51,Cash,8,
BK000778,G01426,2025-01-20,2025-03-17,2025-03-20,Completed,Booking.com,Double,2,0,GB,Leisure,112.75,10,304.43,0,15,45.66,304.43,Cash,9,Late arrival
BK002533,G01929,2024-11-20,2025-02-28,2025-03-01,Completed,Booking.com,Double,2,0,GB,Leisure,108.06,0,108.06,35,15,16.21,143.06,Cash,10,Quiet room
BK002160,G00345,2024-09-26,2024-11-20,2024-11-25,Completed,Booking.com,Double,1,0,US,Leisure,86.03,5,408.64,50,15,61.3,458.64,Cash,9,
BK000040,G00646,2025-06-26,2025-08-01,2025-08-07,Completed,Booking.com,Suite,2,0,GR,Leisure,216.02,0,1296.12,75,15,194.42,1371.12,Cash,9,Quiet room
BK000725,G01441,2024-01-05,2024-06-13,2024-06-17,Completed,Booking.com,Double,2,0,GR,Leisure,124.01,0,496.04,20,15,74.41,516.04,Cash,8,Baby cot
BK000771,G01660,2024-07-27,2024-08-01,2024-08-03,Completed,Booking.com,Suite,2,1,ES,Leisure,240.76,0,481.52,20,15,72.23,501.52,Cash,10,Baby cot
BK002894,G01751,2025-05-18,2025-07-24,2025-07-26,Completed,Booking.com,Double,1,0,GB,Leisure,125.67,0,251.34,10,15,37.7,261.34,Cash,9,
BK002984,G01961,2025-07-03,2025-11-04,2025-11-09,Completed,Booking.com,Double,2,1,IT,Business,113.52,10,510.84,10,15,76.63,520.84,Cash,7,
BK001784,G01210,2025-07-03,2025-07-13,2025-07-17,Completed,Booking.com,Single,1,0,GR,Leisure,80.28,15,272.95,75,15,40.94,347.95,Cash,,Quiet room
BK001610,G01787,2024-12-06,2025-02-27,2025-03-02,Completed,Booking.com,Double,2,0,GB,Leisure,110.05,10,297.14,75,15,44.57,372.14,Cash,,Quiet room
BK000805,G00980,2024-04-20,2024-06-10,2024-06-15,Completed,Booking.com,Double,2,0,NL,Leisure,144.5,5,686.38,35,15,102.96,721.38,Cash,,
BK000239,G01012,2025-01-23,2025-06-21,2025-06-23,Completed,Booking.com,Suite,2,0,IT,Leisure,242.85,0,485.7,75,15,72.86,560.7,Cash,,High floor
BK002866,G02041,2023-12-12,2024-05-26,2024-05-31,Completed,Booking.com,Double,1,1,GB,Leisure,92.59,0,462.95,35,15,69.44,497.95,Cash,8,Baby cot
BK001972,G01958,2024-05-05,2024-10-25,2024-10-28,Completed,Booking.com,Single,1,0,GR,Leisure,72.61,0,217.83,20,15,32.67,237.83,Cash,,Late arrival
BK002482,G00737,2024-03-17,2024-07-23,2024-07-30,Completed,Booking.com,Double,1,0,GR,Leisure,129.21,0,904.47,50,15,135.67,954.47,Cash,,High floor
BK002916,G00692,2025-08-18,2025-10-12,2025-10-22,Completed,Booking.com,Double,1,0,US,Leisure,105.77,0,1057.7,20,15,158.66,1077.7,Cash,,
BK002189,G01306,2024-10-22,2024-11-18,2024-11-24,Completed,Booking.com,Double,2,0,DE,Leisure,102.86,0,617.16,0,15,92.57,617.16,Cash,7,High floor
BK001996,G00756,2025-03-08,2025-04-08,2025-04-09,Completed,Booking.com,Double,1,1,NL,Leisure,111.54,0,111.54,0,15,16.73,111.54,Cash,,Late arrival
BK000481,G00797,2024-12-08,2025-01-31,2025-02-02,Completed,Booking.com,Single,1,0,GB,Leisure,59.12,15,100.5,50,15,15.08,150.5,Cash,10,
BK001493,G00677,2023-12-15,2024-02-20,2024-02-27,Completed,Booking.com,Double,2,0,GB,Leisure,89.73,0,628.11,20,15,94.22,648.11,Cash,10,
BK002296,G01898,2023-09-13,2024-03-06,2024-03-09,Completed,Booking.com,Suite,1,1,US,Leisure,162.05,0,486.15,35,15,72.92,521.15,Cash,7,Baby cot
BK002274,G00808,2024-03-19,2024-08-09,2024-08-12,Completed,Booking.com,Single,1,0,GR,Leisure,90.31,0,270.93,0,15,40.64,270.93,Cash,10,Baby cot
BK001553,G00901,2024-08-12,2024-12-11,2024-12-15,Completed,Booking.com,Suite,2,1,DE,Leisure,149.94,0,599.76,35,15,89.96,634.76,Cash,10,
BK001600,G01172,2024-06-10,2024-06-17,2024-06-21,Completed,Booking.com,Double,2,1,GR,Leisure,129.84,0,519.36,0,15,77.9,519.36,Cash,,High floor
BK001905,G01811,2024-10-29,2025-02-15,2025-02-17,Completed,Booking.com,Single,1,0,NL,Leisure,70.94,0,141.88,10,15,21.28,151.88,Cash,8,
BK002181,G01454,2025-03-23,2025-06-04,2025-06-06,Completed,Booking.com,Single,1,0,GB,Leisure,103.39,10,186.1,50,15,27.92,236.1,Cash,10,
BK000582,G02390,2024-01-04,2024-06-11,2024-06-16,Completed,Booking.com,Double,2,0,IT,Leisure,153.47,15,652.25,20,15,97.84,672.25,Cash,8,Quiet room
BK000726,G00696,2025-03-01,2025-08-24,2025-08-27,Completed,Booking.com,Double,1,1,GB,Business,129.22,10,348.89,0,15,52.33,348.89,Cash,10,
BK001289,G01433,2025-05-02,2025-07-08,2025-07-12,Completed,Booking.com,Double,2,0,IT,Leisure,152.06,5,577.83,35,15,86.67,612.83,Cash,7,Baby cot
BK000708,G01106,2024-12-01,2025-03-29,2025-04-01,Completed,Booking.com,Single,1,0,GR,Leisure,60.35,0,181.05,10,15,27.16,191.05,Cash,9,
BK001238,G01918,2025-06-21,2025-09-17,2025-09-22,Completed,Booking.com,Suite,1,0,GB,Leisure,274.81,0,1374.05,20,15,206.11,1394.05,Cash,,High floor
BK000238,G02319,2025-02-17,2025-07-28,2025-08-01,Completed,Booking.com,Suite,2,0,DE,Leisure,268.6,0,1074.4,20,15,161.16,1094.4,Cash,,
BK000053,G00684,2025-08-09,2025-11-30,2025-12-07,Completed,Booking.com,Double,1,0,NL,Business,86.72,15,515.98,10,15,77.4,525.98,Cash,,Baby cot
BK001936,G01396,2023-11-02,2024-04-13,2024-04-20,Completed,Booking.com,Double,1,0,US,Leisure,101.13,0,707.91,50,15,106.19,757.91,Cash,,
BK002593,G01007,2023-11-05,2024-01-25,2024-01-29,Completed,Booking.com,Suite,2,0,NL,Leisure,166.46,15,565.96,0,15,84.89,565.96,Cash,9,Baby cot
BK001322,G00836,2023-10-26,2024-02-17,2024-02-24,Completed,Booking.com,Double,1,0,GR,Leisure,100.32,0,702.24,10,15,105.34,712.24,Cash,,High floor
BK001339,G01023,2024-12-13,2025-02-03,2025-02-05,Completed,Booking.com,Double,2,0,GB,Business,114.74,0,229.48,50,15,34.42,279.48,Cash,,
BK000056,G00773,2025-02-23,2025-07-22,2025-07-24,Completed,Booking.com,Double,1,1,US,Leisure,155.73,0,311.46,0,15,46.72,311.46,Cash,9,Baby cot
BK002467,G01308,2024-11-12,2024-11-29,2024-12-02,Completed,Booking.com,Suite,2,0,US,Business,180.2,10,486.54,10,15,72.98,496.54,Cash,8,High floor
BK000231,G00179,2025-06-20,2025-08-12,2025-08-15,Completed,Booking.com,Single,1,0,GR,Leisure,88.39,5,251.91,10,15,37.79,261.91,Cash,8,High floor
BK001994,G01060,2024-03-11,2024-08-12,2024-08-15,Completed,Booking.com,Double,1,1,DE,Leisure,166.63,15,424.91,35,15,63.74,459.91,Cash,10,
BK002721,G01253,2024-03-03,2024-07-02,2024-07-06,Completed,Booking.com,Double,2,0,ES,Business,147.33,0,589.32,75,15,88.4,664.32,Cash,9,Quiet room
BK000411,G00861,2023-11-02,2024-02-16,2024-02-20,Completed,Booking.com,Double,1,0,GR,Leisure,97.4,0,389.6,0,15,58.44,389.6,Cash,8,
BK000012,G02248,2024-01-10,2024-05-11,2024-05-13,Completed,Booking.com,Double,1,2,GB,Leisure,91.7,10,165.06,10,15,24.76,175.06,Cash,,Quiet room
BK002344,G00811,2024-06-14,2024-12-10,2024-12-13,Completed,Booking.com,Double,2,0,GB,Leisure,87.34,5,248.92,50,15,37.34,298.92,Cash,9,
BK002025,G02398,2023-12-06,2024-01-27,2024-01-29,Completed,Booking.com,Double,1,0,GR,Leisure,108.56,10,195.41,0,15,29.31,195.41,Cash,,
BK001941,G02181,2023-12-17,2024-03-05,2024-03-06,Completed,Booking.com,Double,2,0,IT,Business,88.85,0,88.85,20,15,13.33,108.85,Cash,,Baby cot
BK001547,G02093,2025-09-17,2025-10-17,2025-10-20,Completed,Booking.com,Double,2,0,GR,Leisure,109.55,0,328.65,0,15,49.3,328.65,Cash,8,Late arrival
BK000369,G00241,2025-03-15,2025-06-11,2025-06-14,Completed,Booking.com,Double,2,1,DE,Leisure,153.09,0,459.27,10,15,68.89,469.27,Cash,,Late arrival
BK002313,G02275,2025-04-03,2025-04-25,2025-05-01,Completed,Booking.com,Suite,2,0,ES,Leisure,193.28,0,1159.68,0,15,173.95,1159.68,Cash,8,
BK000800,G02376,2025-06-28,2025-12-22,2025-12-25,Completed,Booking.com,Double,1,1,GB,Leisure,97.25,0,291.75,35,15,43.76,326.75,Cash,10,
BK000127,G01465,2025-03-09,2025-06-20,2025-06-22,Completed,Booking.com,Double,1,0,IT,Leisure,127.02,10,228.64,0,15,34.3,228.64,Cash,,High floor
BK001010,G00005,2024-03-23,2024-08-08,2024-08-12,Completed,Booking.com,Double,1,0,DE,Leisure,139.6,0,558.4,35,15,83.76,593.4,Cash,,Quiet room
BK000442,G00807,2024-10-20,2025-01-04,2025-01-14,Completed,Booking.com,Single,1,0,GR,Leisure,67.13,5,637.73,75,15,95.66,712.73,Cash,,High floor
BK002950,G01892,2025-01-07,2025-06-24,2025-06-29,Completed,Booking.com,Single,1,0,DE,Leisure,101.13,0,505.65,35,15,75.85,540.65,Cash,7,
BK000539,G02333,2024-10-16,2024-11-04,2024-11-05,Completed,Booking.com,Double,2,0,FR,Leisure,89.21,15,75.83,10,15,11.37,85.83,Cash,9,High floor
BK002026,G01937,2024-03-06,2024-06-04,2024-06-07,Completed,Booking.com,Double,1,0,DE,Leisure,133.7,5,381.05,0,15,57.16,381.05,Cash,9,
BK001549,G00317,2025-08-26,2025-11-21,2025-11-26,Completed,Booking.com,Single,1,0,GR,Leisure,65.27,10,293.72,35,15,44.06,328.72,Cash,8,Late arrival
BK002716,G01079,2025-10-23,2025-11-18,2025-11-21,Completed,Booking.com,Double,2,0,DE,Leisure,86.63,0,259.89,20,15,38.98,279.89,Cash,6,
BK000358,G00573,2024-02-05,2024-03-23,2024-03-26,Completed,Booking.com,Double,1,2,DE,Leisure,103.11,5,293.86,0,15,44.08,293.86,Cash,10,
BK002973,G01528,2024-11-14,2025-01-11,2025-01-17,Completed,Booking.com,Single,1,0,GR,Leisure,69.9,15,356.49,0,15,53.47,356.49,Cash,8,Quiet room
BK002743,G00865,2024-02-23,2024-03-17,2024-03-22,Completed,Booking.com,Double,2,1,GR,Leisure,96.6,0,483.0,0,15,72.45,483.0,Cash,10,Baby cot
BK001511,G00587,2025-06-26,2025-09-21,2025-09-24,Completed,Booking.com,Double,2,0,GB,Business,140.68,0,422.04,20,15,63.31,442.04,Cash,6,Quiet room
BK001382,G00094,2024-02-23,2024-07-17,2024-07-22,Completed,Booking.com,Single,1,0,GR,Leisure,101.02,0,505.1,0,15,75.77,505.1,Cash,7,High floor
BK002459,G01144,2025-03-29,2025-07-26,2025-07-30,Completed,Booking.com,Double,2,0,GR,Business,143.89,0,575.56,35,15,86.33,610.56,Cash,10,Baby cot
BK000036,G02102,2024-12-12,2025-03-07,2025-03-11,Completed,Booking.com,Single,1,0,FR,Leisure,58.67,0,234.68,0,15,35.2,234.68,Cash,,High floor
BK000408,G00376,2023-12-01,2024-03-10,2024-03-14,Completed,Booking.com,Suite,2,0,FR,Leisure,195.62,0,782.48,35,15,117.37,817.48,Cash,6,Quiet room
BK001894,G00139,2024-12-04,2025-04-11,2025-04-13,Completed,Booking.com,Double,2,0,FR,Leisure,109.89,10,197.8,10,15,29.67,207.8,Cash,10,High floor
BK002906,G01125,2024-03-02,2024-06-16,2024-06-18,Completed,Booking.com,Single,1,0,GR,Leisure,103.52,0,207.04,20,15,31.06,227.04,Cash,,Late arrival
BK000105,G00231,2025-05-08,2025-07-15,2025-07-21,Completed,Booking.com,Double,1,0,DE,Business,123.43,5,703.55,75,15,105.53,778.55,Cash,8,Baby cot
BK001368,G01386,2025-08-25,2025-12-18,2025-12-21,Completed,Booking.com,Suite,1,0,FR,Leisure,192.44,0,577.32,35,15,86.6,612.32,Cash,,
BK001383,G01541,2024-11-06,2025-02-23,2025-02-27,Completed,Booking.com,Double,1,0,US,Leisure,104.71,5,397.9,75,15,59.69,472.9,Cash,10,
BK002336,G01154,2024-04-07,2024-07-14,2024-07-18,Completed,Booking.com,Double,2,0,GR,Leisure,140.53,0,562.12,10,15,84.32,572.12,Cash,9,High floor
BK001965,G02322,2023-11-12,2024-04-06,2024-04-07,Completed,Booking.com,Double,2,1,NL,Leisure,98.25,15,83.51,0,15,12.53,83.51,Cash,8,
BK000506,G02196,2025-02-10,2025-02-19,2025-02-22,Completed,Booking.com,Suite,2,1,FR,Leisure,156.15,0,468.45,10,15,70.27,478.45,Cash,6,Baby cot
BK000169,G01456,2024-08-09,2025-01-14,2025-01-18,Completed,Booking.com,Double,1,0,IT,Leisure,91.85,0,367.4,10,15,55.11,377.4,Cash,,
BK002891,G01863,2025-05-13,2025-05-23,2025-05-30,Completed,Booking.com,Double,1,2,FR,Business,89.77,0,628.39,20,15,94.26,648.39,Cash,8,Quiet room
BK002710,G01373,2024-09-11,2024-11-10,2024-11-11,Completed,Booking.com,Suite,1,0,IT,Business,164.96,0,164.96,35,15,24.74,199.96,Cash,9,Late arrival
BK000249,G01413,2024-06-12,2024-07-18,2024-07-20,Completed,Booking.com,Double,2,0,US,Leisure,135.04,0,270.08,20,15,40.51,290.08,Cash,10,Late arrival
BK000516,G02218,2025-10-20,2025-12-21,2025-12-24,Completed,Booking.com,Double,1,0,IT,Leisure,90.53,10,244.43,75,15,36.66,319.43,Cash,10,
BK000652,G00796,2025-01-16,2025-02-25,2025-02-27,Completed,Booking.com,Suite,1,1,IT,Business,174.63,5,331.8,20,15,49.77,351.8,Cash,7,High floor
BK001929,G00140,2025-09-15,2025-09-25,2025-09-26,Completed,Booking.com,Double,1,0,DE,Leisure,124.13,0,124.13,35,15,18.62,159.13,Cash,10,
BK001737,G01195,2024-02-04,2024-02-19,2024-02-25,Completed,Booking.com,Double,2,0,GB,Leisure,91.18,10,492.37,0,15,73.86,492.37,Cash,9,High floor
BK002740,G01746,2024-11-08,2024-12-16,2024-12-17,Completed,Booking.com,Double,2,0,GR,Business,110.13,0,110.13,10,15,16.52,120.13,Cash,9,Late arrival
BK002927,G01914,2024-07-15,2024-10-15,2024-10-22,Completed,Booking.com,Double,2,1,FR,Business,110.93,10,698.86,35,15,104.83,733.86,Cash,,
BK000871,G01146,2025-05-05,2025-07-17,2025-07-27,Completed,Booking.com,Double,1,0,FR,Leisure,142.46,15,1210.91,0,15,181.64,1210.91,Cash,,Late arrival
BK000787,G01257,2024-02-27,2024-03-14,2024-03-19,Completed,Booking.com,Double,1,0,DE,Business,96.66,0,483.3,50,15,72.5,533.3,Cash,6,Quiet room
BK002518,G01481,2025-03-08,2025-03-20,2025-03-23,Completed,Booking.com,Double,2,0,IT,Leisure,93.41,10,252.21,0,15,37.83,252.21,Cash,9,Baby cot
BK001355,G00902,2023-10-28,2024-01-29,2024-01-31,Completed,Booking.com,Double,2,1,DE,Leisure,85.23,0,170.46,75,15,25.57,245.46,Cash,8,High floor
BK002635,G00065,2025-04-08,2025-07-16,2025-07-19,Completed,Booking.com,Double,1,0,GB,Leisure,141.61,0,424.83,10,15,63.72,434.83,Cash,,Quiet room
BK002863,G01659,2025-05-29,2025-07-05,2025-07-07,Completed,Booking.com,Double,1,0,GB,Leisure,130.11,10,234.2,50,15,35.13,284.2,Cash,8,
BK002693,G01819,2024-08-18,2024-12-29,2025-01-03,Completed,Booking.com,Single,1,0,GB,Leisure,69.71,0,348.55,0,15,52.28,348.55,Cash,10,
BK002097,G02351,2025-09-08,2025-12-16,2025-12-19,Completed,Booking.com,Suite,1,0,GR,Business,194.12,5,553.24,75,15,82.99,628.24,Cash,,Late arrival
BK000179,G02041,2025-04-12,2025-07-02,2025-07-07,Completed,Booking.com,Single,1,0,GB,Leisure,102.46,0,512.3,0,15,76.84,512.3,Cash,,Quiet room
BK000165,G00377,2024-09-19,2025-02-03,2025-02-06,Completed,Booking.com,Double,1,0,GB,Leisure,85.79,0,257.37,35,15,38.61,292.37,Cash,9,Late arrival
BK001559,G00346,2024-09-12,2024-10-14,2024-10-17,Completed,Booking.com,Double,2,0,IT,Leisure,88.5,0,265.5,35,15,39.83,300.5,Cash,,Quiet room
BK002288,G02157,2025-11-23,2025-12-09,2025-12-12,Completed,Booking.com,Single,1,0,NL,Leisure,69.81,0,209.43,10,15,31.41,219.43,Cash,,Quiet room
BK001040,G00072,2023-11-25,2024-03-27,2024-03-28,Completed,Booking.com,Suite,1,0,GR,Leisure,176.65,0,176.65,35,15,26.5,211.65,Cash,8,
BK002166,G00652,2024-03-05,2024-06-27,2024-06-29,Completed,Booking.com,Suite,2,0,GB,Leisure,227.26,0,454.52,0,15,68.18,454.52,Cash,9,High floor
BK002214,G00718,2024-05-29,2024-09-24,2024-09-30,Completed,Booking.com,Single,1,0,DE,Leisure,103.81,0,622.86,50,15,93.43,672.86,Cash,9,Quiet room
BK000510,G01705,2025-01-14,2025-02-15,2025-02-18,Completed,Booking.com,Suite,1,0,GB,Leisure,166.49,0,499.47,0,15,74.92,499.47,Cash,10,Baby cot
BK002607,G00224,2025-01-29,2025-07-11,2025-07-17,Completed,Booking.com,Double,2,0,US,Leisure,148.2,15,755.82,20,15,113.37,775.82,Cash,8,Late arrival
BK002176,G01900,2024-07-26,2024-09-19,2024-09-23,Completed,Booking.com,Double,2,1,US,Leisure,136.62,0,546.48,50,15,81.97,596.48,Cash,,Late arrival
BK000702,G00806,2024-10-13,2025-02-07,2025-02-13,Completed,Booking.com,Single,1,0,GB,Leisure,69.37,0,416.22,0,15,62.43,416.22,Cash,8,Late arrival
BK002489,G01370,2025-02-19,2025-08-16,2025-08-18,Completed,Booking.com,Suite,2,0,GR,Leisure,238.14,10,428.65,75,15,64.3,503.65,Cash,10,High floor
BK001774,G01853,2025-05-08,2025-05-25,2025-06-01,Completed,Booking.com,Double,2,2,GB,Leisure,90.21,0,631.47,50,15,94.72,681.47,Cash,,
BK001575,G00317,2025-02-28,2025-08-19,2025-08-21,Completed,Booking.com,Single,1,0,GB,Leisure,95.69,0,191.38,20,15,28.71,211.38,Cash,9,
BK001163,G00952,2023-11-27,2024-01-24,2024-01-27,Completed,Booking.com,Double,1,0,ES,Business,112.2,0,336.6,35,15,50.49,371.6,Cash,8,
BK000256,G02250,2024-02-08,2024-05-03,2024-05-10,Completed,Booking.com,Double,2,0,GB,Leisure,109.51,0,766.57,50,15,114.99,816.57,Cash,,
BK000923,G02105,2024-09-22,2025-02-19,2025-02-22,Completed,Booking.com,Double,2,1,GB,Leisure,100.56,0,301.68,0,15,45.25,301.68,Cash,10,High floor
BK000370,G00016,2024-12-26,2025-01-31,2025-02-04,Completed,Booking.com,Single,1,0,NL,Leisure,58.96,15,200.46,50,15,30.07,250.46,Cash,,Late arrival
BK002093,G00961,2025-06-23,2025-10-10,2025-10-16,Completed,Booking.com,Double,2,0,US,Business,101.84,0,611.04,0,15,91.66,611.04,Cash,8,Quiet room
BK001866,G00976,2025-01-15,2025-05-28,2025-05-30,Completed,Booking.com,Double,2,0,NL,Leisure,111.16,0,222.32,35,15,33.35,257.32,Cash,,Quiet room
BK002002,G01126,2024-05-23,2024-06-05,2024-06-10,Completed,Booking.com,Double,1,0,GB,Leisure,145.0,0,725.0,0,15,108.75,725.0,Cash,7,
BK001752,G01520,2025-03-24,2025-05-06,2025-05-07,Completed,Booking.com,Suite,1,0,GR,Leisure,200.9,0,200.9,50,15,30.14,250.9,Cash,9,High floor
BK002384,G00200,2025-04-14,2025-09-18,2025-09-20,Completed,Booking.com,Double,1,2,FR,Leisure,133.06,0,266.12,20,15,39.92,286.12,Cash,8,Quiet room
BK001428,G00461,2025-05-16,2025-06-02,2025-06-03,Completed,Booking.com,Double,1,0,GR,Leisure,155.58,10,140.02,0,15,21.0,140.02,Cash,,High floor
BK002451,G01454,2023-10-31,2024-01-25,2024-01-31,Completed,Booking.com,Double,2,0,DE,Leisure,94.27,5,537.34,0,15,80.6,537.34,Cash,8,High floor
BK001625,G01320,2024-08-02,2024-08-27,2024-09-02,Completed,Booking.com,Single,1,0,GB,Leisure,82.72,10,446.69,0,15,67.0,446.69,Cash,9,High floor
BK001452,G00835,2024-05-24,2024-11-17,2024-11-22,Completed,Booking.com,Single,1,0,GB,Business,68.51,0,342.55,75,15,51.38,417.55,Cash,7,
BK001124,G00022,2024-01-20,2024-06-25,2024-06-30,Completed,Booking.com,Double,1,0,GR,Leisure,144.55,0,722.75,50,15,108.41,772.75,Cash,7,High floor
BK002677,G00699,2024-12-20,2025-06-16,2025-06-19,Completed,Booking.com,Double,1,0,GR,Business,150.55,10,406.49,50,15,60.97,456.49,Cash,,Late arrival
BK000068,G01235,2024-09-24,2025-02-17,2025-02-20,Completed,Booking.com,Suite,1,0,GR,Leisure,181.08,0,543.24,35,15,81.49,578.24,Cash,10,High floor
BK001602,G01871,2024-08-03,2024-12-05,2024-12-15,Completed,Booking.com,Double,1,0,ES,Business,108.68,15,923.78,50,15,138.57,973.78,Cash,9,Baby cot
BK000875,G01877,2025-04-10,2025-07-10,2025-07-14,Completed,Booking.com,Single,1,0,DE,Leisure,84.94,10,305.78,20,15,45.87,325.78,Cash,10,
BK002669,G00748,2024-11-25,2025-01-06,2025-01-09,Completed,Booking.com,Single,1,0,US,Leisure,57.99,0,173.97,10,15,26.1,183.97,Cash,,Quiet room
BK002807,G01561,2024-02-14,2024-04-29,2024-05-04,Completed,Booking.com,Double,2,0,NL,Leisure,95.51,0,477.55,35,15,71.63,512.55,Cash,8,High floor
BK001669,G01007,2024-06-16,2024-10-09,2024-10-12,Completed,Booking.com,Double,1,1,US,Leisure,107.23,0,321.69,35,15,48.25,356.69,Cash,10,
BK002004,G00952,2024-04-13,2024-08-14,2024-08-18,Completed,Booking.com,Single,1,0,GB,Leisure,96.7,0,386.8,10,15,58.02,396.8,Cash,10,Late arrival
BK001481,G01328,2024-01-27,2024-06-12,2024-06-14,Completed,Booking.com,Double,2,0,DE,Leisure,163.28,15,277.58,10,15,41.64,287.58,Cash,8,Quiet room
BK001700,G01787,2024-06-30,2024-08-05,2024-08-10,Completed,Booking.com,Double,1,0,FR,Leisure,150.7,0,753.5,0,15,113.03,753.5,Cash,9,High floor
BK002793,G01441,2025-05-07,2025-06-12,2025-06-15,Completed,Booking.com,Double,2,0,GR,Leisure,128.04,0,384.12,20,15,57.62,404.12,Cash,9,
BK002303,G02066,2024-10-25,2024-12-13,2024-12-16,Completed,Booking.com,Double,1,0,DE,Leisure,104.58,0,313.74,20,15,47.06,333.74,Cash,7,Late arrival
BK001796,G01130,2024-03-04,2024-06-06,2024-06-08,Completed,Booking.com,Single,1,0,GB,Leisure,102.81,5,195.34,0,15,29.3,195.34,Cash,8,Late arrival
BK002149,G00748,2025-02-27,2025-08-05,2025-08-07,Completed,Booking.com,Double,1,0,IT,Leisure,141.77,10,255.19,20,15,38.28,275.19,Cash,,High floor
BK001047,G01891,2024-09-05,2025-01-11,2025-01-21,Completed,Booking.com,Double,2,0,GB,Leisure,110.24,0,1102.4,35,15,165.36,1137.4,Cash,,
BK001960,G00945,2025-04-25,2025-06-07,2025-06-09,Completed,Booking.com,Single,1,0,US,Leisure,82.76,0,165.52,75,15,24.83,240.52,Cash,,Baby cot
BK002835,G01953,2025-02-06,2025-03-19,2025-03-26,Completed,Booking.com,Suite,2,0,GB,Leisure,172.27,5,1145.6,0,15,171.84,1145.6,Cash,10,Late arrival
BK002520,G00279,2025-05-12,2025-09-12,2025-09-15,Completed,Booking.com,Double,2,0,GR,Business,144.09,0,432.27,20,15,64.84,452.27,Cash,9,Quiet room
BK000271,G00503,2024-11-08,2025-03-28,2025-03-30,Completed,Booking.com,Double,1,0,GR,Leisure,95.49,10,171.88,0,15,25.78,171.88,Cash,,Quiet room
BK001871,G00597,2025-06-02,2025-08-12,2025-08-13,Completed,Booking.com,Double,1,1,ES,Leisure,146.44,0,146.44,20,15,21.97,166.44,Cash,7,Quiet room
BK002376,G00155,2024-08-04,2024-12-25,2024-12-27,Completed,Booking.com,Double,2,0,DE,Leisure,106.86,5,203.03,0,15,30.45,203.03,Cash,8,Baby cot
BK002868,G00470,2023-10-11,2024-02-17,2024-02-19,Completed,Booking.com,Single,1,0,US,Leisure,66.87,0,133.74,75,15,20.06,208.74,Cash,8,
BK000353,G02392,2024-01-14,2024-06-01,2024-06-03,Completed,Booking.com,Single,1,0,ES,Leisure,93.07,5,176.83,0,15,26.52,176.83,Cash,8,High floor
BK000804,G02267,2025-01-02,2025-06-14,2025-06-18,Completed,Booking.com,Double,1,1,GR,Leisure,141.16,0,564.64,20,15,84.7,584.64,Cash,9,High floor
BK002365,G00548,2024-12-20,2025-02-12,2025-02-19,Completed,Booking.com,Double,2,0,GR,Leisure,101.74,0,712.18,0,15,106.83,712.18,Cash,7,High floor
BK001515,G01785,2025-02-04,2025-07-26,2025-08-02,Completed,Booking.com,Single,1,0,GB,Leisure,84.78,0,593.46,20,15,89.02,613.46,Cash,10,Quiet room
BK000449,G02345,2025-09-13,2025-09-26,2025-09-29,Completed,Booking.com,Suite,2,1,US,Business,270.78,0,812.34,50,15,121.85,862.34,Cash,9,
BK002846,G01215,2025-07-09,2025-08-05,2025-08-12,Completed,Booking.com,Double,1,0,GR,Leisure,152.33,10,959.68,0,15,143.95,959.68,Cash,,
BK001462,G00992,2024-06-20,2024-09-06,2024-09-08,Completed,Booking.com,Suite,1,0,FR,Business,249.74,5,474.51,50,15,71.18,524.51,Cash,5,High floor
BK001266,G00001,2025-05-12,2025-08-23,2025-08-27,Completed,Booking.com,Single,1,0,GB,Leisure,107.47,0,429.88,0,15,64.48,429.88,Cash,10,High floor
BK000577,G02104,2024-11-17,2024-12-19,2024-12-26,Completed,Booking.com,Suite,1,0,GR,Business,199.9,0,1399.3,50,15,209.9,1449.3,Cash,,
BK000711,G01363,2025-07-05,2025-07-14,2025-07-16,Completed,Booking.com,Single,1,0,GR,Leisure,87.58,5,166.4,75,15,24.96,241.4,Cash,7,High floor
BK002250,G01208,2024-06-06,2024-09-11,2024-09-16,Completed,Booking.com,Single,1,0,GR,Leisure,89.07,5,423.08,75,15,63.46,498.08,Cash,8,High floor
BK001862,G00482,2025-05-20,2025-07-12,2025-07-15,Completed,Booking.com,Double,2,0,GR,Leisure,146.96,0,440.88,0,15,66.13,440.88,Cash,9,Quiet room
BK000494,G00917,2024-08-16,2024-12-24,2024-12-30,Completed,Booking.com,Suite,2,0,GB,Leisure,180.85,0,1085.1,10,15,162.77,1095.1,Cash,9,
BK000704,G01284,2024-05-04,2024-09-27,2024-10-03,Completed,Booking.com,Double,2,0,FR,Leisure,143.32,0,859.92,75,15,128.99,934.92,Cash,,
BK001652,G00890,2024-12-27,2025-02-24,2025-03-01,Completed,Booking.com,Double,2,0,US,Leisure,111.11,0,555.55,0,15,83.33,555.55,Cash,,Late arrival
BK002666,G00140,2024-05-02,2024-08-15,2024-08-17,Completed,Booking.com,Suite,1,1,DE,Leisure,249.97,0,499.94,75,15,74.99,574.94,Cash,6,
BK001208,G01619,2024-04-10,2024-07-25,2024-07-28,Completed,Booking.com,Double,2,0,GB,Leisure,155.63,0,466.89,35,15,70.03,501.89,Cash,10,
BK002233,G01405,2024-01-02,2024-06-22,2024-06-26,Completed,Booking.com,Double,2,0,GR,Leisure,157.35,0,629.4,75,15,94.41,704.4,Cash,8,Quiet room
BK001964,G01141,2024-10-03,2024-11-15,2024-11-18,Completed,Booking.com,Double,2,0,GR,Leisure,92.08,0,276.24,0,15,41.44,276.24,Cash,,Baby cot
BK001966,G01702,2025-05-03,2025-10-27,2025-10-29,Completed,Booking.com,Double,1,2,GB,Leisure,105.85,0,211.7,10,15,31.76,221.7,Cash,,
BK001916,G00653,2025-06-10,2025-10-04,2025-10-05,Completed,Booking.com,Single,1,0,GB,Leisure,62.9,0,62.9,10,15,9.44,72.9,Cash,8,Quiet room
BK002019,G00073,2024-10-25,2025-04-04,2025-04-09,Completed,Booking.com,Double,1,0,IT,Leisure,101.29,5,481.13,0,15,72.17,481.13,Cash,10,Quiet room
BK002553,G02209,2023-12-20,2024-03-17,2024-03-20,Completed,Booking.com,Single,1,0,FR,Leisure,60.52,0,181.56,10,15,27.23,191.56,Cash,,Quiet room
BK002463,G00020,2023-12-08,2024-05-16,2024-05-17,Completed,Booking.com,Single,1,0,GB,Leisure,69.23,5,65.77,75,15,9.87,140.77,Cash,7,Baby cot
BK001183,G02365,2025-06-17,2025-06-30,2025-07-05,Completed,Booking.com,Double,1,0,ES,Leisure,144.69,0,723.45,50,15,108.52,773.45,Cash,8,
BK000027,G02024,2024-12-27,2025-05-17,2025-05-27,Completed,Booking.com,Double,1,1,GB,Leisure,98.47,0,984.7,75,15,147.71,1059.7,Cash,,Late arrival
BK002400,G01112,2025-05-21,2025-11-05,2025-11-07,Completed,Booking.com,Double,1,0,DE,Leisure,99.04,0,198.08,20,15,29.71,218.08,Cash,,
BK000479,G00037,2024-12-20,2025-01-22,2025-01-24,Completed,Booking.com,Double,2,0,GB,Leisure,110.21,0,220.42,20,15,33.06,240.42,Cash,,Quiet room
BK000312,G01638,2024-03-26,2024-07-13,2024-07-16,Completed,Booking.com,Single,1,0,DE,Leisure,92.32,15,235.42,50,15,35.31,285.42,Cash,8,
BK002967,G00303,2025-09-25,2025-11-25,2025-11-29,Completed,Booking.com,Double,2,0,GB,Leisure,108.9,0,435.6,0,15,65.34,435.6,Cash,,Late arrival
BK002556,G00883,2023-08-21,2024-01-06,2024-01-10,Completed,Booking.com,Double,2,0,DE,Leisure,97.16,10,349.78,75,15,52.47,424.78,Cash,10,High floor
BK000106,G00778,2025-10-10,2025-10-16,2025-10-18,Completed,Booking.com,Suite,1,0,US,Business,197.8,0,395.6,0,15,59.34,395.6,Cash,8,Quiet room
BK000015,G00349,2023-10-26,2024-03-16,2024-03-23,Completed,Booking.com,Suite,2,0,GB,Leisure,182.6,0,1278.2,10,15,191.73,1288.2,Cash,,
BK001105,G01150,2025-01-02,2025-04-02,2025-04-07,Completed,Booking.com,Suite,2,0,GR,Leisure,187.01,10,841.55,10,15,126.23,851.55,Cash,8,
BK001566,G00786,2025-02-24,2025-08-19,2025-08-24,Completed,Booking.com,Double,2,1,GR,Leisure,161.64,0,808.2,0,15,121.23,808.2,Cash,8,High floor
BK000870,G02256,2024-07-21,2024-11-10,2024-11-16,Completed,Booking.com,Double,1,0,NL,Leisure,96.09,5,547.71,75,15,82.16,622.71,Cash,7,
BK000808,G00068,2024-12-27,2025-06-02,2025-06-06,Completed,Booking.com,Double,2,0,US,Leisure,147.55,0,590.2,0,15,88.53,590.2,Cash,,Late arrival
BK002277,G01537,2025-04-19,2025-09-14,2025-09-18,Completed,Booking.com,Double,2,0,ES,Leisure,134.02,0,536.08,75,15,80.41,611.08,Cash,9,High floor
BK002628,G02237,2024-07-05,2024-12-03,2024-12-06,Completed,Booking.com,Double,1,0,GR,Leisure,109.67,0,329.01,0,15,49.35,329.01,Cash,8,High floor
BK001088,G02164,2025-04-19,2025-08-10,2025-08-12,Completed,Booking.com,Double,1,0,GR,Business,142.23,0,284.46,75,15,42.67,359.46,Cash,9,
BK001992,G00017,2025-06-13,2025-06-16,2025-06-20,Completed,Booking.com,Double,2,1,GR,Leisure,156.33,0,625.32,50,15,93.8,675.32,Cash,8,Quiet room
BK000831,G00740,2024-09-10,2024-09-21,2024-09-23,Completed,Booking.com,Single,1,0,GR,Leisure,97.85,5,185.92,50,15,27.89,235.92,Cash,7,Late arrival
BK000846,G00863,2024-08-17,2024-12-16,2024-12-17,Completed,Booking.com,Suite,1,1,FR,Leisure,153.9,0,153.9,10,15,23.09,163.9,Cash,,High floor
BK002540,G02123,2024-12-12,2025-05-18,2025-05-22,Completed,Booking.com,Single,1,0,GR,Leisure,61.64,0,246.56,35,15,36.98,281.56,Cash,10,Quiet room
BK002268,G01359,2024-05-31,2024-06-04,2024-06-10,Completed,Booking.com,Suite,2,0,ES,Leisure,226.53,0,1359.18,0,15,203.88,1359.18,Cash,8,
BK000793,G01095,2024-04-14,2024-09-14,2024-09-19,Completed,Booking.com,Suite,2,0,IT,Leisure,244.48,5,1161.28,0,15,174.19,1161.28,Cash,6,
BK000299,G01094,2024-05-01,2024-09-08,2024-09-10,Completed,Booking.com,Suite,1,2,GB,Leisure,271.29,0,542.58,20,15,81.39,562.58,Cash,8,Baby cot
BK000944,G02166,2024-09-24,2024-09-28,2024-10-02,Completed,Booking.com,Double,1,0,GR,Leisure,144.08,5,547.5,0,15,82.13,547.5,Cash,8,Quiet room
BK002999,G00428,2024-05-19,2024-07-24,2024-07-25,Completed,Booking.com,Double,1,1,DE,Business,146.93,15,124.89,0,15,18.73,124.89,Cash,8,Quiet room
BK000627,G01624,2024-12-26,2025-06-12,2025-06-15,Completed,Booking.com,Single,1,0,GR,Leisure,85.34,0,256.02,0,15,38.4,256.02,Cash,,Baby cot
BK000647,G02237,2025-01-25,2025-06-22,2025-06-28,Completed,Booking.com,Double,1,2,GR,Leisure,132.29,0,793.74,75,15,119.06,868.74,Cash,,Quiet room
BK001747,G00359,2024-03-10,2024-08-29,2024-09-03,Completed,Booking.com,Double,2,1,DE,Business,156.08,0,780.4,10,15,117.06,790.4,Cash,,Quiet room
BK000471,G01134,2025-07-24,2025-09-16,2025-09-18,Completed,Booking.com,Suite,1,1,DE,Leisure,256.5,0,513.0,0,15,76.95,513.0,Cash,,High floor
BK001974,G00965,2024-10-22,2024-10-29,2024-10-30,Completed,Booking.com,Double,2,0,US,Leisure,87.09,15,74.03,50,15,11.1,124.03,Cash,,
BK000159,G02035,2025-02-25,2025-07-19,2025-07-22,Completed,Booking.com,Suite,1,0,DE,Leisure,217.22,0,651.66,0,15,97.75,651.66,Cash,,High floor
BK002041,G00282,2025-07-02,2025-08-06,2025-08-10,Completed,Booking.com,Double,1,0,GB,Leisure,144.09,10,518.72,35,15,77.81,553.72,Cash,7,
BK002703,G01676,2025-09-09,2025-11-13,2025-11-16,Completed,Booking.com,Double,1,0,GR,Leisure,98.51,5,280.75,75,15,42.11,355.75,Cash,9,Quiet room
BK001769,G01441,2024-04-10,2024-08-07,2024-08-14,Completed,Booking.com,Suite,2,2,US,Leisure,217.09,0,1519.63,35,15,227.94,1554.63,Cash,8,Late arrival
BK001258,G01445,2024-01-31,2024-06-19,2024-06-22,Completed,Booking.com,Double,2,0,DE,Leisure,123.76,0,371.28,35,15,55.69,406.28,Cash,7,
BK000874,G00066,2024-05-07,2024-08-09,2024-08-13,Completed,Booking.com,Double,1,2,DE,Leisure,151.95,0,607.8,75,15,91.17,682.8,Cash,9,
BK002998,G02361,2025-06-20,2025-06-29,2025-07-05,Completed,Booking.com,Double,1,0,ES,Leisure,150.99,0,905.94,50,15,135.89,955.94,Cash,9,Quiet room
BK001145,G01522,2024-07-29,2024-08-22,2024-08-26,Completed,Booking.com,Double,2,0,US,Leisure,136.99,0,547.96,0,15,82.19,547.96,Cash,10,Late arrival
BK001867,G01071,2025-10-03,2025-11-08,2025-11-12,Completed,Booking.com,Single,1,0,IT,Leisure,69.26,0,277.04,50,15,41.56,327.04,Cash,8,
BK000187,G00288,2024-04-15,2024-09-08,2024-09-10,Completed,Booking.com,Suite,1,0,GR,Leisure,256.07,0,512.14,20,15,76.82,532.14,Cash,7,Quiet room
BK001571,G01915,2025-06-20,2025-12-01,2025-12-03,Completed,Booking.com,Double,1,1,DE,Leisure,106.86,10,192.35,10,15,28.85,202.35,Cash,9,High floor
BK002188,G00643,2024-03-10,2024-06-24,2024-06-28,Completed,Booking.com,Double,2,0,FR,Leisure,145.14,5,551.53,0,15,82.73,551.53,Cash,,
BK002040,G01591,2024-04-26,2024-06-16,2024-06-22,Completed,Booking.com,Double,2,0,ES,Leisure,150.77,5,859.39,0,15,128.91,859.39,Cash,8,
BK001236,G01808,2024-12-20,2025-05-19,2025-05-21,Completed,Booking.com,Double,1,0,GR,Leisure,90.85,0,181.7,0,15,27.26,181.7,Cash,,
BK001748,G00397,2024-03-11,2024-05-06,2024-05-08,Completed,Booking.com,Single,1,0,IT,Business,57.04,0,114.08,0,15,17.11,114.08,Cash,8,Baby cot
BK000943,G00419,2024-09-10,2025-01-29,2025-02-01,Completed,Booking.com,Suite,1,1,GB,Leisure,150.04,10,405.11,10,15,60.77,415.11,Cash,10,Late arrival
BK000286,G01854,2024-07-04,2024-12-09,2024-12-14,Completed,Booking.com,Suite,2,0,GB,Leisure,186.14,10,837.63,75,15,125.64,912.63,Cash,10,
BK000520,G00007,2023-09-15,2024-01-31,2024-02-06,Completed,Booking.com,Double,2,0,DE,Business,108.42,0,650.52,0,15,97.58,650.52,Cash,,Baby cot
BK000482,G00064,2025-05-31,2025-09-07,2025-09-13,Completed,Booking.com,Suite,1,0,DE,Leisure,285.34,0,1712.04,50,15,256.81,1762.04,Cash,9,High floor
BK002872,G01311,2023-08-29,2024-01-09,2024-01-10,Completed,Booking.com,Double,2,0,ES,Leisure,104.68,10,94.21,35,15,14.13,129.21,Cash,9,
BK000873,G00800,2024-03-20,2024-07-20,2024-07-25,Completed,Booking.com,Double,1,0,GR,Leisure,160.52,0,802.6,0,15,120.39,802.6,Cash,9,
BK000261,G01766,2024-02-01,2024-04-19,2024-04-23,Completed,Booking.com,Double,2,0,NL,Leisure,114.38,0,457.52,0,15,68.63,457.52,Cash,8,
BK000669,G01782,2023-12-12,2024-02-09,2024-02-12,Completed,Booking.com,Suite,1,0,GB,Leisure,184.5,5,525.83,20,15,78.87,545.83,Cash,8,
BK000462,G02111,2025-07-22,2025-08-13,2025-08-20,Completed,Booking.com,Single,1,0,GR,Leisure,90.48,0,633.36,0,15,95.0,633.36,Cash,,High floor
BK002698,G02356,2023-12-11,2024-04-04,2024-04-07,Completed,Booking.com,Double,2,0,GR,Business,93.41,5,266.22,0,15,39.93,266.22,Cash,8,
BK002069,G00611,2024-04-26,2024-09-01,2024-09-04,Completed,Booking.com,Double,1,0,GR,Leisure,144.77,0,434.31,10,15,65.15,444.31,Cash,,
BK001827,G01483,2025-03-09,2025-05-24,2025-05-27,Completed,Booking.com,Double,2,0,ES,Business,99.37,5,283.2,50,15,42.48,333.2,Cash,9,Baby cot
BK000384,G02353,2024-03-02,2024-06-17,2024-06-21,Completed,Booking.com,Double,2,0,US,Leisure,128.05,10,460.98,0,15,69.15,460.98,Cash,10,Quiet room
BK000542,G01484,2025-03-12,2025-07-26,2025-07-30,Completed,Booking.com,Double,1,0,DE,Leisure,132.56,0,530.24,10,15,79.54,540.24,Cash,9,Late arrival
BK002690,G01974,2024-04-29,2024-07-17,2024-07-23,Completed,Booking.com,Double,2,0,IT,Leisure,160.73,0,964.38,10,15,144.66,974.38,Cash,7,
BK002596,G01895,2023-12-05,2024-03-02,2024-03-06,Completed,Booking.com,Suite,2,0,GB,Leisure,196.48,0,785.92,0,15,117.89,785.92,Cash,10,
BK001512,G01043,2024-09-23,2024-12-29,2025-01-02,Completed,Booking.com,Single,1,0,GB,Leisure,59.66,5,226.71,10,15,34.01,236.71,Cash,10,Quiet room
BK001817,G01167,2025-06-02,2025-09-02,2025-09-08,Completed,Booking.com,Double,1,0,FR,Leisure,157.41,0,944.46,35,15,141.67,979.46,Cash,8,High floor
BK001583,G00350,2024-07-26,2024-09-19,2024-09-23,Completed,Booking.com,Double,1,0,US,Leisure,162.37,5,617.01,35,15,92.55,652.01,Cash,7,Quiet room
BK001015,G00339,2025-03-04,2025-07-27,2025-07-30,Completed,Booking.com,Double,1,1,GB,Leisure,148.95,0,446.85,0,15,67.03,446.85,Cash,8,Late arrival
BK001202,G00071,2024-08-30,2024-12-06,2024-12-10,Completed,Booking.com,Double,1,0,FR,Leisure,111.16,0,444.64,75,15,66.7,519.64,Cash,9,Late arrival
BK002796,G01110,2025-05-04,2025-07-04,2025-07-11,Completed,Booking.com,Double,2,0,IT,Leisure,142.32,0,996.24,35,15,149.44,1031.24,Cash,,Late arrival
BK000217,G01799,2024-10-23,2024-11-30,2024-12-04,Completed,Booking.com,Double,2,0,GR,Business,113.13,5,429.89,35,15,64.48,464.89,Cash,,Quiet room
BK001820,G00615,2024-07-21,2024-11-21,2024-11-23,Completed,Booking.com,Double,2,1,DE,Business,106.63,0,213.26,0,15,31.99,213.26,Cash,9,Baby cot
BK000168,G01648,2025-03-01,2025-08-21,2025-08-27,Completed,Booking.com,Double,1,0,GB,Leisure,133.2,15,679.32,20,15,101.9,699.32,Cash,6,
BK001658,G01957,2025-01-03,2025-05-01,2025-05-04,Completed,Booking.com,Suite,2,0,ES,Leisure,179.14,5,510.55,0,15,76.58,510.55,Cash,6,Late arrival
BK002503,G00081,2024-09-12,2025-02-21,2025-02-28,Completed,Booking.com,Double,1,0,NL,Leisure,90.56,0,633.92,35,15,95.09,668.92,Cash,7,High floor
BK000889,G01657,2025-05-27,2025-09-22,2025-09-25,Completed,Booking.com,Suite,2,0,DE,Leisure,287.34,0,862.02,20,15,129.3,882.02,Cash,10,Late arrival
BK001886,G01134,2025-08-30,2025-09-27,2025-09-30,Completed,Booking.com,Double,1,1,NL,Leisure,162.66,0,487.98,10,15,73.2,497.98,Cash,7,
BK001102,G00957,2025-01-14,2025-05-17,2025-05-21,Completed,Booking.com,Double,2,0,GR,Leisure,109.46,5,415.95,20,15,62.39,435.95,Cash,,
BK000766,G00076,2025-04-19,2025-08-30,2025-09-06,Completed,Booking.com,Double,2,0,FR,Business,144.83,0,1013.81,10,15,152.07,1023.81,Cash,10,High floor
BK000144,G01405,2024-05-01,2024-06-15,2024-06-18,Completed,Booking.com,Double,2,0,GR,Leisure,135.87,0,407.61,75,15,61.14,482.61,Cash,7,Quiet room
BK002514,G00952,2023-09-22,2024-01-19,2024-01-25,Completed,Booking.com,Double,2,2,GR,Leisure,114.42,5,652.19,75,15,97.83,727.19,Cash,9,
BK002995,G00428,2024-08-01,2024-09-30,2024-10-03,Completed,Booking.com,Double,2,2,DE,Business,140.15,15,357.38,20,15,53.61,377.38,Cash,8,
BK001755,G01145,2023-10-17,2024-03-27,2024-03-30,Completed,Booking.com,Suite,1,1,NL,Leisure,159.62,0,478.86,35,15,71.83,513.86,Cash,7,Quiet room
BK000624,G01928,2024-02-16,2024-05-06,2024-05-09,Completed,Booking.com,Double,2,0,DE,Business,87.39,0,262.17,50,15,39.33,312.17,Cash,8,Baby cot
BK001714,G02228,2024-11-06,2025-04-28,2025-04-29,Completed,Booking.com,Suite,2,0,DE,Leisure,160.61,5,152.58,0,15,22.89,152.58,Cash,9,
BK000733,G00959,2025-06-16,2025-09-14,2025-09-17,Completed,Booking.com,Double,2,0,GR,Leisure,162.6,10,439.02,10,15,65.85,449.02,Cash,,Baby cot
BK000254,G01844,2023-12-01,2024-03-14,2024-03-17,Completed,Booking.com,Double,2,0,GB,Leisure,113.64,0,340.92,75,15,51.14,415.92,Cash,,High floor
BK001049,G00067,2025-05-06,2025-09-12,2025-09-16,Completed,Booking.com,Double,2,0,FR,Leisure,166.09,0,664.36,0,15,99.65,664.36,Cash,9,
BK002620,G00065,2025-08-15,2025-11-07,2025-11-11,Completed,Booking.com,Double,1,0,FR,Business,90.52,0,362.08,0,15,54.31,362.08,Cash,,Quiet room
BK000882,G00180,2024-07-24,2024-09-20,2024-09-21,Completed,Booking.com,Single,1,0,FR,Leisure,95.81,0,95.81,35,15,14.37,130.81,Cash,9,Baby cot
BK000058,G00726,2024-01-18,2024-03-13,2024-03-17,Completed,Booking.com,Double,1,0,GR,Leisure,114.01,5,433.24,10,15,64.99,443.24,Cash,,High floor
BK001920,G01795,2024-06-08,2024-11-22,2024-11-26,Completed,Booking.com,Double,1,0,FR,Business,106.29,15,361.39,50,15,54.21,411.39,Cash,10,
BK000502,G00626,2024-02-09,2024-06-29,2024-07-02,Completed,Booking.com,Single,1,0,US,Leisure,93.27,5,265.82,0,15,39.87,265.82,Cash,,
BK001649,G01304,2024-12-18,2025-01-30,2025-02-03,Completed,Booking.com,Double,1,0,GR,Leisure,93.52,0,374.08,20,15,56.11,394.08,Cash,10,Baby cot
BK002577,G01913,2024-08-19,2024-10-22,2024-10-27,Completed,Booking.com,Double,1,0,US,Leisure,114.74,0,573.7,50,15,86.06,623.7,Cash,,Baby cot
BK001069,G01664,2025-04-22,2025-06-02,2025-06-09,Completed,Booking.com,Double,2,0,GB,Business,136.48,0,955.36,35,15,143.3,990.36,Cash,,Quiet room
BK002092,G01126,2024-09-19,2024-09-25,2024-09-28,Completed,Booking.com,Double,2,1,GR,Leisure,147.61,10,398.55,0,15,59.78,398.55,Cash,,High floor
BK001904,G00536,2025-06-14,2025-11-09,2025-11-13,Completed,Booking.com,Double,1,0,GR,Leisure,106.64,0,426.56,0,15,63.98,426.56,Cash,9,
BK002402,G00135,2024-01-24,2024-04-04,2024-04-11,Completed,Booking.com,Suite,2,0,GR,Business,166.88,10,1051.34,10,15,157.7,1061.34,Cash,,High floor
BK002497,G01405,2023-08-20,2024-02-07,2024-02-10,Completed,Booking.com,Double,1,0,DE,Leisure,102.37,0,307.11,0,15,46.07,307.11,Cash,10,
BK001900,G00562,2025-10-15,2025-10-18,2025-10-23,Completed,Booking.com,Suite,1,0,FR,Business,169.21,0,846.05,75,15,126.91,921.05,Cash,8,High floor
BK001581,G00054,2024-05-04,2024-05-20,2024-05-24,Completed,Booking.com,Suite,1,1,ES,Leisure,185.89,0,743.56,0,15,111.53,743.56,Cash,,Late arrival
BK001042,G00437,2024-12-18,2025-06-06,2025-06-13,Completed,Booking.com,Single,1,0,US,Leisure,100.12,0,700.84,0,15,105.13,700.84,Cash,,Quiet room
BK001637,G01466,2024-03-30,2024-07-30,2024-08-05,Completed,Booking.com,Suite,1,0,IT,Leisure,253.87,0,1523.22,20,15,228.48,1543.22,Cash,8,
BK002465,G01525,2025-08-25,2025-12-27,2025-12-29,Completed,Booking.com,Double,2,0,US,Leisure,98.77,0,197.54,50,15,29.63,247.54,Cash,9,High floor
BK002526,G02062,2023-12-13,2024-05-30,2024-05-31,Completed,Booking.com,Double,1,0,FR,Business,91.86,15,78.08,75,15,11.71,153.08,Cash,8,Late arrival
BK001140,G01027,2024-05-21,2024-08-17,2024-08-19,Completed,Booking.com,Double,1,2,GR,Leisure,131.36,0,262.72,75,15,39.41,337.72,Cash,7,Baby cot
BK002060,G00141,2024-03-05,2024-06-25,2024-07-01,Completed,Booking.com,Single,1,0,NL,Leisure,81.32,0,487.92,35,15,73.19,522.92,Cash,8,Late arrival
BK002481,G01600,2025-05-19,2025-07-04,2025-07-10,Completed,Booking.com,Double,2,0,IT,Leisure,147.62,0,885.72,0,15,132.86,885.72,Cash,,Quiet room
BK002493,G02053,2025-05-17,2025-10-15,2025-10-19,Completed,Booking.com,Single,1,0,DE,Business,71.96,0,287.84,0,15,43.18,287.84,Cash,9,
BK002880,G02342,2025-04-27,2025-07-14,2025-07-20,Completed,Booking.com,Suite,1,0,GR,Leisure,224.6,0,1347.6,35,15,202.14,1382.6,Cash,7,High floor
BK000403,G01481,2025-08-05,2025-09-07,2025-09-17,Completed,Booking.com,Double,1,0,US,Leisure,157.69,0,1576.9,50,15,236.54,1626.9,Cash,8,Quiet room
BK002549,G00516,2025-05-26,2025-09-20,2025-09-24,Completed,Booking.com,Single,1,0,US,Leisure,85.66,0,342.64,35,15,51.4,377.64,Cash,8,Quiet room
BK002525,G01064,2025-04-02,2025-08-11,2025-08-13,Completed,Booking.com,Suite,2,0,GB,Leisure,268.96,5,511.02,0,15,76.65,511.02,Cash,9,Baby cot
BK000330,G02364,2024-02-23,2024-05-15,2024-05-16,Completed,Direct,Double,2,1,GB,Leisure,103.64,0,103.64,50,0,0.0,153.64,Cash,10,Quiet room
BK001679,G00403,2023-08-03,2024-01-19,2024-01-21,Completed,Direct,Double,2,0,GB,Business,85.42,0,170.84,0,0,0.0,170.84,Cash,9,Baby cot
BK001351,G00130,2024-09-10,2024-11-09,2024-11-13,Completed,Direct,Double,2,0,IT,Leisure,85.98,0,343.92,50,0,0.0,393.92,Cash,10,
BK001460,G01695,2024-10-10,2024-10-27,2024-10-30,Completed,Direct,Double,1,0,GR,Business,87.9,0,263.7,0,0,0.0,263.7,Cash,9,Late arrival
BK000620,G01927,2024-09-03,2024-09-12,2024-09-13,Completed,Direct,Double,1,1,GB,Leisure,123.77,0,123.77,10,0,0.0,133.77,Cash,9,Baby cot
BK002746,G02380,2024-10-06,2025-03-06,2025-03-09,Completed,Direct,Suite,2,1,ES,Leisure,167.09,10,451.14,0,0,0.0,451.14,Cash,8,High floor
BK002832,G02106,2025-10-27,2025-11-27,2025-12-01,Completed,Direct,Suite,1,0,GR,Business,184.79,10,665.24,0,0,0.0,665.24,Cash,,High floor
BK002726,G02334,2025-07-15,2025-08-17,2025-08-19,Completed,Direct,Double,1,1,DE,Leisure,156.48,5,297.31,10,0,0.0,307.31,Cash,7,Quiet room
BK001257,G00449,2024-01-21,2024-06-23,2024-06-25,Completed,Direct,Suite,1,0,GB,Leisure,246.46,10,443.63,10,0,0.0,453.63,Cash,,High floor
BK000508,G00441,2025-10-09,2025-11-29,2025-12-06,Completed,Direct,Double,2,0,DE,Leisure,96.82,0,677.74,20,0,0.0,697.74,Cash,9,Baby cot
BK002202,G00026,2024-02-07,2024-02-23,2024-02-26,Completed,Direct,Double,2,0,ES,Business,89.94,0,269.82,50,0,0.0,319.82,Cash,,High floor
BK002460,G00696,2024-02-17,2024-06-10,2024-06-13,Completed,Direct,Double,1,0,US,Leisure,149.75,10,404.33,10,0,0.0,414.33,Cash,,Late arrival
BK001451,G01825,2025-03-02,2025-07-01,2025-07-06,Completed,Direct,Double,1,0,GR,Leisure,129.34,0,646.7,75,0,0.0,721.7,Cash,,
BK002934,G02380,2024-08-03,2024-10-06,2024-10-09,Completed,Direct,Double,1,2,ES,Leisure,91.85,15,234.22,35,0,0.0,269.22,Cash,9,Late arrival
BK000521,G02184,2025-07-19,2025-08-04,2025-08-14,Completed,Direct,Double,1,0,ES,Leisure,139.51,0,1395.1,0,0,0.0,1395.1,Cash,9,
BK002707,G01170,2024-11-07,2024-12-14,2024-12-17,Completed,Direct,Double,2,0,IT,Leisure,104.39,10,281.85,20,0,0.0,301.85,Cash,9,Baby cot
BK002791,G01853,2025-05-12,2025-06-25,2025-06-29,Completed,Direct,Double,1,0,DE,Leisure,125.06,0,500.24,35,0,0.0,535.24,Cash,,Quiet room
BK002231,G00833,2025-04-12,2025-08-09,2025-08-13,Completed,Direct,Double,2,2,IT,Leisure,132.98,10,478.73,0,0,0.0,478.73,Cash,,
BK001868,G00860,2023-11-24,2024-01-06,2024-01-13,Completed,Direct,Double,2,0,GR,Leisure,102.29,0,716.03,20,0,0.0,736.03,Cash,8,
BK001778,G01176,2024-11-16,2025-03-08,2025-03-11,Completed,Direct,Suite,1,1,GR,Leisure,180.92,0,542.76,75,0,0.0,617.76,Cash,9,Late arrival
BK000119,G01036,2024-01-17,2024-06-13,2024-06-18,Completed,Direct,Suite,2,0,DE,Leisure,226.25,0,1131.25,0,0,0.0,1131.25,Cash,9,
BK001133,G02016,2024-10-25,2025-03-21,2025-03-27,Completed,Direct,Suite,1,0,GR,Leisure,199.04,0,1194.24,20,0,0.0,1214.24,Cash,,Baby cot
BK000346,G02181,2025-04-02,2025-06-27,2025-06-30,Completed,Direct,Single,1,0,FR,Leisure,86.31,0,258.93,0,0,0.0,258.93,Cash,,Late arrival
BK001690,G00986,2025-01-23,2025-03-16,2025-03-18,Completed,Direct,Double,1,0,GB,Leisure,89.61,10,161.3,20,0,0.0,181.3,Cash,8,High floor
BK000080,G00310,2024-06-04,2024-11-18,2024-11-19,Completed,Direct,Double,2,1,GB,Leisure,105.12,0,105.12,50,0,0.0,155.12,Cash,,
BK000586,G00916,2024-12-03,2024-12-30,2025-01-06,Completed,Direct,Double,2,0,NL,Leisure,102.98,0,720.86,20,0,0.0,740.86,Cash,,Late arrival
BK002621,G01838,2024-08-10,2024-09-15,2024-09-16,Completed,Direct,Double,2,2,GR,Leisure,127.89,0,127.89,0,0,0.0,127.89,Cash,7,Baby cot
BK001189,G01859,2025-07-09,2025-10-01,2025-10-07,Completed,Direct,Double,1,0,FR,Leisure,90.03,0,540.18,20,0,0.0,560.18,Cash,8,Late arrival
BK000746,G00786,2025-05-31,2025-11-16,2025-11-26,Completed,Direct,Suite,2,0,DE,Leisure,175.85,5,1670.58,10,0,0.0,1680.58,Cash,,Baby cot
BK002251,G00586,2023-10-18,2024-03-15,2024-03-18,Completed,Direct,Suite,1,0,ES,Leisure,152.18,0,456.54,20,0,0.0,476.54,Cash,8,High floor
BK000993,G01317,2025-09-25,2025-10-10,2025-10-13,Completed,Direct,Double,1,0,US,Leisure,88.47,5,252.14,75,0,0.0,327.14,Cash,9,High floor
BK000372,G01690,2024-11-07,2024-12-06,2024-12-11,Completed,Direct,Double,2,0,GB,Business,111.17,5,528.06,75,0,0.0,603.06,Cash,10,Baby cot
BK002618,G01119,2025-05-03,2025-09-25,2025-09-28,Completed,Direct,Double,2,0,FR,Leisure,138.45,0,415.35,75,0,0.0,490.35,Cash,,
BK002057,G01494,2025-04-24,2025-09-23,2025-09-24,Completed,Direct,Double,1,0,DE,Leisure,125.55,10,113.0,0,0,0.0,113.0,Cash,9,High floor
BK000104,G01211,2024-05-18,2024-11-12,2024-11-16,Completed,Direct,Double,1,0,NL,Leisure,93.92,0,375.68,0,0,0.0,375.68,Cash,,Baby cot
BK000732,G00677,2025-05-29,2025-09-06,2025-09-09,Completed,Direct,Double,2,0,GR,Leisure,159.68,10,431.14,75,0,0.0,506.14,Cash,6,High floor
BK000772,G00799,2024-01-18,2024-01-30,2024-02-06,Completed,Direct,Single,1,0,GR,Leisure,55.86,0,391.02,0,0,0.0,391.02,Cash,6,Baby cot
BK000499,G00628,2025-05-28,2025-08-17,2025-08-24,Completed,Direct,Single,1,0,GB,Leisure,93.71,0,655.97,50,0,0.0,705.97,Cash,,Quiet room
BK001830,G01397,2025-07-14,2025-10-17,2025-10-18,Completed,Direct,Double,1,0,IT,Leisure,100.13,0,100.13,0,0,0.0,100.13,Cash,,Baby cot
BK001561,G01736,2025-04-06,2025-07-21,2025-07-25,Completed,Direct,Suite,2,0,FR,Leisure,280.04,5,1064.15,0,0,0.0,1064.15,Cash,,High floor
BK000960,G02126,2024-12-27,2025-03-13,2025-03-14,Completed,Direct,Suite,2,0,DE,Leisure,175.2,0,175.2,0,0,0.0,175.2,Cash,7,
BK001139,G00132,2025-02-14,2025-04-02,2025-04-09,Completed,Direct,Double,1,0,GB,Leisure,96.87,0,678.09,0,0,0.0,678.09,Cash,10,Baby cot
BK002382,G02152,2025-01-06,2025-01-22,2025-01-24,Completed,Direct,Double,2,0,NL,Business,86.37,5,164.1,50,0,0.0,214.1,Cash,10,Late arrival
BK002417,G01729,2023-12-30,2024-06-23,2024-06-25,Completed,Direct,Double,1,0,US,Business,137.81,0,275.62,10,0,0.0,285.62,Cash,9,
BK001795,G00948,2025-02-14,2025-06-10,2025-06-20,Completed,Direct,Double,1,0,US,Business,133.76,0,1337.6,35,0,0.0,1372.6,Cash,8,Baby cot
BK001019,G00146,2025-04-04,2025-07-21,2025-07-23,Completed,Direct,Double,1,0,GR,Leisure,137.01,0,274.02,0,0,0.0,274.02,Cash,7,
BK001809,G00845,2025-04-23,2025-06-18,2025-06-24,Completed,Direct,Double,1,0,US,Leisure,163.08,0,978.48,20,0,0.0,998.48,Cash,10,Late arrival
BK002466,G00940,2025-08-29,2025-09-27,2025-10-04,Completed,Direct,Suite,2,0,IT,Leisure,285.41,0,1997.87,0,0,0.0,1997.87,Cash,,Baby cot
BK001112,G01876,2024-09-21,2024-10-03,2024-10-05,Completed,Direct,Double,1,0,GB,Leisure,106.35,5,202.07,50,0,0.0,252.07,Cash,,Baby cot
BK001245,G01379,2024-10-24,2025-04-08,2025-04-12,Completed,Direct,Double,2,0,GR,Business,114.17,0,456.68,0,0,0.0,456.68,Cash,8,High floor
BK001536,G02393,2024-07-29,2024-09-23,2024-09-28,Completed,Direct,Double,2,0,GR,Leisure,149.45,0,747.25,0,0,0.0,747.25,Cash,8,Baby cot
BK001587,G02151,2024-10-10,2025-03-29,2025-03-30,Completed,Direct,Double,2,0,GB,Leisure,96.91,0,96.91,10,0,0.0,106.91,Cash,8,
BK002383,G00923,2025-07-04,2025-07-26,2025-07-27,Completed,Direct,Single,1,0,GR,Leisure,99.92,0,99.92,10,0,0.0,109.92,Cash,,Baby cot
BK001856,G00885,2024-01-31,2024-02-24,2024-03-05,Completed,Direct,Double,2,0,IT,Leisure,111.16,5,1056.02,0,0,0.0,1056.02,Cash,,High floor
BK001429,G02281,2025-03-24,2025-03-30,2025-03-31,Completed,Direct,Double,1,0,IT,Leisure,99.47,0,99.47,50,0,0.0,149.47,Cash,8,Baby cot
BK001492,G00581,2024-06-21,2024-09-17,2024-09-20,Completed,Direct,Double,1,0,IT,Business,141.32,0,423.96,10,0,0.0,433.96,Cash,7,Quiet room
BK000183,G01389,2024-09-16,2024-09-22,2024-09-25,Completed,Direct,Double,1,0,NL,Leisure,142.38,0,427.14,10,0,0.0,437.14,Cash,9,Late arrival
BK001057,G00216,2024-10-21,2025-04-14,2025-04-18,Completed,Direct,Suite,1,0,GR,Leisure,166.71,0,666.84,50,0,0.0,716.84,Cash,,
BK000670,G01457,2023-12-28,2024-06-23,2024-06-25,Completed,Direct,Single,1,0,,Leisure,103.76,5,197.14,0,0,0.0,197.14,Cash,7,Late arrival
BK000744,G00764,2025-02-22,2025-06-15,2025-06-21,Completed,Direct,Double,1,0,FR,Leisure,148.66,0,891.96,75,0,0.0,966.96,Cash,9,High floor
BK002475,G02300,2025-06-05,2025-09-15,2025-09-20,Completed,Direct,Double,1,0,FR,Leisure,129.93,0,649.65,0,0,0.0,649.65,Cash,,
BK001864,G00937,2024-06-24,2024-09-16,2024-09-22,Completed,Direct,Double,2,1,GR,Business,147.78,0,886.68,35,0,0.0,921.68,Cash,9,Baby cot
BK001560,G00256,2025-03-23,2025-06-18,2025-06-22,Completed,Direct,Double,1,0,ES,Business,127.14,0,508.56,10,0,0.0,518.56,Cash,8,Late arrival
BK000904,G01873,2024-06-04,2024-08-02,2024-08-04,Completed,Direct,Double,1,0,GB,Leisure,166.17,10,299.11,10,0,0.0,309.11,Cash,,
BK002078,G00520,2024-10-10,2025-03-03,2025-03-05,Completed,Direct,Double,1,1,GB,Business,91.99,5,174.78,10,0,0.0,184.78,Cash,9,High floor
BK002342,G01288,2023-10-22,2024-01-12,2024-01-13,Completed,Direct,Double,1,0,NL,Leisure,108.43,0,108.43,50,0,0.0,158.43,Cash,9,Quiet room
BK000646,G02314,2024-05-07,2024-09-06,2024-09-08,Completed,Direct,Single,1,0,ES,Leisure,105.16,15,178.77,10,0,0.0,188.77,Cash,8,Quiet room
BK001365,G00973,2024-04-27,2024-08-03,2024-08-10,Completed,Direct,Suite,2,0,US,Leisure,238.15,0,1667.05,10,0,0.0,1677.05,Cash,10,
BK001973,G01062,2023-10-23,2024-01-25,2024-01-27,Completed,Direct,Single,1,0,IT,Leisure,65.11,0,130.22,75,0,0.0,205.22,Cash,8,Quiet room
BK001771,G00696,2025-03-25,2025-07-07,2025-07-10,Completed,Direct,Double,1,0,DE,Leisure,148.02,0,444.06,10,0,0.0,454.06,Cash,,High floor
BK001037,G00841,2024-09-25,2024-11-29,2024-12-01,Completed,Direct,Double,2,0,FR,Leisure,103.26,0,206.52,10,0,0.0,216.52,Cash,,Baby cot
BK000622,G01727,2025-08-05,2025-09-29,2025-10-02,Completed,Direct,Double,2,0,GR,Leisure,141.14,0,423.42,0,0,0.0,423.42,Cash,,
BK000734,G00404,2023-12-13,2024-06-01,2024-06-04,Completed,Direct,Double,2,0,NL,Leisure,155.11,0,465.33,50,0,0.0,515.33,Cash,10,
BK000282,G01764,2023-10-27,2024-01-17,2024-01-20,Completed,Direct,Single,1,0,US,Leisure,61.5,0,184.5,50,0,0.0,234.5,Cash,8,
BK001674,G02272,2024-10-16,2025-01-06,2025-01-09,Completed,Direct,Double,1,1,GB,Leisure,94.17,5,268.38,10,0,0.0,278.38,Cash,,Baby cot
BK002324,G01709,2023-09-14,2024-02-02,2024-02-06,Completed,Direct,Double,2,0,GR,Leisure,87.53,5,332.61,10,0,0.0,342.61,Cash,10,Quiet room
BK002035,G01668,2025-05-15,2025-09-11,2025-09-12,Completed,Direct,Single,1,0,FR,Leisure,101.98,10,91.78,35,0,0.0,126.78,Cash,,High floor
BK000063,G00624,2024-11-21,2025-02-27,2025-03-05,Completed,Direct,Double,1,0,GB,Leisure,101.84,10,549.94,75,0,0.0,624.94,Cash,,Baby cot
BK001491,G01874,2024-09-25,2024-12-14,2024-12-18,Completed,Direct,Suite,2,1,FR,Leisure,178.02,0,712.08,10,0,0.0,722.08,Cash,9,High floor
BK001472,G01262,2025-04-23,2025-08-17,2025-08-21,Completed,Direct,Double,2,0,GR,Business,162.6,0,650.4,20,0,0.0,670.4,Cash,9,High floor
BK002294,G01207,2023-11-20,2024-01-28,2024-02-01,Completed,Direct,Double,2,0,FR,Business,101.57,0,406.28,0,0,0.0,406.28,Cash,9,High floor
BK002434,G00789,2024-03-02,2024-08-06,2024-08-16,Completed,Direct,Double,1,0,NL,Leisure,161.64,15,1373.94,10,0,0.0,1383.94,Cash,10,
BK001374,G01093,2025-02-11,2025-07-30,2025-08-02,Completed,Direct,Double,2,0,GR,Leisure,153.97,10,415.72,10,0,0.0,425.72,Cash,,Late arrival
BK002767,G02182,2025-03-11,2025-03-26,2025-03-31,Completed,Direct,Suite,2,0,FR,Leisure,193.98,0,969.9,10,0,0.0,979.9,Cash,5,
BK002630,G01197,2025-10-08,2025-11-29,2025-12-06,Completed,Direct,Suite,1,0,GB,Leisure,166.36,0,1164.52,50,0,0.0,1214.52,Cash,10,
BK001958,G02117,2025-02-22,2025-07-22,2025-07-25,Completed,Direct,Double,2,0,GR,Business,154.89,0,464.67,0,0,0.0,464.67,Cash,9,
BK001761,G00441,2025-03-30,2025-05-09,2025-05-11,Completed,Direct,Double,2,1,GB,Leisure,109.07,0,218.14,35,0,0.0,253.14,Cash,,Late arrival
BK002077,G00179,2024-08-23,2024-09-08,2024-09-11,Completed,Direct,Double,2,0,ES,Business,137.6,5,392.16,50,0,0.0,442.16,Cash,8,
BK002461,G02239,2024-07-21,2024-09-02,2024-09-12,Completed,Direct,Suite,2,1,US,Leisure,281.11,0,2811.1,35,0,0.0,2846.1,Cash,9,Late arrival
BK001880,G01850,2024-01-30,2024-06-28,2024-06-30,Completed,Direct,Single,1,0,GB,Leisure,97.11,0,194.22,0,0,0.0,194.22,Cash,8,
BK001222,G00621,2025-02-14,2025-05-05,2025-05-08,Completed,Direct,Double,1,0,GB,Leisure,92.67,0,278.01,10,0,0.0,288.01,Cash,7,Quiet room
BK002565,G01548,2025-07-06,2025-09-08,2025-09-11,Completed,Direct,Double,2,0,GR,Business,142.29,0,426.87,0,0,0.0,426.87,Cash,,Baby cot
BK000966,G00739,2024-07-12,2024-07-20,2024-07-21,Completed,Direct,Single,1,0,GR,Leisure,106.9,0,106.9,35,0,0.0,141.9,Cash,9,Baby cot
BK000322,G00269,2025-02-26,2025-08-06,2025-08-11,Completed,Direct,Single,1,0,NL,Leisure,80.86,5,384.09,0,0,0.0,384.09,Cash,10,High floor
BK002287,G01978,2024-11-28,2025-04-30,2025-05-04,Completed,Direct,Double,1,0,GB,Leisure,97.96,0,391.84,20,0,0.0,411.84,Cash,8,Baby cot
BK002218,G01444,2024-08-04,2024-12-05,2024-12-11,Completed,Direct,Double,1,1,NL,Leisure,92.44,0,554.64,75,0,0.0,629.64,Cash,7,Late arrival
BK002140,G00705,2024-09-01,2024-11-22,2024-11-24,Completed,Direct,Double,1,0,NL,Leisure,97.07,5,184.43,35,0,0.0,219.43,Cash,,Late arrival
BK000278,G02205,2024-03-19,2024-06-14,2024-06-18,Completed,Direct,Single,1,0,DE,Leisure,97.15,0,388.6,0,0,0.0,388.6,Cash,10,High floor
BK001504,G01768,2025-08-06,2025-08-27,2025-08-31,Completed,Direct,Suite,2,0,FR,Business,243.09,0,972.36,35,0,0.0,1007.36,Cash,,Late arrival
BK000356,G01625,2025-02-25,2025-04-15,2025-04-17,Completed,Direct,Single,1,0,IT,Leisure,74.15,0,148.3,35,0,0.0,183.3,Cash,7,
BK000612,G02006,2024-05-02,2024-08-05,2024-08-10,Completed,Direct,Double,1,1,IT,Leisure,165.29,15,702.48,10,0,0.0,712.48,Cash,10,Baby cot
BK001505,G01409,2024-02-15,2024-03-20,2024-03-23,Completed,Direct,Single,1,0,IT,Leisure,64.9,5,184.97,0,0,0.0,184.97,Cash,7,
BK000059,G00226,2025-10-02,2025-10-21,2025-10-22,Completed,Direct,Suite,2,0,GR,Business,180.11,0,180.11,75,0,0.0,255.11,Cash,6,
BK000032,G01412,2025-04-29,2025-05-12,2025-05-14,Completed,Direct,Double,1,0,GR,Leisure,94.33,0,188.66,75,0,0.0,263.66,Cash,,Baby cot
BK000218,G00526,2024-09-14,2024-11-18,2024-11-24,Completed,Direct,Double,2,0,FR,Leisure,110.16,0,660.96,0,0,0.0,660.96,Cash,9,High floor
BK000310,G02265,2024-02-02,2024-03-11,2024-03-16,Completed,Direct,Double,2,0,NL,Leisure,91.78,0,458.9,75,0,0.0,533.9,Cash,8,Baby cot
BK001008,G00477,2025-07-06,2025-12-23,2025-12-28,Completed,Direct,Single,1,0,GR,Leisure,56.3,0,281.5,20,0,0.0,301.5,Cash,,
BK002837,G00602,2024-06-01,2024-10-25,2024-10-27,Completed,Direct,Double,1,0,IT,Leisure,104.23,0,208.46,75,0,0.0,283.46,Cash,10,Quiet room
BK002602,G00818,2025-05-15,2025-08-14,2025-08-15,Completed,Direct,Single,1,0,GB,Leisure,104.14,0,104.14,0,0,0.0,104.14,Cash,,Quiet room
BK001878,G01517,2024-08-19,2025-01-22,2025-01-26,Completed,Direct,Double,1,1,GR,Leisure,106.88,10,384.77,0,0,0.0,384.77,Cash,9,
BK002822,G00335,2024-02-24,2024-07-28,2024-07-31,Completed,Direct,Double,2,0,GB,Leisure,128.16,15,326.81,20,0,0.0,346.81,Cash,9,Late arrival
BK002537,G01865,2025-05-07,2025-10-24,2025-10-25,Completed,Direct,Suite,2,0,NL,Leisure,196.34,0,196.34,10,0,0.0,206.34,Cash,,Late arrival
BK001724,G01865,2025-09-13,2025-10-17,2025-10-24,Completed,Direct,Double,2,0,GR,Leisure,103.93,5,691.13,0,0,0.0,691.13,Cash,8,Baby cot
BK002065,G02147,2024-12-09,2025-03-09,2025-03-16,Completed,Direct,Double,2,2,GB,Leisure,100.61,10,633.84,10,0,0.0,643.84,Cash,8,Quiet room
BK002328,G02068,2024-06-29,2024-08-01,2024-08-04,Completed,Direct,Double,1,0,GR,Leisure,140.9,10,380.43,20,0,0.0,400.43,Cash,6,
BK001284,G00119,2024-10-17,2024-12-04,2024-12-06,Completed,Direct,Single,1,0,DE,Business,64.7,10,116.46,35,0,0.0,151.46,Cash,9,High floor
BK002968,G00646,2025-01-12,2025-02-20,2025-02-23,Completed,Direct,Double,1,1,GB,Business,100.67,0,302.01,20,0,0.0,322.01,Cash,9,Baby cot
BK000324,G01073,2024-12-25,2025-06-12,2025-06-16,Completed,Direct,Suite,1,0,GR,Leisure,246.91,0,987.64,10,0,0.0,997.64,Cash,10,
BK002358,G00251,2024-08-15,2024-09-04,2024-09-06,Completed,Direct,Suite,2,0,IT,Leisure,243.34,0,486.68,0,0,0.0,486.68,Cash,,High floor
BK001833,G00957,2025-05-13,2025-08-24,2025-08-28,Completed,Direct,Suite,1,0,DE,Business,216.15,5,821.37,50,0,0.0,871.37,Cash,10,Quiet room
BK000551,G01685,2025-10-22,2025-11-21,2025-11-24,Completed,Direct,Single,1,0,GB,Leisure,64.62,0,193.86,50,0,0.0,243.86,Cash,10,Baby cot
BK002947,G00277,2025-08-19,2025-11-23,2025-11-27,Completed,Direct,Double,1,0,GR,Business,107.88,5,409.94,0,0,0.0,409.94,Cash,,High floor
BK000272,G00052,2024-05-29,2024-08-26,2024-08-30,Completed,Direct,Single,1,0,GR,Leisure,91.69,0,366.76,35,0,0.0,401.76,Cash,,
BK001117,G00285,2023-10-26,2024-03-04,2024-03-08,Completed,Direct,Double,2,0,FR,Leisure,112.16,0,448.64,50,0,0.0,498.64,Cash,8,High floor
BK002544,G00513,2024-02-10,2024-04-02,2024-04-04,Completed,Direct,Suite,2,0,FR,Business,181.47,0,362.94,50,0,0.0,412.94,Cash,,Baby cot
BK002286,G01153,2024-06-19,2024-09-10,2024-09-12,Completed,Direct,Double,2,0,GR,Leisure,144.24,0,288.48,10,0,0.0,298.48,Cash,9,Baby cot
BK001359,G00672,2024-02-18,2024-07-20,2024-07-22,Completed,Direct,Double,2,0,DE,Leisure,158.74,15,269.86,0,0,0.0,269.86,Cash,10,
BK001785,G00358,2024-01-10,2024-01-19,2024-01-22,Completed,Direct,Single,1,0,DE,Leisure,65.51,10,176.88,20,0,0.0,196.88,Cash,9,Quiet room
BK000268,G00811,2024-06-15,2024-08-01,2024-08-04,Completed,Direct,Double,2,0,DE,Leisure,148.33,10,400.49,10,0,0.0,410.49,Cash,10,
BK001789,G00553,2023-08-09,2024-01-23,2024-01-28,Completed,Direct,Double,2,0,US,Leisure,95.91,0,479.55,10,0,0.0,489.55,Cash,8,High floor
BK001897,G01983,2025-07-16,2025-07-22,2025-07-26,Completed,Direct,Double,1,0,GR,Leisure,162.95,0,651.8,35,0,0.0,686.8,Cash,9,
BK002926,G01984,2024-10-09,2024-12-14,2024-12-15,Completed,Direct,Double,1,0,US,Leisure,113.82,0,113.82,20,0,0.0,133.82,Cash,,
BK001071,G00321,2024-02-22,2024-08-04,2024-08-07,Completed,Direct,Single,1,0,GR,Leisure,94.8,0,284.4,35,0,0.0,319.4,Cash,8,
BK000283,G00651,2023-10-02,2024-01-06,2024-01-10,Completed,Direct,Double,2,0,DE,Leisure,94.83,0,379.32,75,0,0.0,454.32,Cash,9,Baby cot
BK000750,G01341,2025-07-30,2025-10-27,2025-10-30,Completed,Direct,Double,2,0,FR,Leisure,93.24,0,279.72,50,0,0.0,329.72,Cash,9,High floor
BK000606,G01950,2023-11-05,2024-01-26,2024-01-27,Completed,Direct,Double,1,0,GR,Leisure,108.36,15,92.11,0,0,0.0,92.11,Cash,9,High floor
BK000662,G00075,2025-02-03,2025-04-25,2025-04-27,Completed,Direct,Single,1,0,US,Leisure,61.31,0,122.62,50,0,0.0,172.62,Cash,10,Quiet room
BK000525,G01715,2024-03-08,2024-07-25,2024-07-31,Completed,Direct,Double,1,0,GB,Leisure,160.15,10,864.81,10,0,0.0,874.81,Cash,9,Baby cot
BK001694,G01848,2024-01-18,2024-06-20,2024-06-23,Completed,Direct,Double,1,1,GB,Leisure,139.53,10,376.73,0,0,0.0,376.73,Cash,9,High floor
BK000842,G02355,2024-05-10,2024-10-04,2024-10-08,Completed,Direct,Suite,2,0,DE,Business,196.87,15,669.36,10,0,0.0,679.36,Cash,10,Quiet room
BK000540,G02316,2025-02-22,2025-07-16,2025-07-23,Completed,Direct,Double,2,0,US,Leisure,141.77,0,992.39,0,0,0.0,992.39,Cash,9,
BK002751,G01999,2025-02-21,2025-08-18,2025-08-22,Completed,Direct,Single,1,0,GR,Leisure,106.45,5,404.51,20,0,0.0,424.51,Cash,8,Baby cot
BK001675,G00301,2024-07-07,2024-07-13,2024-07-17,Completed,Direct,Single,1,0,ES,Leisure,95.48,0,381.92,10,0,0.0,391.92,Cash,8,Baby cot
BK001843,G00299,2024-11-25,2025-05-17,2025-05-20,Completed,Direct,Double,2,0,GR,Leisure,87.31,0,261.93,0,0,0.0,261.93,Cash,,
BK000362,G00011,2023-12-03,2024-05-16,2024-05-23,Completed,Direct,Double,2,0,GR,Leisure,104.06,0,728.42,10,0,0.0,738.42,Cash,9,Late arrival
BK002457,G01412,2025-06-21,2025-09-17,2025-09-24,Completed,Direct,Double,2,0,FR,Business,162.27,0,1135.89,10,0,0.0,1145.89,Cash,,Baby cot
BK000895,G00146,2025-07-06,2025-07-21,2025-07-28,Completed,Direct,Double,2,0,IT,Leisure,130.64,0,914.48,10,0,0.0,924.48,Cash,,
BK000881,G01045,2024-05-17,2024-10-04,2024-10-08,Completed,Direct,Suite,1,0,GR,Leisure,188.92,10,680.11,35,0,0.0,715.11,Cash,7,
BK001781,G01899,2025-04-10,2025-07-23,2025-07-26,Completed,Direct,Double,1,0,GB,Leisure,133.29,5,379.88,75,0,0.0,454.88,Cash,8,Quiet room
BK000004,G00368,2024-04-04,2024-04-10,2024-04-14,Completed,Direct,Suite,1,0,GR,Leisure,149.38,0,597.52,50,0,0.0,647.52,Cash,7,Baby cot
BK001857,G01756,2025-04-03,2025-05-10,2025-05-13,Completed,Direct,Double,1,1,GB,Leisure,109.53,0,328.59,0,0,0.0,328.59,Cash,,High floor
BK001593,G01737,2024-08-31,2025-02-15,2025-02-25,Completed,Direct,Double,2,0,IT,Leisure,85.96,0,859.6,35,0,0.0,894.6,Cash,10,Quiet room
BK003000,G00846,2023-11-04,2024-05-01,2024-05-03,Completed,Direct,Double,1,0,GR,Leisure,98.36,0,196.72,20,0,0.0,216.72,Cash,7,Quiet room
BK000743,G01966,2025-03-02,2025-08-11,2025-08-21,Completed,Direct,Double,1,1,DE,Leisure,165.84,5,1575.48,35,0,0.0,1610.48,Cash,10,
BK002720,G01760,2023-12-08,2024-03-17,2024-03-21,Completed,Direct,Single,1,0,GB,Business,72.88,15,247.79,35,0,0.0,282.79,Cash,10,High floor
BK000076,G00109,2024-06-29,2024-08-15,2024-08-22,Completed,Direct,Suite,1,1,GR,Leisure,257.82,10,1624.27,75,0,0.0,1699.27,Cash,,
BK002006,G00945,2024-12-01,2025-03-08,2025-03-15,Completed,Direct,Single,1,0,IT,Leisure,65.77,15,391.33,10,0,0.0,401.33,Cash,7,Baby cot
BK001765,G00184,2025-02-24,2025-05-02,2025-05-05,Completed,Direct,Single,1,0,NL,Leisure,55.74,0,167.22,35,0,0.0,202.22,Cash,,Late arrival
BK001604,G00594,2024-11-25,2024-12-25,2024-12-31,Completed,Direct,Double,2,0,NL,Leisure,88.04,0,528.24,50,0,0.0,578.24,Cash,9,Baby cot
BK001523,G01023,2025-03-14,2025-05-22,2025-05-26,Completed,Direct,Suite,2,0,DE,Leisure,169.69,5,644.82,10,0,0.0,654.82,Cash,,Quiet room
BK001307,G01824,2025-06-12,2025-07-09,2025-07-12,Completed,Direct,Suite,2,0,GB,Leisure,260.55,0,781.65,0,0,0.0,781.65,Cash,9,
BK000940,G00834,2024-05-24,2024-07-10,2024-07-14,Completed,Direct,Suite,1,0,GR,Leisure,220.73,5,838.77,50,0,0.0,888.77,Cash,8,
BK002373,G00348,2025-03-20,2025-06-05,2025-06-07,Completed,Direct,Double,1,0,GB,Leisure,148.05,0,296.1,20,0,0.0,316.1,Cash,7,
BK002506,G01114,2025-05-21,2025-09-10,2025-09-15,Completed,Direct,Double,2,1,US,Leisure,157.41,0,787.05,10,0,0.0,797.05,Cash,10,Late arrival
BK000495,G00261,2025-04-16,2025-09-24,2025-09-28,Completed,Direct,Double,2,0,GB,Leisure,155.31,0,621.24,35,0,0.0,656.24,Cash,8,
BK002068,G01715,2025-06-05,2025-09-10,2025-09-13,Completed,Direct,Double,2,1,GR,Leisure,151.25,0,453.75,75,0,0.0,528.75,Cash,9,
BK002534,G01175,2024-05-11,2024-09-26,2024-09-28,Completed,Direct,Double,1,1,GB,Leisure,124.16,0,248.32,75,0,0.0,323.32,Cash,7,Quiet room
BK001408,G02240,2023-11-24,2024-02-21,2024-02-26,Completed,Direct,Double,1,0,GR,Leisure,109.87,0,549.35,20,0,0.0,569.35,Cash,,High floor
BK002561,G01101,2023-12-22,2024-06-03,2024-06-06,Completed,Direct,Suite,2,0,FR,Business,280.11,0,840.33,50,0,0.0,890.33,Cash,,Baby cot
BK000753,G02110,2024-06-28,2024-10-04,2024-10-07,Completed,Direct,Suite,2,0,IT,Leisure,195.39,0,586.17,0,0,0.0,586.17,Cash,,
BK000858,G00372,2024-10-31,2025-01-30,2025-01-31,Completed,Direct,Single,1,0,ES,Leisure,67.05,0,67.05,75,0,0.0,142.05,Cash,8,Quiet room
BK001570,G00898,2025-05-05,2025-08-08,2025-08-12,Completed,Direct,Single,1,0,GR,Leisure,85.07,0,340.28,75,0,0.0,415.28,Cash,,Quiet room
BK001311,G01534,2025-02-11,2025-06-19,2025-06-21,Completed,Direct,Double,2,2,FR,Leisure,123.26,0,246.52,0,0,0.0,246.52,Cash,9,Baby cot
BK002905,G02043,2025-03-14,2025-06-01,2025-06-11,Completed,Direct,Double,2,0,GR,Leisure,146.18,0,1461.8,35,0,0.0,1496.8,Cash,8,High floor
BK002394,G00846,2024-10-06,2024-12-18,2024-12-28,Completed,Direct,Suite,2,0,GB,Leisure,178.73,5,1697.94,75,0,0.0,1772.94,Cash,7,Baby cot
BK000141,G00993,2023-09-28,2024-01-22,2024-01-27,Completed,Direct,Suite,1,1,GR,Leisure,177.06,0,885.3,0,0,0.0,885.3,Cash,,Late arrival
BK002000,G00238,2025-05-09,2025-07-25,2025-08-01,Completed,Direct,Double,2,0,NL,Leisure,131.85,0,922.95,20,0,0.0,942.95,Cash,10,
BK002841,G01180,2025-07-12,2025-11-10,2025-11-15,Completed,Direct,Double,2,0,NL,Leisure,90.81,0,454.05,20,0,0.0,474.05,Cash,,Quiet room
BK001409,G00504,2025-05-03,2025-09-05,2025-09-07,Completed,Direct,Double,1,0,GR,Leisure,151.33,0,302.66,0,0,0.0,302.66,Cash,,Baby cot
BK000013,G00884,2025-06-02,2025-09-24,2025-09-29,Completed,Direct,Suite,2,2,IT,Leisure,287.37,5,1365.01,0,0,0.0,1365.01,Cash,9,High floor
BK001772,G00143,2023-11-30,2024-05-22,2024-05-27,Completed,Direct,Double,2,2,DE,Leisure,107.61,0,538.05,75,0,0.0,613.05,Cash,,Late arrival
BK002306,G01990,2024-01-09,2024-03-13,2024-03-18,Completed,Direct,Suite,2,0,FR,Leisure,152.07,0,760.35,20,0,0.0,780.35,Cash,9,
BK000321,G00631,2023-08-31,2024-02-02,2024-02-03,Completed,Direct,Suite,1,0,GR,Leisure,150.62,0,150.62,20,0,0.0,170.62,Cash,10,
BK002212,G00712,2023-09-02,2024-01-05,2024-01-11,Completed,Direct,Double,2,0,DE,Leisure,89.63,0,537.78,10,0,0.0,547.78,Cash,10,High floor
BK001012,G01886,2024-08-18,2024-08-19,2024-08-21,Completed,Direct,Double,1,0,IT,Business,124.18,0,248.36,50,0,0.0,298.36,Cash,7,Quiet room
BK001793,G00840,2025-04-11,2025-06-13,2025-06-16,Completed,Direct,Double,2,0,ES,Business,155.11,0,465.33,20,0,0.0,485.33,Cash,7,Late arrival
BK002779,G00040,2024-03-25,2024-08-14,2024-08-17,Completed,Direct,Single,1,0,GR,Leisure,91.98,0,275.94,50,0,0.0,325.94,Cash,,High floor
BK002701,G02293,2025-09-13,2025-09-27,2025-09-29,Completed,Direct,Double,2,0,DE,Leisure,134.32,15,228.34,20,0,0.0,248.34,Cash,,High floor
BK000869,G01695,2025-04-13,2025-08-01,2025-08-08,Completed,Direct,Double,2,0,GR,Leisure,143.89,0,1007.23,0,0,0.0,1007.23,Cash,7,
BK002589,G01025,2024-10-29,2025-04-11,2025-04-14,Completed,Direct,Double,1,1,GB,Leisure,114.57,0,343.71,35,0,0.0,378.71,Cash,10,High floor
BK000695,G00792,2023-09-24,2024-02-28,2024-03-02,Completed,Direct,Suite,2,0,DE,Business,178.3,0,534.9,0,0,0.0,534.9,Cash,9,Quiet room
BK002625,G02073,2024-06-25,2024-07-16,2024-07-23,Completed,Direct,Single,1,0,GB,Leisure,94.09,0,658.63,0,0,0.0,658.63,Cash,8,
BK002487,G00428,2024-08-28,2024-12-18,2024-12-20,Completed,Direct,Double,2,0,GR,Leisure,86.36,0,172.72,75,0,0.0,247.72,Cash,10,
BK001840,G00877,2025-04-10,2025-07-06,2025-07-09,Completed,Direct,Double,2,2,GB,Leisure,137.67,0,413.01,0,0,0.0,413.01,Cash,8,Baby cot
BK000958,G00689,2024-02-18,2024-06-14,2024-06-19,Completed,Direct,Double,2,0,GB,Leisure,165.48,0,827.4,20,0,0.0,847.4,Cash,8,
BK000113,G02079,2024-02-01,2024-04-19,2024-04-20,Completed,Direct,Single,1,0,GB,Leisure,63.3,0,63.3,0,0,0.0,63.3,Cash,,Baby cot
BK002696,G02015,2024-04-13,2024-08-27,2024-09-02,Completed,Direct,Single,1,0,GR,Leisure,81.09,0,486.54,35,0,0.0,521.54,Cash,7,Late arrival
BK001210,G01842,2025-02-09,2025-03-18,2025-03-21,Completed,Direct,Suite,2,0,GR,Leisure,151.04,0,453.12,50,0,0.0,503.12,Cash,9,Quiet room
BK002588,G01767,2024-02-17,2024-06-24,2024-06-27,Completed,Direct,Single,1,0,FR,Leisure,98.39,10,265.65,0,0,0.0,265.65,Cash,6,Late arrival
BK000467,G02390,2025-05-20,2025-05-21,2025-05-31,Completed,Direct,Suite,1,0,GB,Leisure,181.58,0,1815.8,35,0,0.0,1850.8,Cash,9,
BK001418,G01559,2024-06-05,2024-08-11,2024-08-12,Completed,Direct,Single,1,0,GB,Leisure,96.86,0,96.86,50,0,0.0,146.86,Cash,,
BK001629,G00973,2024-07-30,2024-10-18,2024-10-22,Completed,Direct,Double,1,0,IT,Leisure,109.2,5,414.96,35,0,0.0,449.96,Cash,,
BK000784,G01944,2024-07-23,2024-08-29,2024-08-31,Completed,Direct,Double,2,0,ES,Leisure,139.79,0,279.58,75,0,0.0,354.58,Cash,,High floor
BK001892,G01327,2025-04-12,2025-07-24,2025-07-26,Completed,Direct,Single,1,0,GB,Leisure,99.3,0,198.6,35,0,0.0,233.6,Cash,8,Quiet room
BK001103,G02283,2025-01-16,2025-06-08,2025-06-12,Completed,Direct,Suite,2,0,ES,Leisure,252.18,0,1008.72,10,0,0.0,1018.72,Cash,6,High floor
BK002349,G02153,2025-01-29,2025-04-29,2025-05-03,Completed,Direct,Single,1,0,FR,Leisure,65.57,5,249.17,75,0,0.0,324.17,Cash,6,Baby cot
BK002252,G01304,2024-08-11,2024-10-03,2024-10-06,Completed,Direct,Single,1,0,GR,Leisure,69.68,0,209.04,0,0,0.0,209.04,Cash,8,
BK001390,G00256,2024-03-02,2024-06-17,2024-06-19,Completed,Direct,Double,2,0,DE,Leisure,163.99,0,327.98,0,0,0.0,327.98,Cash,6,
BK000022,G00202,2025-02-25,2025-08-02,2025-08-05,Completed,Direct,Double,2,0,ES,Leisure,127.83,0,383.49,0,0,0.0,383.49,Cash,9,Late arrival
BK002902,G02291,2024-01-29,2024-04-25,2024-04-28,Completed,Direct,Suite,2,0,FR,Business,154.38,15,393.67,20,0,0.0,413.67,Cash,,High floor
BK002174,G01395,2025-05-21,2025-10-28,2025-11-02,Completed,Direct,Single,1,0,FR,Leisure,67.04,0,335.2,10,0,0.0,345.2,Cash,7,High floor
BK000901,G01758,2024-01-17,2024-06-10,2024-06-15,Completed,Direct,Suite,1,0,DE,Leisure,237.05,0,1185.25,10,0,0.0,1195.25,Cash,,Late arrival
BK000699,G01961,2024-09-08,2024-09-20,2024-09-26,Completed,Direct,Double,2,0,IT,Leisure,156.41,0,938.46,20,0,0.0,958.46,Cash,10,
BK000742,G01156,2023-07-14,2024-01-07,2024-01-11,Completed,Direct,Double,1,0,GB,Leisure,90.17,0,360.68,10,0,0.0,370.68,Cash,,Quiet room
BK002089,G00034,2025-02-23,2025-03-20,2025-03-24,Completed,Direct,Single,1,0,FR,Leisure,59.93,0,239.72,0,0,0.0,239.72,Cash,9,Late arrival
BK002713,G00211,2024-08-01,2024-11-14,2024-11-19,Completed,Direct,Single,1,0,IT,Leisure,71.48,0,357.4,35,0,0.0,392.4,Cash,10,Baby cot
BK000880,G00583,2024-07-01,2024-09-23,2024-09-26,Completed,Direct,Suite,2,2,GR,Leisure,257.37,5,733.5,50,0,0.0,783.5,Cash,6,Quiet room
BK002727,G00381,2024-07-16,2024-10-28,2024-10-31,Completed,Direct,Suite,1,0,FR,Business,154.34,10,416.72,20,0,0.0,436.72,Cash,10,Baby cot
BK002754,G00947,2024-04-21,2024-09-29,2024-10-02,Completed,Direct,Double,1,0,FR,Leisure,127.32,0,381.96,50,0,0.0,431.96,Cash,6,High floor
BK001984,G00139,2023-12-01,2024-03-10,2024-03-20,Completed,Direct,Single,1,0,GR,Leisure,63.2,5,600.4,20,0,0.0,620.4,Cash,9,
BK001093,G01323,2025-05-22,2025-09-30,2025-10-04,Completed,Direct,Single,1,0,GR,Leisure,102.42,15,348.23,0,0,0.0,348.23,Cash,9,Baby cot
BK000211,G01053,2024-12-04,2025-04-14,2025-04-19,Completed,Direct,Double,1,0,FR,Business,97.76,0,488.8,20,0,0.0,508.8,Cash,8,
BK002795,G02078,2024-12-23,2025-01-11,2025-01-21,Completed,Direct,Double,1,0,GR,Leisure,101.05,10,909.45,35,0,0.0,944.45,Cash,6,Late arrival
BK002455,G00698,2025-02-14,2025-07-28,2025-08-03,Completed,Direct,Double,1,0,FR,Leisure,127.86,0,767.16,75,0,0.0,842.16,Cash,8,
BK002267,G01009,2025-07-05,2025-08-20,2025-08-22,Completed,Direct,Double,2,0,NL,Leisure,160.24,10,288.43,0,0,0.0,288.43,Cash,5,
BK000385,G00429,2024-10-28,2025-04-16,2025-04-18,Completed,Direct,Suite,2,0,DE,Leisure,178.7,0,357.4,35,0,0.0,392.4,Cash,10,High floor
BK000039,G02341,2023-11-12,2024-02-16,2024-02-20,Completed,Direct,Double,1,0,DE,Leisure,90.74,0,362.96,10,0,0.0,372.96,Cash,,Quiet room
BK000219,G01798,2025-06-07,2025-06-19,2025-06-21,Completed,Direct,Single,1,0,GR,Leisure,103.77,0,207.54,20,0,0.0,227.54,Cash,,Late arrival
BK000226,G00866,2025-02-03,2025-04-27,2025-04-30,Completed,Direct,Single,1,0,GR,Leisure,57.76,5,164.62,10,0,0.0,174.62,Cash,,Baby cot
BK002486,G01469,2024-04-20,2024-07-07,2024-07-17,Completed,Direct,Suite,1,0,DE,Business,264.72,0,2647.2,35,0,0.0,2682.2,Cash,,
BK000407,G00523,2025-08-01,2025-11-15,2025-11-20,Completed,Direct,Suite,1,2,GR,Leisure,165.15,0,825.75,0,0,0.0,825.75,Cash,,High floor
BK001207,G00246,2024-02-02,2024-02-04,2024-02-07,Completed,Direct,Single,1,0,DE,Business,64.6,5,184.11,10,0,0.0,194.11,Cash,,
BK001764,G00515,2025-01-20,2025-04-13,2025-04-17,Completed,Direct,Double,1,0,DE,Leisure,95.6,0,382.4,50,0,0.0,432.4,Cash,6,Late arrival
BK001219,G01607,2023-12-30,2024-02-05,2024-02-12,Completed,Direct,Suite,2,0,DE,Leisure,187.26,0,1310.82,20,0,0.0,1330.82,Cash,,
BK000792,G01887,2024-10-31,2025-03-15,2025-03-25,Completed,Direct,Double,1,0,FR,Leisure,88.3,0,883.0,10,0,0.0,893.0,Cash,10,Baby cot
BK001556,G01718,2024-01-04,2024-02-20,2024-02-26,Completed,Direct,Double,1,0,GR,Business,99.89,5,569.37,0,0,0.0,569.37,Cash,9,
BK001816,G01193,2025-03-11,2025-06-03,2025-06-08,Completed,Direct,Suite,1,0,GB,Leisure,230.36,10,1036.62,10,0,0.0,1046.62,Cash,10,
BK001689,G00399,2024-07-02,2024-09-20,2024-09-23,Completed,Direct,Double,2,0,GR,Leisure,148.04,0,444.12,10,0,0.0,454.12,Cash,,
BK002953,G02184,2023-11-26,2024-04-08,2024-04-15,Completed,Expedia,Double,1,0,ES,Leisure,93.53,0,654.71,0,18,117.85,654.71,Cash,,
BK002295,G01023,2025-06-09,2025-07-13,2025-07-17,Completed,Expedia,Double,1,0,FR,Leisure,145.1,0,580.4,35,18,104.47,615.4,Cash,8,Late arrival
BK002849,G00885,2024-10-22,2025-02-13,2025-02-18,Completed,Expedia,Double,1,0,GR,Leisure,110.97,10,499.37,20,18,89.89,519.37,Cash,9,
BK001026,G01923,2024-10-18,2024-11-14,2024-11-16,Completed,Expedia,Double,1,0,US,Leisure,102.29,5,194.35,10,18,34.98,204.35,Cash,,
BK000145,G02141,2025-06-13,2025-06-25,2025-06-27,Completed,Expedia,Suite,1,0,GR,Leisure,274.86,0,549.72,35,18,98.95,584.72,Cash,,
BK001596,G01020,2025-07-21,2025-09-29,2025-10-01,Completed,Expedia,Double,2,0,IT,Leisure,136.89,5,260.09,75,18,46.82,335.09,Cash,10,High floor
BK001043,G01016,2024-05-07,2024-07-06,2024-07-08,Completed,Expedia,Double,1,0,GR,Leisure,145.36,5,276.18,0,18,49.71,276.18,Cash,,Baby cot
BK002853,G01698,2024-06-03,2024-08-03,2024-08-13,Completed,Expedia,Single,1,0,GB,Leisure,104.75,5,995.13,0,18,179.12,995.13,Cash,6,
BK001087,G01272,2024-06-08,2024-06-25,2024-06-27,Completed,Expedia,Suite,1,0,NL,Leisure,226.23,5,429.84,0,18,77.37,429.84,Cash,9,
BK000684,G00236,2024-09-28,2024-11-17,2024-11-18,Completed,Expedia,Double,2,1,FR,Leisure,111.38,0,111.38,20,18,20.05,131.38,Cash,7,
BK002907,G00861,2023-09-21,2024-01-10,2024-01-13,Completed,Expedia,Double,2,0,US,Leisure,85.63,0,256.89,0,18,46.24,256.89,Cash,9,Late arrival
BK000197,G02040,2025-09-04,2025-10-20,2025-10-23,Completed,Expedia,Double,2,0,DE,Leisure,103.57,0,310.71,0,18,55.93,310.71,Cash,,High floor
BK000090,G02222,2023-11-11,2024-03-30,2024-04-04,Completed,Expedia,Suite,2,0,GR,Business,171.01,10,769.55,50,18,138.52,819.55,Cash,,Baby cot
BK002137,G00001,2024-06-26,2024-09-25,2024-09-30,Completed,Expedia,Suite,2,0,GB,Business,218.19,5,1036.4,35,18,186.55,1071.4,Cash,,Baby cot
BK001787,G00695,2024-02-12,2024-07-10,2024-07-13,Completed,Expedia,Double,1,0,GB,Leisure,146.22,0,438.66,0,18,78.96,438.66,Cash,8,Late arrival
BK000816,G00602,2024-04-26,2024-10-01,2024-10-11,Completed,Expedia,Double,2,0,DE,Leisure,94.32,0,943.2,0,18,169.78,943.2,Cash,9,Baby cot
BK000317,G00648,2024-03-11,2024-03-25,2024-03-30,Completed,Expedia,Double,1,0,GR,Leisure,113.44,10,510.48,20,18,91.89,530.48,Cash,,Late arrival
BK000137,G00001,2025-03-17,2025-04-05,2025-04-07,Completed,Expedia,Double,2,0,NL,Leisure,114.94,0,229.88,20,18,41.38,249.88,Cash,,Late arrival
BK001865,G00049,2025-04-16,2025-06-21,2025-06-22,Completed,Expedia,Double,2,0,DE,Leisure,150.33,10,135.3,50,18,24.35,185.3,Cash,,Late arrival
BK002107,G00523,2024-12-16,2025-04-14,2025-04-16,Completed,Expedia,Double,2,0,NL,Leisure,90.42,0,180.84,35,18,32.55,215.84,Cash,8,
BK002952,G01680,2023-10-15,2024-04-03,2024-04-10,Completed,Expedia,Suite,1,0,US,Leisure,173.42,10,1092.55,0,18,196.66,1092.55,Cash,7,High floor
BK001295,G01154,2024-10-23,2025-02-20,2025-02-26,Completed,Expedia,Suite,2,0,US,Leisure,164.69,5,938.73,75,18,168.97,1013.73,Cash,7,Baby cot
BK001896,G01776,2024-11-07,2024-11-26,2024-12-03,Completed,Expedia,Double,2,0,IT,Leisure,106.4,0,744.8,50,18,134.06,794.8,Cash,,High floor
BK000042,G01865,2025-02-06,2025-07-30,2025-08-06,Completed,Expedia,Single,1,0,DE,Leisure,100.73,0,705.11,50,18,126.92,755.11,Cash,8,
BK001125,G01789,2024-02-16,2024-07-30,2024-08-05,Completed,Expedia,Suite,1,2,US,Leisure,253.08,10,1366.63,0,18,245.99,1366.63,Cash,,High floor
BK001078,G01058,2025-01-25,2025-02-14,2025-02-16,Completed,Expedia,Double,1,0,NL,Leisure,106.39,0,212.78,0,18,38.3,212.78,Cash,,High floor
BK001352,G02168,2024-01-01,2024-03-04,2024-03-05,Completed,Expedia,Double,1,0,GB,Leisure,95.29,0,95.29,75,18,17.15,170.29,Cash,8,Quiet room
BK002501,G01098,2024-08-08,2024-10-24,2024-10-31,Completed,Expedia,Suite,2,0,GR,Leisure,176.32,0,1234.24,35,18,222.16,1269.24,Cash,10,
BK000974,G02051,2025-08-12,2025-09-21,2025-09-24,Completed,Expedia,Double,2,0,GR,Business,161.29,5,459.68,20,18,82.74,479.68,Cash,,
BK001312,G00216,2025-09-14,2025-12-21,2025-12-24,Completed,Expedia,Double,1,0,FR,Leisure,106.83,10,288.44,75,18,51.92,363.44,Cash,10,
BK000375,G01927,2024-12-29,2025-06-11,2025-06-14,Completed,Expedia,Suite,2,0,GR,Leisure,287.33,0,861.99,20,18,155.16,881.99,Cash,,High floor
BK002652,G01508,2024-02-08,2024-07-20,2024-07-23,Completed,Expedia,Double,2,1,US,Leisure,128.95,0,386.85,0,18,69.63,386.85,Cash,,Quiet room
BK000116,G00950,2025-04-13,2025-05-01,2025-05-04,Completed,Expedia,Suite,2,0,GR,Business,192.43,0,577.29,0,18,103.91,577.29,Cash,9,
BK001315,G02310,2024-10-31,2025-04-08,2025-04-11,Completed,Expedia,Double,2,0,IT,Leisure,106.1,0,318.3,50,18,57.29,368.3,Cash,8,Quiet room
BK002937,G00294,2024-12-28,2025-06-10,2025-06-12,Completed,Expedia,Double,1,0,GR,Leisure,141.86,0,283.72,20,18,51.07,303.72,Cash,8,Quiet room
BK000118,G00948,2023-11-07,2024-02-02,2024-02-06,Completed,Expedia,Double,1,0,GR,Leisure,104.04,10,374.54,0,18,67.42,374.54,Cash,8,Baby cot
BK002017,G00135,2024-06-27,2024-09-03,2024-09-04,Completed,Expedia,Double,1,0,GR,Leisure,147.36,10,132.62,0,18,23.87,132.62,Cash,7,
BK002210,G01139,2025-08-03,2025-12-01,2025-12-08,Completed,Expedia,Double,1,0,GR,Leisure,106.36,0,744.52,0,18,134.01,744.52,Cash,6,High floor
BK002179,G00496,2024-04-27,2024-09-17,2024-09-24,Completed,Expedia,Double,1,0,GR,Business,150.94,0,1056.58,10,18,190.18,1066.58,Cash,10,Baby cot
BK001874,G02267,2025-04-07,2025-06-12,2025-06-19,Completed,Expedia,Single,1,0,GB,Leisure,104.51,0,731.57,50,18,131.68,781.57,Cash,8,Baby cot
BK002946,G01662,2024-06-16,2024-11-10,2024-11-12,Completed,Expedia,Double,1,0,IT,Leisure,94.53,0,189.06,10,18,34.03,199.06,Cash,,
BK002969,G00984,2023-12-16,2024-03-27,2024-04-02,Completed,Expedia,Suite,2,0,GR,Leisure,168.56,0,1011.36,35,18,182.04,1046.36,Cash,9,Quiet room
BK000803,G00292,2025-01-29,2025-04-04,2025-04-08,Completed,Expedia,Double,2,2,IT,Leisure,113.52,0,454.08,75,18,81.73,529.08,Cash,9,High floor
BK002785,G02141,2024-05-13,2024-09-03,2024-09-10,Completed,Expedia,Double,2,1,DE,Leisure,135.88,0,951.16,0,18,171.21,951.16,Cash,,High floor
BK002351,G02033,2025-06-17,2025-09-26,2025-09-28,Completed,Expedia,Double,1,0,GR,Leisure,128.45,0,256.9,0,18,46.24,256.9,Cash,8,Late arrival
BK002347,G00989,2024-02-09,2024-06-20,2024-06-22,Completed,Expedia,Single,1,0,DE,Leisure,86.77,10,156.19,50,18,28.11,206.19,Cash,10,Quiet room
BK001579,G01240,2025-05-22,2025-09-06,2025-09-10,Completed,Expedia,Double,2,0,DE,Leisure,147.72,15,502.25,0,18,90.41,502.25,Cash,9,Late arrival
BK002429,G01834,2025-07-02,2025-08-20,2025-08-24,Completed,Expedia,Double,2,0,GB,Leisure,148.29,0,593.16,35,18,106.77,628.16,Cash,8,
BK001932,G01344,2023-11-30,2024-01-18,2024-01-21,Completed,Expedia,Single,1,0,GB,Leisure,66.8,5,190.38,10,18,34.27,200.38,Cash,8,Quiet room
BK001703,G00826,2024-01-12,2024-07-08,2024-07-12,Completed,Expedia,Double,2,0,GR,Leisure,123.65,5,469.87,35,18,84.58,504.87,Cash,9,High floor
BK001535,G01243,2024-04-26,2024-07-23,2024-07-28,Completed,Expedia,Double,2,0,DE,Business,158.26,0,791.3,50,18,142.43,841.3,Cash,,
BK000085,G01478,2024-07-22,2024-11-12,2024-11-14,Completed,Expedia,Single,1,0,NL,Leisure,58.78,5,111.68,50,18,20.1,161.68,Cash,,Late arrival
BK000601,G01445,2025-09-17,2025-11-28,2025-12-05,Completed,Expedia,Single,1,0,GR,Business,55.88,0,391.16,10,18,70.41,401.16,Cash,9,Baby cot
BK002355,G00574,2024-03-02,2024-08-27,2024-09-01,Completed,Expedia,Single,1,0,ES,Leisure,106.22,0,531.1,35,18,95.6,566.1,Cash,8,
BK001608,G01219,2025-01-14,2025-06-22,2025-06-27,Completed,Expedia,Suite,1,0,ES,Leisure,288.85,0,1444.25,20,18,259.97,1464.25,Cash,10,
BK000055,G00110,2025-08-18,2025-09-18,2025-09-21,Completed,Expedia,Double,2,0,GR,Leisure,131.92,0,395.76,0,18,71.24,395.76,Cash,9,
BK000130,G01358,2025-10-30,2025-11-25,2025-11-26,Completed,Expedia,Double,1,1,GB,Leisure,96.64,0,96.64,35,18,17.4,131.64,Cash,9,Baby cot
BK000562,G02103,2024-12-05,2025-05-07,2025-05-13,Completed,Expedia,Double,1,0,GR,Leisure,112.34,5,640.34,35,18,115.26,675.34,Cash,9,Quiet room
BK000352,G01425,2025-05-21,2025-07-01,2025-07-04,Completed,Expedia,Single,1,0,IT,Leisure,91.61,0,274.83,50,18,49.47,324.83,Cash,8,
BK001846,G00093,2024-08-01,2024-11-10,2024-11-12,Completed,Expedia,Double,2,0,GR,Leisure,94.52,5,179.59,75,18,32.33,254.59,Cash,9,Baby cot
BK001457,G00860,2024-07-01,2024-07-24,2024-07-25,Completed,Expedia,Double,2,0,GR,Leisure,162.61,0,162.61,20,18,29.27,182.61,Cash,,
BK002799,G01867,2025-07-13,2025-12-07,2025-12-09,Completed,Expedia,Double,1,2,NL,Leisure,87.02,0,174.04,10,18,31.33,184.04,Cash,7,
BK001255,G00284,2024-10-14,2024-11-26,2024-11-29,Completed,Expedia,Double,2,0,GB,Business,91.78,5,261.57,75,18,47.08,336.57,Cash,8,
BK000957,G00663,2024-08-06,2024-11-19,2024-11-26,Completed,Expedia,Double,2,0,IT,Leisure,108.44,0,759.08,10,18,136.63,769.08,Cash,8,
BK000416,G00312,2025-06-01,2025-09-12,2025-09-19,Completed,Expedia,Suite,1,0,GR,Leisure,233.78,0,1636.46,0,18,294.56,1636.46,Cash,8,Baby cot
BK000186,G00287,2024-11-02,2025-01-19,2025-01-22,Completed,Expedia,Double,2,1,GR,Leisure,92.42,0,277.26,50,18,49.91,327.26,Cash,,
BK002275,G01425,2024-12-28,2025-04-14,2025-04-15,Completed,Expedia,Double,1,0,GB,Leisure,93.71,0,93.71,0,18,16.87,93.71,Cash,,Quiet room
BK000885,G01430,2024-08-07,2024-11-12,2024-11-22,Completed,Expedia,Double,1,0,DE,Leisure,92.98,15,790.33,75,18,142.26,865.33,Cash,9,Late arrival
BK002070,G00914,2024-03-30,2024-06-17,2024-06-21,Completed,Expedia,Suite,1,1,GB,Leisure,237.21,0,948.84,35,18,170.79,983.84,Cash,8,
BK000404,G01528,2023-08-05,2024-01-08,2024-01-10,Completed,Expedia,Single,1,0,,Leisure,58.58,10,105.44,20,18,18.98,125.44,Cash,7,Late arrival
BK000801,G00866,2023-11-13,2024-02-13,2024-02-15,Completed,Expedia,Double,1,0,GR,Business,99.31,5,188.69,0,18,33.96,188.69,Cash,10,
BK000570,G02306,2024-06-20,2024-11-27,2024-12-04,Completed,Expedia,Suite,1,0,FR,Business,168.38,0,1178.66,10,18,212.16,1188.66,Cash,,High floor
BK002770,G00206,2024-07-02,2024-10-30,2024-11-06,Completed,Expedia,Double,1,0,GR,Leisure,114.91,15,683.71,75,18,123.07,758.71,Cash,,
BK000454,G02009,2025-01-01,2025-04-06,2025-04-16,Completed,Expedia,Double,2,0,DE,Business,107.73,0,1077.3,0,18,193.91,1077.3,Cash,,Quiet room
BK002962,G01509,2025-03-06,2025-06-20,2025-06-24,Completed,Expedia,Double,2,0,ES,Leisure,157.04,10,565.34,75,18,101.76,640.34,Cash,8,
BK001188,G01035,2023-11-17,2024-02-05,2024-02-08,Completed,Expedia,Single,1,0,DE,Leisure,65.18,0,195.54,75,18,35.2,270.54,Cash,8,
BK002851,G01820,2024-08-08,2024-12-19,2024-12-22,Completed,Expedia,Single,1,0,GB,Leisure,67.79,5,193.2,0,18,34.78,193.2,Cash,,High floor
BK000191,G00054,2024-05-08,2024-08-27,2024-09-01,Completed,Expedia,Suite,1,0,GB,Leisure,242.2,0,1211.0,0,18,217.98,1211.0,Cash,7,High floor
BK001673,G00471,2023-08-03,2024-01-05,2024-01-06,Completed,Expedia,Double,2,0,DE,Leisure,102.43,0,102.43,50,18,18.44,152.43,Cash,8,
BK001693,G01100,2024-04-27,2024-10-13,2024-10-20,Completed,Expedia,Single,1,0,GB,Leisure,62.91,0,440.37,20,18,79.27,460.37,Cash,8,
BK000718,G00698,2024-04-18,2024-07-03,2024-07-07,Completed,Expedia,Double,1,1,GR,Leisure,166.52,0,666.08,0,18,119.89,666.08,Cash,,High floor
BK002055,G01010,2025-06-29,2025-11-27,2025-11-30,Completed,Expedia,Single,1,0,GB,Leisure,66.19,0,198.57,75,18,35.74,273.57,Cash,,
BK001182,G00950,2025-02-02,2025-06-26,2025-06-28,Completed,Expedia,Double,2,0,IT,Leisure,123.76,0,247.52,50,18,44.55,297.52,Cash,8,
BK002833,G01109,2023-11-25,2024-01-23,2024-01-28,Completed,Expedia,Double,2,0,ES,Leisure,86.55,0,432.75,75,18,77.9,507.75,Cash,,
BK000623,G01660,2025-05-20,2025-06-16,2025-06-21,Completed,Expedia,Single,1,0,GB,Leisure,97.13,0,485.65,20,18,87.42,505.65,Cash,,Baby cot
BK001039,G02300,2024-04-13,2024-04-28,2024-05-02,Completed,Expedia,Single,1,0,IT,Leisure,55.5,0,222.0,35,18,39.96,257.0,Cash,,Quiet room
BK002780,G00121,2024-12-12,2025-04-12,2025-04-15,Completed,Expedia,Double,2,0,GB,Leisure,107.94,10,291.44,20,18,52.46,311.44,Cash,,Late arrival
BK002192,G01685,2024-11-25,2025-01-01,2025-01-08,Completed,Expedia,Suite,1,0,NL,Leisure,151.4,0,1059.8,75,18,190.76,1134.8,Cash,10,Quiet room
BK000806,G00113,2024-11-10,2025-02-12,2025-02-18,Completed,Expedia,Double,1,0,GB,Leisure,112.23,10,606.04,50,18,109.09,656.04,Cash,10,
BK000854,G00533,2024-10-05,2024-12-22,2024-12-28,Completed,Expedia,Double,1,0,FR,Business,107.72,0,646.32,50,18,116.34,696.32,Cash,,
BK002801,G01145,2024-03-23,2024-04-15,2024-04-21,Completed,Expedia,Double,2,0,FR,Leisure,112.63,5,641.99,35,18,115.56,676.99,Cash,8,
BK000921,G02359,2023-12-12,2024-01-06,2024-01-09,Completed,Expedia,Double,2,0,DE,Business,110.34,15,281.37,0,18,50.65,281.37,Cash,9,High floor
BK002495,G01459,2025-01-26,2025-06-14,2025-06-18,Completed,Expedia,Single,1,0,GR,Business,85.72,0,342.88,50,18,61.72,392.88,Cash,,Quiet room
BK001303,G01004,2023-11-02,2024-04-08,2024-04-12,Completed,Expedia,Suite,2,0,ES,Leisure,176.28,0,705.12,10,18,126.92,715.12,Cash,8,Quiet room
BK001883,G02286,2025-06-26,2025-10-16,2025-10-19,Completed,Expedia,Single,1,0,FR,Leisure,61.61,0,184.83,35,18,33.27,219.83,Cash,8,Baby cot
BK001252,G02190,2024-12-29,2025-06-13,2025-06-17,Completed,Expedia,Suite,2,2,GR,Leisure,288.57,5,1096.57,20,18,197.38,1116.57,Cash,6,Baby cot
BK002829,G01385,2024-01-14,2024-05-22,2024-05-29,Completed,Expedia,Double,1,0,ES,Leisure,92.78,5,616.99,0,18,111.06,616.99,Cash,8,High floor
BK001518,G01002,2024-04-12,2024-05-18,2024-05-21,Completed,Expedia,Double,2,0,ES,Leisure,100.18,0,300.54,35,18,54.1,335.54,Cash,9,Quiet room
BK001749,G00001,2023-12-10,2024-02-19,2024-02-24,Completed,Expedia,Double,2,2,GB,Leisure,114.12,5,542.07,20,18,97.57,562.07,Cash,8,Quiet room
BK000267,G01558,2025-03-20,2025-03-22,2025-03-28,Completed,Expedia,Suite,2,2,GR,Leisure,154.26,15,786.73,20,18,141.61,806.73,Cash,8,Late arrival
BK000767,G00250,2023-11-26,2024-01-12,2024-01-17,Completed,Expedia,Suite,1,1,GR,Leisure,156.25,5,742.19,0,18,133.59,742.19,Cash,7,
BK001956,G01878,2025-01-11,2025-04-01,2025-04-08,Completed,Expedia,Single,1,0,GR,Business,57.05,10,359.42,50,18,64.7,409.42,Cash,9,
BK001335,G01217,2025-03-30,2025-09-03,2025-09-07,Completed,Expedia,Single,1,0,GR,Leisure,99.7,0,398.8,75,18,71.78,473.8,Cash,9,Quiet room
BK002281,G00782,2025-07-27,2025-12-25,2025-12-29,Completed,Expedia,Double,2,0,GB,Leisure,87.04,0,348.16,20,18,62.67,368.16,Cash,8,Quiet room
BK002629,G00314,2024-07-05,2024-08-23,2024-08-27,Completed,Expedia,Double,2,0,IT,Leisure,127.68,10,459.65,20,18,82.74,479.65,Cash,9,High floor
BK001605,G00715,2023-11-11,2024-05-02,2024-05-09,Completed,Expedia,Double,1,0,GR,Business,99.16,10,624.71,0,18,112.45,624.71,Cash,,
BK001151,G01800,2024-08-09,2024-10-22,2024-10-26,Completed,Expedia,Double,2,0,IT,Leisure,114.39,0,457.56,0,18,82.36,457.56,Cash,,
BK002917,G00714,2024-09-30,2025-03-15,2025-03-19,Completed,Expedia,Single,1,0,DE,Leisure,69.87,5,265.51,0,18,47.79,265.51,Cash,8,
BK000554,G01601,2024-03-02,2024-06-19,2024-06-24,Completed,Expedia,Double,1,0,DE,Leisure,125.6,0,628.0,75,18,113.04,703.0,Cash,10,
BK002302,G02107,2024-07-06,2024-09-05,2024-09-10,Completed,Expedia,Single,1,0,IT,Leisure,81.96,0,409.8,20,18,73.76,429.8,Cash,7,Late arrival
BK000853,G00635,2024-03-31,2024-09-08,2024-09-13,Completed,Expedia,Suite,2,1,DE,Leisure,231.61,0,1158.05,75,18,208.45,1233.05,Cash,10,Late arrival
BK001244,G00850,2025-05-09,2025-07-11,2025-07-14,Completed,Expedia,Suite,1,0,GB,Leisure,271.17,0,813.51,50,18,146.43,863.51,Cash,,Quiet room
BK001899,G01667,2024-08-23,2024-12-31,2025-01-03,Completed,Expedia,Double,1,0,FR,Leisure,97.88,0,293.64,50,18,52.86,343.64,Cash,,Quiet room
BK001114,G01507,2025-04-07,2025-06-11,2025-06-14,Completed,Expedia,Double,2,0,GB,Leisure,149.53,0,448.59,10,18,80.75,458.59,Cash,,Baby cot
BK001099,G00652,2025-06-19,2025-08-16,2025-08-22,Completed,Expedia,Double,2,0,NL,Leisure,164.57,5,938.05,20,18,168.85,958.05,Cash,6,
BK002468,G02164,2024-10-20,2025-04-04,2025-04-11,Completed,Expedia,Single,1,0,GR,Leisure,61.67,0,431.69,20,18,77.7,451.69,Cash,9,Late arrival
BK000707,G01439,2025-01-12,2025-06-29,2025-07-09,Completed,Expedia,Suite,1,1,GB,Leisure,219.91,5,2089.15,75,18,376.05,2164.15,Cash,9,Quiet room
BK000451,G02024,2024-10-31,2024-11-01,2024-11-07,Completed,Expedia,Single,1,0,GR,Leisure,67.47,0,404.82,50,18,72.87,454.82,Cash,,Late arrival
BK000194,G01177,2024-04-19,2024-09-16,2024-09-21,Completed,Expedia,Suite,2,0,FR,Business,232.43,10,1045.94,20,18,188.27,1065.94,Cash,9,High floor
BK001709,G01404,2024-05-27,2024-07-17,2024-07-23,Completed,Expedia,Single,1,0,GB,Leisure,92.1,0,552.6,50,18,99.47,602.6,Cash,9,Late arrival
BK002571,G02134,2024-02-10,2024-05-12,2024-05-15,Completed,Expedia,Single,1,0,DE,Leisure,71.55,5,203.92,0,18,36.71,203.92,Cash,10,Quiet room
BK002842,G02063,2025-02-10,2025-03-19,2025-03-22,Completed,Expedia,Double,2,1,GB,Leisure,109.79,5,312.9,35,18,56.32,347.9,Cash,,High floor
BK002387,G01841,2024-06-26,2024-08-09,2024-08-12,Completed,Expedia,Double,2,0,DE,Leisure,132.45,0,397.35,0,18,71.52,397.35,Cash,,Baby cot
BK000824,G01306,2024-11-26,2025-03-05,2025-03-07,Completed,Expedia,Double,2,0,,Leisure,89.1,5,169.29,50,18,30.47,219.29,Cash,9,Quiet room
BK000122,G00394,2025-01-30,2025-04-22,2025-04-24,Completed,Expedia,Single,1,0,GB,Leisure,69.77,0,139.54,35,18,25.12,174.54,Cash,7,Quiet room
BK002992,G00415,2025-06-15,2025-07-23,2025-07-25,Completed,Expedia,Double,1,0,DE,Leisure,146.79,0,293.58,75,18,52.84,368.58,Cash,10,High floor
BK000518,G01789,2025-07-12,2025-12-30,2026-01-01,Completed,Expedia,Double,2,0,GR,Leisure,110.61,0,221.22,0,18,39.82,221.22,Cash,,Late arrival
BK001007,G01846,2025-05-10,2025-08-16,2025-08-18,Completed,Expedia,Double,2,1,GR,Leisure,152.04,0,304.08,0,18,54.73,304.08,Cash,9,High floor
BK002718,G00816,2024-06-26,2024-07-11,2024-07-21,Completed,Expedia,Double,1,1,IT,Leisure,163.31,0,1633.1,35,18,293.96,1668.1,Cash,7,
BK001369,G01938,2024-06-13,2024-09-11,2024-09-14,Completed,Expedia,Double,1,0,FR,Leisure,151.47,0,454.41,10,18,81.79,464.41,Cash,,
BK002454,G00507,2025-06-28,2025-08-25,2025-08-30,Completed,Expedia,Double,1,0,GR,Leisure,138.35,0,691.75,75,18,124.52,766.75,Cash,8,Quiet room
BK001323,G00759,2025-06-22,2025-10-11,2025-10-18,Completed,Expedia,Suite,1,0,ES,Leisure,167.5,0,1172.5,75,18,211.05,1247.5,Cash,7,
BK000740,G01596,2025-05-07,2025-09-25,2025-10-01,Completed,Expedia,Double,2,0,DE,Leisure,126.69,10,684.13,0,18,123.14,684.13,Cash,,Late arrival
BK000072,G01542,2024-05-03,2024-05-22,2024-05-24,Completed,Expedia,Double,1,0,GR,Business,99.51,0,199.02,0,18,35.82,199.02,Cash,9,Late arrival
BK000653,G01973,2025-06-10,2025-07-25,2025-07-30,Completed,Expedia,Double,1,0,NL,Leisure,144.42,5,685.99,0,18,123.48,685.99,Cash,9,
BK001018,G00405,2024-12-02,2025-04-16,2025-04-26,Completed,Expedia,Double,1,0,ES,Leisure,114.14,0,1141.4,0,18,205.45,1141.4,Cash,,Late arrival
BK001468,G00967,2025-10-11,2025-11-01,2025-11-07,Completed,Expedia,Suite,2,0,GB,Leisure,175.69,10,948.73,75,18,170.77,1023.73,Cash,10,Quiet room
BK000942,G01358,2024-12-27,2025-04-17,2025-04-24,Completed,Expedia,Double,2,1,GR,Leisure,86.78,0,607.46,10,18,109.34,617.46,Cash,,
BK000990,G01060,2024-02-22,2024-03-29,2024-04-02,Completed,Expedia,Double,2,0,DE,Leisure,93.17,0,372.68,10,18,67.08,382.68,Cash,9,Quiet room
BK002657,G01392,2023-08-31,2024-02-01,2024-02-06,Completed,Travel Agency,Double,2,0,FR,Leisure,87.2,0,436.0,0,10,43.6,436.0,Cash,8,High floor
BK000809,G01886,2024-06-21,2024-09-01,2024-09-03,Completed,Travel Agency,Double,1,0,US,Leisure,161.89,0,323.78,10,10,32.38,333.78,Cash,8,
BK001735,G00971,2024-06-22,2024-09-29,2024-10-03,Completed,Travel Agency,Suite,2,0,US,Leisure,267.77,0,1071.08,35,10,107.11,1106.08,Cash,8,High floor
BK000819,G00520,2025-08-28,2025-09-08,2025-09-10,Completed,Travel Agency,Single,1,0,GR,Leisure,88.64,0,177.28,50,10,17.73,227.28,Cash,5,High floor
BK002819,G01923,2025-06-19,2025-10-03,2025-10-06,Completed,Travel Agency,Single,1,0,GB,Leisure,73.62,0,220.86,50,10,22.09,270.86,Cash,,Quiet room
BK000100,G00304,2025-09-24,2025-11-06,2025-11-08,Completed,Travel Agency,Double,2,0,GR,Leisure,109.26,0,218.52,50,10,21.85,268.52,Cash,9,High floor
BK001086,G01888,2025-04-07,2025-07-13,2025-07-20,Completed,Travel Agency,Single,1,0,US,Leisure,91.97,15,547.22,10,10,54.72,557.22,Cash,10,High floor
BK002248,G02194,2023-09-16,2024-02-08,2024-02-10,Completed,Travel Agency,Suite,2,0,US,Business,168.99,0,337.98,10,10,33.8,347.98,Cash,,
BK002805,G00653,2025-05-06,2025-06-23,2025-06-26,Completed,Travel Agency,Double,1,0,ES,Leisure,146.53,10,395.63,0,10,39.56,395.63,Cash,9,Late arrival
BK001033,G01992,2024-03-18,2024-07-22,2024-07-27,Completed,Travel Agency,Double,1,0,GR,Leisure,152.23,15,646.98,75,10,64.7,721.98,Cash,9,Late arrival
BK002983,G00582,2025-06-26,2025-09-23,2025-09-26,Completed,Travel Agency,Double,1,0,GB,Leisure,163.34,10,441.02,50,10,44.1,491.02,Cash,7,
BK001634,G00663,2024-04-07,2024-09-03,2024-09-05,Completed,Travel Agency,Suite,2,0,IT,Leisure,240.82,0,481.64,0,10,48.16,481.64,Cash,8,
BK001963,G00036,2023-12-10,2024-03-18,2024-03-24,Completed,Travel Agency,Double,1,2,GR,Leisure,89.98,0,539.88,50,10,53.99,589.88,Cash,6,High floor
BK002073,G01828,2024-05-04,2024-09-01,2024-09-11,Completed,Travel Agency,Double,1,0,GR,Leisure,153.31,5,1456.45,35,10,145.65,1491.45,Cash,10,Late arrival
BK002027,G01225,2024-08-16,2024-10-15,2024-10-22,Completed,Travel Agency,Single,1,0,DE,Leisure,70.59,0,494.13,10,10,49.41,504.13,Cash,9,Baby cot
BK000914,G01981,2024-08-19,2024-10-01,2024-10-04,Completed,Travel Agency,Suite,2,1,DE,Leisure,157.44,5,448.7,0,10,44.87,448.7,Cash,6,Quiet room
BK002562,G02274,2024-08-06,2024-08-30,2024-09-06,Completed,Travel Agency,Double,1,0,FR,Leisure,153.19,0,1072.33,20,10,107.23,1092.33,Cash,10,
BK001136,G02319,2024-01-03,2024-06-04,2024-06-09,Completed,Travel Agency,Double,2,0,DE,Leisure,149.82,0,749.1,75,10,74.91,824.1,Cash,10,
BK001340,G00009,2024-11-12,2025-05-01,2025-05-05,Completed,Travel Agency,Suite,1,0,GR,Leisure,170.91,0,683.64,10,10,68.36,693.64,Cash,,
BK001017,G01370,2024-02-11,2024-07-11,2024-07-18,Completed,Travel Agency,Single,1,0,FR,Leisure,98.66,0,690.62,75,10,69.06,765.62,Cash,,Quiet room
BK000563,G01488,2024-10-06,2025-03-14,2025-03-21,Completed,Travel Agency,Suite,2,0,GR,Leisure,179.63,5,1194.54,0,10,119.45,1194.54,Cash,8,High floor
BK001177,G01607,2025-01-04,2025-05-08,2025-05-10,Completed,Travel Agency,Double,2,1,GR,Business,103.78,5,197.18,75,10,19.72,272.18,Cash,8,Quiet room
BK002370,G02315,2025-09-04,2025-10-17,2025-10-22,Completed,Travel Agency,Double,2,0,GR,Business,90.91,0,454.55,0,10,45.46,454.55,Cash,,Quiet room
BK002889,G01059,2024-10-12,2024-11-22,2024-11-29,Completed,Travel Agency,Double,2,0,GR,Leisure,103.44,0,724.08,10,10,72.41,734.08,Cash,,Quiet room
BK002708,G01307,2025-05-21,2025-07-26,2025-07-31,Completed,Travel Agency,Suite,2,0,GB,Leisure,281.25,10,1265.63,35,10,126.56,1300.63,Cash,9,
BK000134,G01887,2024-12-14,2025-06-09,2025-06-12,Completed,Travel Agency,Double,1,0,GR,Leisure,147.11,0,441.33,0,10,44.13,441.33,Cash,,High floor
BK000124,G02245,2025-05-24,2025-10-08,2025-10-11,Completed,Travel Agency,Suite,1,1,US,Business,167.21,0,501.63,20,10,50.16,521.63,Cash,10,
BK001185,G01113,2024-01-23,2024-06-21,2024-06-22,Completed,Travel Agency,Double,2,0,GR,Leisure,154.43,0,154.43,0,10,15.44,154.43,Cash,9,Quiet room
BK000535,G02055,2025-09-03,2025-12-05,2025-12-09,Completed,Travel Agency,Double,1,0,US,Business,96.65,0,386.6,10,10,38.66,396.6,Cash,8,Baby cot
BK001119,G00526,2025-08-22,2025-09-28,2025-10-04,Completed,Travel Agency,Double,1,2,IT,Leisure,151.9,5,865.83,50,10,86.58,915.83,Cash,8,
BK002570,G00578,2023-12-18,2024-01-15,2024-01-18,Completed,Travel Agency,Suite,1,0,NL,Leisure,177.13,10,478.25,0,10,47.83,478.25,Cash,,
BK002427,G00966,2023-11-05,2024-04-02,2024-04-06,Completed,Travel Agency,Single,1,0,DE,Leisure,62.17,0,248.68,0,10,24.87,248.68,Cash,10,
BK002223,G00769,2024-02-13,2024-08-03,2024-08-06,Completed,Travel Agency,Double,1,0,NL,Leisure,144.03,0,432.09,20,10,43.21,452.09,Cash,10,
BK000496,G01912,2025-06-03,2025-09-26,2025-09-29,Completed,Travel Agency,Double,1,0,GR,Leisure,136.28,0,408.84,35,10,40.88,443.84,Cash,,Quiet room
BK000826,G01371,2025-07-12,2025-07-26,2025-07-30,Completed,Travel Agency,Suite,1,0,GR,Leisure,282.64,10,1017.5,0,10,101.75,1017.5,Cash,8,Late arrival
BK001893,G02096,2025-06-18,2025-11-10,2025-11-13,Completed,Travel Agency,Suite,1,0,GR,Business,149.0,0,447.0,50,10,44.7,497.0,Cash,10,Quiet room
BK000409,G01418,2024-07-24,2024-08-15,2024-08-16,Completed,Travel Agency,Double,1,0,GR,Leisure,127.19,10,114.47,20,10,11.45,134.47,Cash,8,High floor
BK000959,G00863,2025-10-04,2025-10-10,2025-10-13,Completed,Travel Agency,Suite,2,1,DE,Leisure,185.87,0,557.61,20,10,55.76,577.61,Cash,9,Quiet room
BK001620,G02240,2025-04-08,2025-06-22,2025-06-24,Completed,Travel Agency,Double,1,0,GR,Business,149.33,0,298.66,75,10,29.87,373.66,Cash,,Late arrival
BK002554,G02138,2024-10-28,2025-03-27,2025-03-31,Completed,Travel Agency,Double,2,0,FR,Leisure,96.23,0,384.92,50,10,38.49,434.92,Cash,5,Late arrival
BK002925,G02185,2024-08-12,2024-08-16,2024-08-19,Completed,Travel Agency,Double,2,0,GB,Leisure,149.81,0,449.43,75,10,44.94,524.43,Cash,,Late arrival
BK001006,G01824,2025-06-09,2025-09-29,2025-10-02,Completed,Travel Agency,Single,1,0,IT,Leisure,93.17,0,279.51,50,10,27.95,329.51,Cash,,Late arrival
BK002353,G00076,2024-03-07,2024-05-26,2024-05-29,Completed,Travel Agency,Suite,1,0,US,Leisure,162.5,5,463.13,35,10,46.31,498.13,Cash,,Quiet room
BK000485,G02034,2024-03-28,2024-06-26,2024-07-03,Completed,Travel Agency,Double,2,0,DE,Business,155.24,5,1032.35,20,10,103.24,1052.35,Cash,8,Quiet room
BK000140,G01249,2025-08-28,2025-11-15,2025-11-19,Completed,Travel Agency,Single,1,0,GB,Leisure,71.63,5,272.19,50,10,27.22,322.19,Cash,8,
BK001912,G01091,2025-09-20,2025-12-09,2025-12-10,Completed,Travel Agency,Suite,2,1,GR,Business,183.49,0,183.49,75,10,18.35,258.49,Cash,9,Quiet room
BK002728,G02280,2025-08-03,2025-12-25,2025-12-27,Completed,Travel Agency,Double,1,0,GR,Leisure,93.55,0,187.1,35,10,18.71,222.1,Cash,,Late arrival
BK002732,G00493,2025-07-12,2025-12-10,2025-12-15,Completed,Travel Agency,Double,2,2,GR,Leisure,106.13,10,477.59,20,10,47.76,497.59,Cash,10,High floor
BK002424,G00620,2024-12-04,2025-02-17,2025-02-22,Completed,Travel Agency,Double,1,0,NL,Leisure,110.13,5,523.12,20,10,52.31,543.12,Cash,,Late arrival
BK002458,G01412,2025-06-16,2025-09-21,2025-09-24,Completed,Travel Agency,Double,2,0,GR,Business,143.27,0,429.81,0,10,42.98,429.81,Cash,8,Quiet room
BK000611,G02332,2025-03-23,2025-07-15,2025-07-17,Completed,Travel Agency,Double,1,0,NL,Leisure,132.36,15,225.01,0,10,22.5,225.01,Cash,9,
BK001715,G01617,2024-08-02,2024-12-08,2024-12-11,Completed,Travel Agency,Single,1,0,IT,Leisure,61.71,0,185.13,10,10,18.51,195.13,Cash,9,
BK001601,G01135,2024-06-13,2024-07-22,2024-07-27,Completed,Travel Agency,Single,1,0,US,Business,93.72,0,468.6,0,10,46.86,468.6,Cash,8,Late arrival
BK000867,G00601,2025-02-10,2025-05-11,2025-05-15,Completed,Travel Agency,Double,2,0,IT,Leisure,102.21,0,408.84,20,10,40.88,428.84,Cash,,
BK000667,G00590,2024-04-22,2024-07-22,2024-07-27,Completed,Travel Agency,Single,1,0,ES,Leisure,88.31,10,397.4,0,10,39.74,397.4,Cash,9,Baby cot
BK002812,G01745,2024-06-23,2024-08-01,2024-08-04,Completed,Travel Agency,Double,2,0,DE,Leisure,155.68,0,467.04,20,10,46.7,487.04,Cash,8,
BK002564,G01194,2025-01-17,2025-07-02,2025-07-03,Completed,Travel Agency,Single,1,0,GR,Leisure,89.74,5,85.25,75,10,8.53,160.25,Cash,,Late arrival
BK001928,G01861,2024-08-02,2024-12-20,2024-12-23,Completed,Travel Agency,Single,1,0,IT,Leisure,68.59,0,205.77,0,10,20.58,205.77,Cash,7,High floor
BK001708,G01066,2024-01-11,2024-02-17,2024-02-21,Completed,Travel Agency,Single,1,0,NL,Business,58.32,10,209.95,0,10,21.0,209.95,Cash,10,Late arrival
BK001788,G00296,2023-12-07,2024-03-29,2024-03-31,Completed,Travel Agency,Single,1,0,GR,Leisure,65.01,5,123.52,20,10,12.35,143.52,Cash,9,Baby cot
BK001976,G01534,2024-01-23,2024-06-29,2024-07-04,Completed,Travel Agency,Double,2,1,DE,Leisure,163.29,0,816.45,10,10,81.65,826.45,Cash,8,High floor
BK000156,G02148,2023-10-30,2024-02-02,2024-02-06,Completed,Travel Agency,Double,1,0,FR,Leisure,107.26,0,429.04,35,10,42.9,464.04,Cash,8,High floor
BK000232,G00339,2025-08-04,2025-08-19,2025-08-25,Completed,Travel Agency,Double,1,0,IT,Leisure,166.6,5,949.62,20,10,94.96,969.62,Cash,8,Baby cot
BK002022,G01912,2025-06-17,2025-12-08,2025-12-12,Completed,Travel Agency,Single,1,0,FR,Leisure,55.64,0,222.56,0,10,22.26,222.56,Cash,,Late arrival
BK001825,G00167,2024-05-25,2024-06-17,2024-06-20,Completed,Travel Agency,Double,1,1,FR,Leisure,128.79,10,347.73,20,10,34.77,367.73,Cash,,
BK001799,G02072,2024-11-15,2025-03-12,2025-03-14,Completed,Travel Agency,Single,1,0,FR,Leisure,57.33,10,103.19,10,10,10.32,113.19,Cash,9,
BK002647,G02101,2025-08-01,2025-08-29,2025-09-01,Completed,Travel Agency,Suite,1,2,GB,Leisure,281.38,10,759.73,0,10,75.97,759.73,Cash,10,High floor
BK000709,G01397,2024-10-04,2025-03-20,2025-03-26,Completed,Travel Agency,Double,1,0,GR,Leisure,92.51,0,555.06,20,10,55.51,575.06,Cash,8,High floor
BK001821,G01275,2025-07-19,2025-12-23,2025-12-30,Completed,Travel Agency,Suite,2,0,GB,Business,150.34,0,1052.38,75,10,105.24,1127.38,Cash,,Quiet room
BK000983,G00386,2025-04-11,2025-08-03,2025-08-06,Completed,Travel Agency,Double,2,0,US,Leisure,157.91,10,426.36,20,10,42.64,446.36,Cash,,
BK001968,G01662,2025-06-20,2025-09-24,2025-09-29,Completed,Travel Agency,Double,2,0,GR,Leisure,137.33,5,652.32,20,10,65.23,672.32,Cash,9,
BK000173,G01129,2025-05-20,2025-09-16,2025-09-17,Completed,Travel Agency,Double,1,0,GR,Leisure,124.22,0,124.22,75,10,12.42,199.22,Cash,,Late arrival
BK001598,G01192,2025-05-19,2025-07-24,2025-07-25,Completed,Travel Agency,Double,1,0,FR,Leisure,132.2,15,112.37,35,10,11.24,147.37,Cash,8,
BK001624,G01882,2025-09-28,2025-10-27,2025-11-02,Completed,Travel Agency,Double,2,0,GB,Leisure,87.9,0,527.4,0,10,52.74,527.4,Cash,10,Quiet room
BK002478,G00849,2025-02-23,2025-06-17,2025-06-24,Completed,Travel Agency,Single,1,0,GB,Leisure,86.07,5,572.37,50,10,57.24,622.37,Cash,8,
BK001616,G00163,2025-03-10,2025-05-01,2025-05-08,Completed,Travel Agency,Double,2,0,IT,Leisure,99.09,0,693.63,10,10,69.36,703.63,Cash,8,Quiet room
BK002700,G01838,2024-06-13,2024-07-09,2024-07-15,Completed,Travel Agency,Single,1,0,NL,Leisure,83.93,0,503.58,50,10,50.36,553.58,Cash,8,Quiet room
BK000025,G01688,2025-06-21,2025-08-12,2025-08-14,Completed,Travel Agency,Double,2,0,GB,Leisure,158.12,0,316.24,35,10,31.62,351.24,Cash,,Baby cot
BK002981,G02030,2025-05-28,2025-06-14,2025-06-18,Cancelled,Booking.com,Double,1,0,GR,Leisure,124.53,0,498.12,0,15,74.72,498.12,Not charged,,High floor
BK000241,G01884,2023-12-05,2024-04-27,2024-05-02,Cancelled,Booking.com,Double,2,0,ES,Leisure,112.91,0,564.55,0,15,84.68,564.55,Not charged,,
BK000724,G00378,2025-06-27,2025-07-14,2025-07-15,Cancelled,Booking.com,Single,1,0,GR,Leisure,88.19,15,74.96,0,15,11.24,74.96,Not charged,,
BK001439,G02339,2024-04-20,2024-07-06,2024-07-08,Cancelled,Booking.com,Suite,2,0,GR,Business,278.25,0,556.5,0,15,83.48,556.5,Not charged,,Quiet room
BK000258,G00225,2024-01-28,2024-07-18,2024-07-23,Cancelled,Booking.com,Suite,1,1,GB,Leisure,227.54,5,1080.82,0,15,162.12,1080.82,Not charged,,Late arrival
BK002441,G01819,2025-10-04,2025-11-19,2025-11-21,No-show,Booking.com,Double,2,0,GR,Leisure,101.9,0,203.8,0,15,30.57,203.8,Not charged,,Quiet room
BK000246,G01382,2025-10-16,2025-12-30,2026-01-01,Cancelled,Booking.com,Suite,1,0,GB,Leisure,186.19,10,335.14,0,15,50.27,335.14,Not charged,,
BK001954,G01437,2024-11-21,2025-02-20,2025-02-21,No-show,Booking.com,Double,1,1,IT,Business,97.73,0,97.73,0,15,14.66,97.73,Not charged,,Baby cot
BK002239,G00080,2024-07-20,2024-12-27,2024-12-31,Cancelled,Booking.com,Double,2,0,DE,Leisure,86.75,15,294.95,0,15,44.24,294.95,Not charged,,
BK002996,G01924,2025-09-14,2025-09-26,2025-09-28,Cancelled,Booking.com,Double,2,0,NL,Business,137.63,0,275.26,0,15,41.29,275.26,Not charged,,
BK001544,G00586,2024-04-03,2024-04-04,2024-04-11,No-show,Booking.com,Double,2,0,GB,Leisure,110.94,0,776.58,0,15,116.49,776.58,Not charged,,High floor
BK000230,G02242,2025-01-27,2025-03-31,2025-04-03,Cancelled,Booking.com,Double,1,0,GB,Leisure,106.08,5,302.33,0,15,45.35,302.33,Not charged,,Late arrival
BK000445,G00276,2024-07-29,2024-11-05,2024-11-08,No-show,Booking.com,Double,1,0,GR,Leisure,109.88,0,329.64,0,15,49.45,329.64,Not charged,,
BK002683,G02006,2023-10-27,2024-02-12,2024-02-18,Cancelled,Booking.com,Double,1,0,GR,Leisure,91.98,10,496.69,0,15,74.5,496.69,Not charged,,
BK002339,G01928,2023-10-03,2024-01-12,2024-01-13,Cancelled,Booking.com,Double,2,0,GR,Business,110.57,5,105.04,0,15,15.76,105.04,Not charged,,Quiet room
BK001981,G01655,2024-08-23,2024-09-16,2024-09-22,Cancelled,Booking.com,Double,1,0,GR,Leisure,142.27,5,810.94,0,15,121.64,810.94,Not charged,,Late arrival
BK001029,G00994,2025-02-03,2025-02-12,2025-02-15,Cancelled,Booking.com,Suite,2,0,IT,Leisure,175.86,0,527.58,0,15,79.14,527.58,Not charged,,
BK002361,G02305,2024-11-11,2025-01-26,2025-01-31,No-show,Booking.com,Suite,1,0,IT,Leisure,153.59,0,767.95,0,15,115.19,767.95,Not charged,,
BK001621,G00239,2025-01-04,2025-02-22,2025-02-26,Cancelled,Booking.com,Suite,1,2,NL,Business,190.17,10,684.61,0,15,102.69,684.61,Not charged,,
BK000852,G00895,2023-11-21,2024-01-14,2024-01-19,Cancelled,Booking.com,Single,1,0,GB,Leisure,66.51,0,332.55,0,15,49.88,332.55,Not charged,,Late arrival
BK000086,G00873,2025-11-06,2025-12-19,2025-12-25,Cancelled,Booking.com,Double,1,0,GR,Leisure,113.72,10,614.09,0,15,92.11,614.09,Not charged,,Quiet room
BK000315,G01473,2024-07-30,2024-11-25,2024-11-30,Cancelled,Booking.com,Double,2,0,GB,Leisure,105.16,0,525.8,0,15,78.87,525.8,Not charged,,Baby cot
BK002452,G02210,2023-11-25,2024-05-23,2024-05-26,No-show,Booking.com,Double,2,0,FR,Leisure,100.73,10,271.97,0,15,40.8,271.97,Not charged,,Quiet room
BK002075,G00509,2024-05-11,2024-08-08,2024-08-12,Cancelled,Booking.com,Single,1,0,GR,Leisure,87.16,0,348.64,0,15,52.3,348.64,Not charged,,Late arrival
BK001699,G00680,2025-02-07,2025-06-30,2025-07-07,Cancelled,Booking.com,Double,2,1,ES,Leisure,159.64,5,1061.61,0,15,159.24,1061.61,Not charged,,
BK002609,G00466,2024-12-28,2025-06-11,2025-06-18,Cancelled,Booking.com,Double,2,1,GR,Leisure,125.73,0,880.11,0,15,132.02,880.11,Not charged,,
BK002856,G00215,2025-04-24,2025-06-17,2025-06-22,Cancelled,Booking.com,Double,2,0,GR,Leisure,146.46,0,732.3,0,15,109.85,732.3,Not charged,,High floor
BK001349,G00870,2023-09-21,2024-01-04,2024-01-08,Cancelled,Booking.com,Double,1,2,GB,Business,94.39,5,358.68,0,15,53.8,358.68,Not charged,,
BK000240,G00230,2024-02-13,2024-08-10,2024-08-12,Cancelled,Booking.com,Single,1,0,DE,Leisure,86.59,10,155.86,0,15,23.38,155.86,Not charged,,
BK002249,G00977,2024-06-30,2024-08-25,2024-08-30,Cancelled,Booking.com,Double,1,0,IT,Leisure,156.65,10,704.93,0,15,105.74,704.93,Not charged,,Late arrival
BK000775,G02015,2024-06-05,2024-07-04,2024-07-08,No-show,Booking.com,Single,1,0,GB,Business,101.86,0,407.44,0,15,61.12,407.44,Not charged,,
BK002367,G00356,2023-08-10,2024-01-04,2024-01-06,Cancelled,Booking.com,Single,1,0,FR,Leisure,60.46,0,120.92,0,15,18.14,120.92,Not charged,,High floor
BK002322,G02185,2023-12-18,2024-05-28,2024-05-30,Cancelled,Booking.com,Single,1,0,DE,Leisure,71.08,0,142.16,0,15,21.32,142.16,Not charged,,Quiet room
BK001660,G01929,2025-05-30,2025-07-07,2025-07-09,Cancelled,Booking.com,Double,1,2,GR,Leisure,127.71,10,229.88,0,15,34.48,229.88,Not charged,,
BK000206,G01214,2024-07-16,2024-07-29,2024-08-01,Cancelled,Booking.com,Double,1,1,US,Business,164.55,15,419.6,0,15,62.94,419.6,Not charged,,
BK002479,G00339,2024-11-22,2025-03-28,2025-03-31,Cancelled,Booking.com,Double,1,0,GB,Leisure,98.71,0,296.13,0,15,44.42,296.13,Not charged,,Quiet room
BK001450,G00851,2024-07-14,2024-08-03,2024-08-05,Cancelled,Booking.com,Suite,1,0,FR,Leisure,284.92,0,569.84,0,15,85.48,569.84,Not charged,,
BK002371,G01094,2025-11-11,2025-11-19,2025-11-21,Cancelled,Booking.com,Double,1,0,GB,Business,99.81,0,199.62,0,15,29.94,199.62,Not charged,,Late arrival
BK002582,G00092,2023-12-05,2024-06-02,2024-06-12,Cancelled,Booking.com,Single,1,0,GR,Leisure,94.21,10,847.89,0,15,127.18,847.89,Not charged,,Baby cot
BK002817,G01355,2024-03-20,2024-06-14,2024-06-17,Cancelled,Booking.com,Double,2,0,GR,Leisure,149.3,0,447.9,0,15,67.19,447.9,Not charged,,Quiet room
BK000360,G01636,2024-07-17,2024-08-09,2024-08-13,Cancelled,Booking.com,Double,2,0,DE,Leisure,160.61,0,642.44,0,15,96.37,642.44,Not charged,,
BK000010,G02231,2023-12-18,2024-03-13,2024-03-20,Cancelled,Booking.com,Double,1,0,GB,Leisure,102.51,10,645.81,0,15,96.87,645.81,Not charged,,Quiet room
BK000154,G01400,2023-12-31,2024-04-08,2024-04-11,No-show,Booking.com,Suite,2,0,FR,Leisure,161.01,0,483.03,0,15,72.45,483.03,Not charged,,
BK002291,G02003,2025-08-30,2025-09-21,2025-09-24,Cancelled,Booking.com,Double,1,0,FR,Leisure,128.74,0,386.22,0,15,57.93,386.22,Not charged,,Quiet room
BK002245,G01732,2024-12-03,2025-01-16,2025-01-17,Cancelled,Booking.com,Double,2,0,IT,Leisure,88.86,0,88.86,0,15,13.33,88.86,Not charged,,High floor
BK000823,G00278,2025-07-14,2025-09-01,2025-09-04,Cancelled,Booking.com,Double,2,0,GR,Leisure,130.21,5,371.1,0,15,55.67,371.1,Not charged,,High floor
BK002254,G02400,2024-03-10,2024-04-09,2024-04-16,Cancelled,Booking.com,Double,2,0,GB,Business,87.42,5,581.34,0,15,87.2,581.34,Not charged,,Quiet room
BK001402,G00509,2025-04-25,2025-06-27,2025-07-01,Cancelled,Booking.com,Double,1,1,NL,Leisure,156.45,5,594.51,0,15,89.18,594.51,Not charged,,High floor
BK002794,G00503,2024-07-29,2024-08-17,2024-08-19,Cancelled,Booking.com,Double,1,1,FR,Leisure,142.98,0,285.96,0,15,42.89,285.96,Not charged,,Quiet room
BK002685,G00745,2024-05-03,2024-07-19,2024-07-22,Cancelled,Booking.com,Single,1,0,GB,Leisure,98.04,0,294.12,0,15,44.12,294.12,Not charged,,
BK000908,G00748,2024-06-11,2024-08-13,2024-08-16,No-show,Booking.com,Double,2,0,GR,Business,161.88,10,437.08,0,15,65.56,437.08,Not charged,,Baby cot
BK001130,G00702,2024-02-16,2024-06-05,2024-06-07,No-show,Booking.com,Single,1,0,US,Leisure,100.85,5,191.62,0,15,28.74,191.62,Not charged,,Quiet room
BK002177,G01743,2023-09-08,2024-01-13,2024-01-15,Cancelled,Booking.com,Double,2,0,DE,Leisure,104.52,0,209.04,0,15,31.36,209.04,Not charged,,High floor
BK000714,G00180,2024-09-21,2025-01-11,2025-01-15,Cancelled,Booking.com,Double,1,0,GB,Leisure,90.37,5,343.41,0,15,51.51,343.41,Not charged,,High floor
BK001419,G00959,2025-02-16,2025-05-27,2025-05-30,Cancelled,Booking.com,Single,1,0,GR,Leisure,61.18,0,183.54,0,15,27.53,183.54,Not charged,,
BK001286,G01197,2024-08-26,2024-10-15,2024-10-18,Cancelled,Booking.com,Double,1,0,FR,Leisure,97.04,5,276.56,0,15,41.48,276.56,Not charged,,
BK000065,G00557,2024-06-25,2024-10-28,2024-10-30,Cancelled,Booking.com,Double,2,0,IT,Leisure,92.53,15,157.3,0,15,23.6,157.3,Not charged,,
BK002105,G00920,2024-03-02,2024-03-13,2024-03-17,Cancelled,Booking.com,Single,1,0,FR,Leisure,60.96,0,243.84,0,15,36.58,243.84,Not charged,,Baby cot
BK001665,G00694,2025-08-17,2025-11-24,2025-12-04,Cancelled,Booking.com,Double,2,0,GB,Leisure,114.53,10,1030.77,0,15,154.62,1030.77,Not charged,,
BK002219,G02367,2024-11-20,2024-11-28,2024-12-03,Cancelled,Booking.com,Double,2,0,GR,Business,99.54,0,497.7,0,15,74.66,497.7,Not charged,,High floor
BK002777,G01706,2024-08-26,2024-11-27,2024-11-30,Cancelled,Booking.com,Double,2,1,GB,Business,102.29,0,306.87,0,15,46.03,306.87,Not charged,,Baby cot
BK001925,G02125,2024-10-17,2025-01-19,2025-01-24,Cancelled,Booking.com,Double,1,0,GR,Business,103.1,0,515.5,0,15,77.33,515.5,Not charged,,
BK001568,G00616,2025-06-17,2025-08-10,2025-08-13,Cancelled,Booking.com,Single,1,0,GB,Business,84.7,0,254.1,0,15,38.12,254.1,Not charged,,Quiet room
BK002681,G01291,2025-05-30,2025-08-31,2025-09-04,Cancelled,Booking.com,Suite,2,0,GR,Leisure,248.67,5,944.95,0,15,141.74,944.95,Not charged,,Late arrival
BK000098,G01221,2024-05-29,2024-08-19,2024-08-23,Cancelled,Booking.com,Double,2,0,GB,Leisure,148.12,5,562.86,0,15,84.43,562.86,Not charged,,High floor
BK000903,G00628,2024-07-22,2024-09-17,2024-09-22,No-show,Booking.com,Single,1,0,GB,Leisure,94.54,0,472.7,0,15,70.91,472.7,Not charged,,
BK002363,G01897,2025-04-24,2025-08-20,2025-08-23,Cancelled,Booking.com,Suite,1,1,ES,Leisure,234.91,0,704.73,0,15,105.71,704.73,Not charged,,High floor
BK001171,G00650,2024-07-10,2024-11-08,2024-11-10,Cancelled,Booking.com,Double,2,1,GB,Leisure,101.65,0,203.3,0,15,30.5,203.3,Not charged,,Baby cot
BK000368,G00911,2024-03-03,2024-07-17,2024-07-19,Cancelled,Booking.com,Double,1,1,GR,Leisure,147.28,0,294.56,0,15,44.18,294.56,Not charged,,
BK000748,G00242,2025-06-03,2025-07-05,2025-07-10,Cancelled,Booking.com,Double,2,0,DE,Leisure,164.73,0,823.65,0,15,123.55,823.65,Not charged,,High floor
BK000781,G01493,2024-04-13,2024-05-28,2024-06-01,Cancelled,Booking.com,Double,2,0,IT,Leisure,97.8,15,332.52,0,15,49.88,332.52,Not charged,,
BK000329,G02381,2025-06-10,2025-08-18,2025-08-21,Cancelled,Booking.com,Single,1,0,GB,Business,105.98,10,286.15,0,15,42.92,286.15,Not charged,,Late arrival
BK002142,G00498,2024-08-03,2024-12-31,2025-01-02,Cancelled,Booking.com,Double,1,0,GR,Leisure,111.98,0,223.96,0,15,33.59,223.96,Not charged,,High floor
BK002270,G01282,2024-01-13,2024-01-14,2024-01-17,Cancelled,Booking.com,Double,1,0,GR,Leisure,86.76,0,260.28,0,15,39.04,260.28,Not charged,,
BK002986,G02251,2024-06-30,2024-08-27,2024-09-02,Cancelled,Booking.com,Double,1,0,US,Leisure,124.02,0,744.12,0,15,111.62,744.12,Not charged,,Quiet room
BK000139,G01493,2025-04-29,2025-07-20,2025-07-26,Cancelled,Booking.com,Double,1,0,NL,Leisure,136.32,0,817.92,0,15,122.69,817.92,Not charged,,
BK000018,G01513,2025-04-22,2025-07-27,2025-07-30,No-show,Booking.com,Double,2,0,DE,Leisure,145.7,5,415.25,0,15,62.29,415.25,Not charged,,
BK002165,G00028,2023-12-22,2024-01-25,2024-01-28,Cancelled,Booking.com,Double,1,2,DE,Leisure,90.38,0,271.14,0,15,40.67,271.14,Not charged,,Quiet room
BK002661,G01469,2025-04-18,2025-09-08,2025-09-13,Cancelled,Booking.com,Double,1,1,GR,Leisure,156.93,0,784.65,0,15,117.7,784.65,Not charged,,High floor
BK002859,G01127,2025-08-25,2025-11-07,2025-11-08,Cancelled,Booking.com,Single,1,0,DE,Leisure,73.4,0,73.4,0,15,11.01,73.4,Not charged,,Late arrival
BK000602,G00242,2025-01-25,2025-02-14,2025-02-18,Cancelled,Booking.com,Double,2,0,DE,Business,98.16,10,353.38,0,15,53.01,353.38,Not charged,,High floor
BK002704,G01923,2024-04-17,2024-05-01,2024-05-04,Cancelled,Booking.com,Suite,1,0,GR,Business,187.23,0,561.69,0,15,84.25,561.69,Not charged,,
BK001358,G01212,2025-06-24,2025-09-01,2025-09-03,Cancelled,Booking.com,Single,1,0,IT,Leisure,94.59,0,189.18,0,15,28.38,189.18,Not charged,,
BK001320,G00101,2025-04-04,2025-09-14,2025-09-19,Cancelled,Booking.com,Suite,1,0,GR,Leisure,252.17,0,1260.85,0,15,189.13,1260.85,Not charged,,Baby cot
BK002871,G02238,2024-03-26,2024-08-28,2024-08-29,Cancelled,Booking.com,Suite,2,0,GR,Leisure,255.02,0,255.02,0,15,38.25,255.02,Not charged,,High floor
BK001589,G00016,2024-08-11,2024-11-03,2024-11-05,Cancelled,Booking.com,Suite,1,0,GR,Leisure,193.39,0,386.78,0,15,58.02,386.78,Not charged,,High floor
BK001911,G02260,2025-01-20,2025-04-15,2025-04-21,Cancelled,Booking.com,Double,2,0,GR,Leisure,105.34,0,632.04,0,15,94.81,632.04,Not charged,,High floor
BK000435,G01396,2024-07-19,2024-09-25,2024-09-28,Cancelled,Booking.com,Single,1,0,GR,Leisure,103.02,10,278.15,0,15,41.72,278.15,Not charged,,Late arrival
BK000373,G01985,2023-10-26,2024-02-07,2024-02-13,Cancelled,Booking.com,Single,1,0,DE,Leisure,59.15,0,354.9,0,15,53.24,354.9,Not charged,,
BK001573,G01056,2025-05-29,2025-10-26,2025-10-31,Cancelled,Booking.com,Single,1,0,IT,Leisure,60.64,10,272.88,0,15,40.93,272.88,Not charged,,High floor
BK001508,G01170,2025-06-11,2025-10-31,2025-11-03,Cancelled,Booking.com,Double,1,0,GR,Leisure,111.0,0,333.0,0,15,49.95,333.0,Not charged,,
BK001080,G00200,2024-06-11,2024-11-20,2024-11-24,Cancelled,Booking.com,Double,2,0,NL,Leisure,85.43,0,341.72,0,15,51.26,341.72,Not charged,,High floor
BK002895,G01788,2024-12-05,2024-12-27,2024-12-29,Cancelled,Booking.com,Double,1,1,GR,Leisure,111.7,0,223.4,0,15,33.51,223.4,Not charged,,Quiet room
BK000834,G00154,2024-02-14,2024-04-15,2024-04-18,Cancelled,Booking.com,Single,1,0,GB,Leisure,66.01,0,198.03,0,15,29.7,198.03,Not charged,,
BK001458,G01463,2025-09-08,2025-09-11,2025-09-15,Cancelled,Booking.com,Suite,1,0,GB,Leisure,277.86,5,1055.87,0,15,158.38,1055.87,Not charged,,High floor
BK002884,G02020,2025-04-10,2025-08-12,2025-08-15,Cancelled,Booking.com,Single,1,0,GR,Leisure,83.95,0,251.85,0,15,37.78,251.85,Not charged,,High floor
BK002121,G00781,2025-11-05,2025-12-17,2025-12-20,Cancelled,Booking.com,Double,2,0,ES,Business,91.79,10,247.83,0,15,37.17,247.83,Not charged,,High floor
BK002224,G02251,2024-10-04,2025-02-20,2025-02-24,Cancelled,Booking.com,Double,2,2,DE,Leisure,98.54,0,394.16,0,15,59.12,394.16,Not charged,,Quiet room
BK000071,G00945,2023-11-14,2024-02-13,2024-02-15,Cancelled,Booking.com,Double,1,2,US,Leisure,90.41,10,162.74,0,15,24.41,162.74,Not charged,,Late arrival
BK002438,G00068,2025-05-14,2025-07-27,2025-08-01,Cancelled,Booking.com,Double,2,0,GR,Leisure,160.24,15,681.02,0,15,102.15,681.02,Not charged,,Quiet room
BK001281,G01592,2023-09-20,2024-03-16,2024-03-21,Cancelled,Booking.com,Double,2,0,US,Leisure,111.69,0,558.45,0,15,83.77,558.45,Not charged,,Late arrival
BK002758,G00915,2023-12-28,2024-06-10,2024-06-13,Cancelled,Booking.com,Double,1,0,DE,Leisure,127.28,0,381.84,0,15,57.28,381.84,Not charged,,
BK000934,G00506,2024-09-19,2024-11-23,2024-11-27,Cancelled,Booking.com,Single,1,0,US,Leisure,58.03,10,208.91,0,15,31.34,208.91,Not charged,,
BK002632,G02010,2025-03-17,2025-07-18,2025-07-22,Cancelled,Booking.com,Double,1,1,GR,Leisure,158.18,0,632.72,0,15,94.91,632.72,Not charged,,Quiet room
BK001397,G01690,2025-08-14,2025-10-31,2025-11-02,Cancelled,Booking.com,Double,2,0,FR,Leisure,104.8,15,178.16,0,15,26.72,178.16,Not charged,,Quiet room
BK001232,G00865,2024-11-25,2025-01-07,2025-01-11,Cancelled,Booking.com,Single,1,0,GB,Leisure,67.49,5,256.46,0,15,38.47,256.46,Not charged,,High floor
BK001988,G00938,2024-04-21,2024-07-28,2024-07-30,Cancelled,Booking.com,Single,1,0,DE,Leisure,82.58,0,165.16,0,15,24.77,165.16,Not charged,,High floor
BK002572,G00578,2024-08-29,2024-10-18,2024-10-20,Cancelled,Booking.com,Double,2,0,GR,Business,86.24,10,155.23,0,15,23.28,155.23,Not charged,,Quiet room
BK001373,G01794,2024-09-04,2025-01-05,2025-01-06,Cancelled,Booking.com,Single,1,0,GR,Leisure,67.47,5,64.1,0,15,9.61,64.1,Not charged,,Late arrival
BK002928,G00365,2025-06-19,2025-07-04,2025-07-11,Cancelled,Booking.com,Single,1,0,US,Leisure,99.54,0,696.78,0,15,104.52,696.78,Not charged,,
BK001083,G00237,2025-04-18,2025-08-07,2025-08-09,Cancelled,Booking.com,Suite,1,0,ES,Leisure,223.01,5,423.72,0,15,63.56,423.72,Not charged,,
BK000995,G01829,2024-09-20,2024-10-04,2024-10-09,Cancelled,Booking.com,Double,2,0,GR,Business,93.19,10,419.36,0,15,62.9,419.36,Not charged,,
BK000893,G01792,2025-01-16,2025-06-12,2025-06-13,Cancelled,Booking.com,Double,2,0,GB,Leisure,152.35,0,152.35,0,15,22.85,152.35,Not charged,,Quiet room
BK000954,G02281,2024-05-23,2024-07-31,2024-08-02,Cancelled,Booking.com,Single,1,0,DE,Business,99.1,0,198.2,0,15,29.73,198.2,Not charged,,
BK000359,G01448,2023-10-17,2024-01-04,2024-01-10,Cancelled,Booking.com,Single,1,0,GB,Business,63.51,10,342.95,0,15,51.44,342.95,Not charged,,Late arrival
BK000444,G00663,2025-02-14,2025-07-24,2025-07-26,No-show,Booking.com,Suite,1,0,US,Leisure,224.33,0,448.66,0,15,67.3,448.66,Not charged,,Baby cot
BK000512,G00405,2025-02-02,2025-06-14,2025-06-21,No-show,Booking.com,Suite,2,0,GR,Leisure,261.48,5,1738.84,0,15,260.83,1738.84,Not charged,,
BK002320,G01607,2024-03-28,2024-06-11,2024-06-15,Cancelled,Booking.com,Single,1,0,FR,Leisure,85.52,0,342.08,0,15,51.31,342.08,Not charged,,Quiet room
BK000886,G00981,2024-03-25,2024-08-16,2024-08-19,Cancelled,Booking.com,Single,1,0,GR,Leisure,97.76,10,263.95,0,15,39.59,263.95,Not charged,,
BK002108,G01142,2024-07-04,2024-09-15,2024-09-19,Cancelled,Booking.com,Double,1,0,DE,Leisure,128.39,0,513.56,0,15,77.03,513.56,Not charged,,Late arrival
BK000723,G00717,2025-11-07,2025-11-11,2025-11-15,Cancelled,Booking.com,Double,2,0,DE,Leisure,102.26,0,409.04,0,15,61.36,409.04,Not charged,,
BK000431,G02061,2024-06-19,2024-08-13,2024-08-17,Cancelled,Booking.com,Single,1,0,US,Leisure,101.79,10,366.44,0,15,54.97,366.44,Not charged,,Baby cot
BK002130,G01661,2025-06-10,2025-10-18,2025-10-25,Cancelled,Booking.com,Double,1,0,NL,Leisure,108.98,0,762.86,0,15,114.43,762.86,Not charged,,Quiet room
BK001811,G00298,2024-05-24,2024-11-16,2024-11-18,Cancelled,Booking.com,Double,1,0,GR,Leisure,101.67,5,193.17,0,15,28.98,193.17,Not charged,,Late arrival
BK002114,G00428,2025-01-26,2025-06-28,2025-07-03,Cancelled,Booking.com,Single,1,0,FR,Leisure,105.47,0,527.35,0,15,79.1,527.35,Not charged,,Late arrival
BK002896,G00234,2024-05-12,2024-08-05,2024-08-09,Cancelled,Booking.com,Single,1,0,GB,Leisure,99.09,5,376.54,0,15,56.48,376.54,Not charged,,
BK002689,G01356,2023-11-17,2024-04-19,2024-04-26,Cancelled,Booking.com,Suite,1,0,,Leisure,194.24,0,1359.68,0,15,203.95,1359.68,Not charged,,
BK000332,G02221,2024-09-10,2025-02-20,2025-02-22,Cancelled,Booking.com,Double,1,0,GB,Leisure,113.49,15,192.93,0,15,28.94,192.93,Not charged,,High floor
BK002443,G01308,2024-04-13,2024-09-18,2024-09-19,Cancelled,Booking.com,Double,1,0,US,Leisure,145.02,0,145.02,0,15,21.75,145.02,Not charged,,High floor
BK001584,G01793,2024-08-16,2024-09-01,2024-09-05,Cancelled,Booking.com,Double,2,0,IT,Leisure,146.29,0,585.16,0,15,87.77,585.16,Not charged,,High floor
BK002901,G01686,2025-03-31,2025-06-12,2025-06-14,Cancelled,Booking.com,Suite,2,0,IT,Leisure,291.81,10,525.26,0,15,78.79,525.26,Not charged,,Quiet room
BK002961,G02362,2024-09-11,2024-09-17,2024-09-19,Cancelled,Booking.com,Double,2,0,GR,Leisure,142.23,0,284.46,0,15,42.67,284.46,Not charged,,
BK001753,G01332,2024-06-07,2024-09-12,2024-09-13,Cancelled,Booking.com,Double,2,0,GR,Leisure,133.15,5,126.49,0,15,18.97,126.49,Not charged,,Baby cot
BK001850,G02236,2023-11-22,2024-02-17,2024-02-19,Cancelled,Booking.com,Double,2,0,FR,Leisure,95.63,0,191.26,0,15,28.69,191.26,Not charged,,Late arrival
BK002136,G01580,2024-07-12,2024-10-23,2024-10-27,Cancelled,Booking.com,Double,2,0,DE,Leisure,89.56,0,358.24,0,15,53.74,358.24,Not charged,,Baby cot
BK002674,G00466,2024-12-12,2025-01-08,2025-01-11,Cancelled,Booking.com,Single,1,0,DE,Business,68.05,0,204.15,0,15,30.62,204.15,Not charged,,
BK001211,G00658,2023-10-01,2024-01-08,2024-01-15,Cancelled,Booking.com,Double,1,0,FR,Leisure,107.49,10,677.19,0,15,101.58,677.19,Not charged,,
BK000815,G01967,2024-12-17,2025-02-02,2025-02-05,No-show,Booking.com,Double,2,0,DE,Leisure,90.6,0,271.8,0,15,40.77,271.8,Not charged,,Late arrival
BK002473,G00926,2024-02-07,2024-05-17,2024-05-22,Cancelled,Booking.com,Suite,1,0,GB,Leisure,199.49,10,897.71,0,15,134.66,897.71,Not charged,,Late arrival
BK000210,G00346,2024-07-03,2024-07-17,2024-07-19,Cancelled,Booking.com,Double,1,0,GR,Leisure,145.61,0,291.22,0,15,43.68,291.22,Not charged,,
BK001243,G00823,2023-10-25,2024-01-31,2024-02-03,Cancelled,Booking.com,Single,1,0,DE,Leisure,73.62,0,220.86,0,15,33.13,220.86,Not charged,,Late arrival
BK001588,G01362,2025-07-12,2025-12-21,2025-12-22,Cancelled,Booking.com,Double,1,0,GR,Leisure,99.38,5,94.41,0,15,14.16,94.41,Not charged,,Late arrival
BK000405,G00674,2024-01-07,2024-04-23,2024-04-26,Cancelled,Booking.com,Single,1,0,US,Leisure,74.29,0,222.87,0,15,33.43,222.87,Not charged,,Baby cot
BK001137,G01526,2025-02-19,2025-04-03,2025-04-07,Cancelled,Booking.com,Double,1,0,GB,Leisure,112.26,10,404.14,0,15,60.62,404.14,Not charged,,High floor
BK002867,G01123,2024-02-06,2024-02-17,2024-02-24,Cancelled,Booking.com,Double,2,0,US,Leisure,101.12,0,707.84,0,15,106.18,707.84,Not charged,,Quiet room
BK000465,G01792,2025-08-16,2025-09-13,2025-09-20,Cancelled,Booking.com,Single,1,0,GR,Leisure,80.18,0,561.26,0,15,84.19,561.26,Not charged,,
BK001591,G00238,2024-08-25,2024-10-14,2024-10-18,Cancelled,Booking.com,Suite,2,0,ES,Leisure,154.44,0,617.76,0,15,92.66,617.76,Not charged,,Quiet room
BK001555,G02283,2024-03-09,2024-09-04,2024-09-07,No-show,Booking.com,Suite,2,0,GB,Leisure,251.55,0,754.65,0,15,113.2,754.65,Not charged,,Quiet room
BK001384,G01169,2024-06-12,2024-09-15,2024-09-18,Cancelled,Booking.com,Double,2,0,NL,Leisure,134.98,5,384.69,0,15,57.7,384.69,Not charged,,Baby cot
BK001489,G01700,2025-12-17,2025-12-23,2025-12-28,Cancelled,Booking.com,Double,1,0,GR,Leisure,86.56,0,432.8,0,15,64.92,432.8,Not charged,,High floor
BK001823,G00944,2024-05-18,2024-06-24,2024-06-25,Cancelled,Booking.com,Suite,1,0,FR,Leisure,285.43,10,256.89,0,15,38.53,256.89,Not charged,,Late arrival
BK000294,G02206,2024-03-16,2024-06-05,2024-06-15,Cancelled,Booking.com,Double,2,0,GB,Leisure,128.83,0,1288.3,0,15,193.25,1288.3,Not charged,,Baby cot
BK000314,G01958,2024-11-24,2025-01-29,2025-02-01,Cancelled,Booking.com,Suite,1,0,US,Leisure,168.04,10,453.71,0,15,68.06,453.71,Not charged,,
BK002129,G00471,2025-03-07,2025-06-08,2025-06-12,Cancelled,Booking.com,Double,1,0,GB,Leisure,160.69,15,546.35,0,15,81.95,546.35,Not charged,,
BK002897,G00145,2024-06-10,2024-07-13,2024-07-19,Cancelled,Booking.com,Double,1,0,NL,Leisure,135.83,0,814.98,0,15,122.25,814.98,Not charged,,High floor
BK002430,G00189,2024-05-09,2024-10-27,2024-10-31,Cancelled,Booking.com,Double,2,1,GB,Leisure,86.31,10,310.72,0,15,46.61,310.72,Not charged,,
BK001664,G01949,2025-03-27,2025-08-31,2025-09-02,Cancelled,Booking.com,Suite,2,0,US,Leisure,268.89,0,537.78,0,15,80.67,537.78,Not charged,,Baby cot
BK002987,G01742,2024-05-20,2024-05-27,2024-06-01,Cancelled,Booking.com,Suite,2,1,US,Leisure,185.99,0,929.95,0,15,139.49,929.95,Not charged,,Late arrival
BK000618,G00056,2025-08-11,2025-12-12,2025-12-15,Cancelled,Booking.com,Single,1,0,ES,Leisure,65.38,5,186.33,0,15,27.95,186.33,Not charged,,
BK001445,G00649,2023-12-18,2024-03-12,2024-03-15,Cancelled,Booking.com,Double,2,0,ES,Leisure,103.72,5,295.6,0,15,44.34,295.6,Not charged,,High floor
BK002194,G00093,2025-04-20,2025-09-04,2025-09-06,Cancelled,Booking.com,Single,1,0,FR,Leisure,103.1,0,206.2,0,15,30.93,206.2,Not charged,,Late arrival
BK000638,G02191,2025-01-29,2025-07-03,2025-07-05,Cancelled,Booking.com,Double,1,0,ES,Leisure,138.12,0,276.24,0,15,41.44,276.24,Not charged,,Baby cot
BK001706,G02178,2024-06-15,2024-12-11,2024-12-13,Cancelled,Booking.com,Double,1,0,IT,Leisure,87.79,0,175.58,0,15,26.34,175.58,Not charged,,
BK002279,G00006,2025-03-12,2025-05-05,2025-05-09,Cancelled,Booking.com,Double,2,0,DE,Leisure,94.66,0,378.64,0,15,56.8,378.64,Not charged,,Baby cot
BK002649,G00955,2024-03-13,2024-07-19,2024-07-22,Cancelled,Booking.com,Double,1,0,GB,Leisure,135.42,0,406.26,0,15,60.94,406.26,Not charged,,High floor
BK002535,G01945,2024-09-02,2025-01-11,2025-01-14,Cancelled,Booking.com,Double,2,0,US,Business,96.35,5,274.6,0,15,41.19,274.6,Not charged,,Late arrival
BK000167,G00226,2024-09-05,2024-10-24,2024-10-27,Cancelled,Booking.com,Double,1,0,ES,Leisure,90.6,0,271.8,0,15,40.77,271.8,Not charged,,Quiet room
BK000284,G00511,2025-06-18,2025-10-15,2025-10-19,Cancelled,Booking.com,Double,1,0,GR,Business,96.99,0,387.96,0,15,58.19,387.96,Not charged,,
BK002206,G01329,2024-08-16,2024-12-23,2024-12-26,Cancelled,Booking.com,Suite,1,0,ES,Leisure,165.38,10,446.53,0,15,66.98,446.53,Not charged,,Baby cot
BK000783,G01513,2024-04-23,2024-05-06,2024-05-10,Cancelled,Booking.com,Suite,1,0,GR,Leisure,160.87,0,643.48,0,15,96.52,643.48,Not charged,,
BK002063,G02136,2025-12-09,2025-12-30,2026-01-01,Cancelled,Booking.com,Double,1,0,GR,Business,114.15,10,205.47,0,15,30.82,205.47,Not charged,,High floor
BK000543,G02141,2024-08-04,2024-09-21,2024-09-22,Cancelled,Booking.com,Double,2,2,GR,Leisure,144.66,0,144.66,0,15,21.7,144.66,Not charged,,Baby cot
BK000639,G02081,2025-01-03,2025-06-01,2025-06-08,Cancelled,Booking.com,Double,2,0,DE,Leisure,146.43,0,1025.01,0,15,153.75,1025.01,Not charged,,Baby cot
BK000679,G00321,2023-12-23,2024-04-14,2024-04-24,Cancelled,Booking.com,Double,2,0,GB,Leisure,100.59,0,1005.9,0,15,150.89,1005.9,Not charged,,Late arrival
BK000719,G00944,2025-05-20,2025-09-02,2025-09-03,No-show,Booking.com,Double,2,0,GR,Business,128.65,0,128.65,0,15,19.3,128.65,Not charged,,Late arrival
BK000633,G01019,2025-05-27,2025-09-08,2025-09-14,Cancelled,Booking.com,Double,1,0,NL,Leisure,145.11,10,783.59,0,15,117.54,783.59,Not charged,,Quiet room
BK002064,G00411,2024-08-15,2024-10-31,2024-11-02,Cancelled,Booking.com,Double,2,0,NL,Leisure,85.41,0,170.82,0,15,25.62,170.82,Not charged,,Quiet room
BK001155,G00871,2024-11-05,2025-04-02,2025-04-07,Cancelled,Booking.com,Double,2,0,DE,Leisure,103.5,0,517.5,0,15,77.63,517.5,Not charged,,High floor
BK000389,G01126,2024-12-01,2025-03-08,2025-03-09,Cancelled,Booking.com,Double,2,1,IT,Business,101.26,10,91.13,0,15,13.67,91.13,Not charged,,High floor
BK000274,G01877,2023-11-24,2024-05-17,2024-05-27,Cancelled,Booking.com,Double,1,0,GB,Leisure,91.56,0,915.6,0,15,137.34,915.6,Not charged,,
BK000825,G01626,2023-11-27,2024-03-29,2024-04-08,Cancelled,Booking.com,Double,1,0,GB,Leisure,98.71,0,987.1,0,15,148.07,987.1,Not charged,,Late arrival
BK002717,G02320,2024-12-28,2025-06-04,2025-06-11,Cancelled,Booking.com,Double,1,0,DE,Business,163.68,10,1031.18,0,15,154.68,1031.18,Not charged,,Quiet room
BK002888,G00857,2024-07-06,2024-09-19,2024-09-23,Cancelled,Booking.com,Double,1,0,FR,Leisure,137.92,0,551.68,0,15,82.75,551.68,Not charged,,Quiet room
BK002297,G02188,2025-09-24,2025-12-21,2025-12-23,Cancelled,Booking.com,Suite,1,1,GR,Leisure,166.06,0,332.12,0,15,49.82,332.12,Not charged,,Late arrival
BK000478,G00021,2025-04-06,2025-07-11,2025-07-14,Cancelled,Booking.com,Double,2,0,NL,Business,164.12,5,467.74,0,15,70.16,467.74,Not charged,,Quiet room
BK002573,G02304,2024-04-24,2024-06-19,2024-06-25,Cancelled,Booking.com,Single,1,0,DE,Business,103.46,5,589.72,0,15,88.46,589.72,Not charged,,
BK000213,G02394,2024-03-09,2024-05-04,2024-05-07,Cancelled,Booking.com,Double,1,0,ES,Leisure,88.03,5,250.89,0,15,37.63,250.89,Not charged,,
BK002663,G00624,2024-11-28,2025-03-14,2025-03-21,Cancelled,Booking.com,Double,1,0,IT,Leisure,95.99,0,671.93,0,15,100.79,671.93,Not charged,,Late arrival
BK000776,G02090,2024-04-16,2024-08-01,2024-08-04,Cancelled,Booking.com,Single,1,0,DE,Leisure,87.75,0,263.25,0,15,39.49,263.25,Not charged,,Late arrival
BK000799,G00997,2024-10-02,2025-03-29,2025-03-31,Cancelled,Booking.com,Double,2,0,IT,Leisure,89.59,0,179.18,0,15,26.88,179.18,Not charged,,High floor
BK001885,G00128,2024-11-02,2025-02-06,2025-02-10,Cancelled,Booking.com,Double,2,0,GR,Leisure,108.46,5,412.15,0,15,61.82,412.15,Not charged,,
BK001757,G02052,2024-04-26,2024-08-30,2024-09-02,Cancelled,Booking.com,Double,1,0,GB,Leisure,139.09,0,417.27,0,15,62.59,417.27,Not charged,,High floor
BK001671,G00923,2025-02-25,2025-06-16,2025-06-19,No-show,Booking.com,Double,1,1,DE,Leisure,124.49,0,373.47,0,15,56.02,373.47,Not charged,,Late arrival
BK000081,G02062,2024-06-02,2024-09-14,2024-09-16,Cancelled,Booking.com,Double,2,1,IT,Leisure,139.94,10,251.89,0,15,37.78,251.89,Not charged,,
BK002738,G01606,2025-07-19,2025-07-24,2025-07-28,Cancelled,Booking.com,Single,1,0,GB,Leisure,106.91,0,427.64,0,15,64.15,427.64,Not charged,,
BK001156,G01051,2024-02-29,2024-08-12,2024-08-14,Cancelled,Booking.com,Double,1,0,GR,Leisure,164.77,0,329.54,0,15,49.43,329.54,Not charged,,
BK002059,G01877,2023-11-02,2024-04-11,2024-04-14,Cancelled,Booking.com,Suite,1,0,GB,Leisure,175.83,0,527.49,0,15,79.12,527.49,Not charged,,Late arrival
BK001111,G02365,2024-03-31,2024-07-16,2024-07-22,Cancelled,Booking.com,Suite,1,0,DE,Leisure,249.68,5,1423.18,0,15,213.48,1423.18,Not charged,,High floor
BK001938,G01365,2025-04-14,2025-08-29,2025-09-08,Cancelled,Booking.com,Double,2,0,GR,Leisure,153.73,0,1537.3,0,15,230.6,1537.3,Not charged,,Quiet room
BK000836,G01908,2024-06-29,2024-10-07,2024-10-10,Cancelled,Booking.com,Suite,2,2,DE,Leisure,155.75,0,467.25,0,15,70.09,467.25,Not charged,,High floor
BK000705,G00677,2024-06-27,2024-07-29,2024-08-01,No-show,Booking.com,Single,1,0,FR,Leisure,87.42,0,262.26,0,15,39.34,262.26,Not charged,,Late arrival
BK000083,G01211,2024-04-08,2024-09-12,2024-09-16,Cancelled,Booking.com,Double,1,0,IT,Business,133.48,0,533.92,0,15,80.09,533.92,Not charged,,
BK002393,G00457,2025-04-22,2025-09-20,2025-09-27,Cancelled,Booking.com,Suite,2,0,GR,Leisure,249.15,0,1744.05,0,15,261.61,1744.05,Not charged,,Late arrival
BK002655,G01134,2025-05-30,2025-10-25,2025-11-01,No-show,Booking.com,Suite,2,0,US,Business,168.39,10,1060.86,0,15,159.13,1060.86,Not charged,,Quiet room
BK000348,G00179,2024-02-04,2024-02-15,2024-02-25,Cancelled,Booking.com,Single,1,0,GR,Business,63.9,0,639.0,0,15,95.85,639.0,Not charged,,Baby cot
BK000108,G01237,2024-07-20,2024-12-02,2024-12-09,No-show,Booking.com,Suite,1,0,GR,Leisure,175.03,10,1102.69,0,15,165.4,1102.69,Not charged,,
BK000371,G00764,2025-06-16,2025-08-08,2025-08-10,Cancelled,Booking.com,Double,2,0,GB,Leisure,163.36,0,326.72,0,15,49.01,326.72,Not charged,,
BK002314,G00770,2025-08-02,2025-11-16,2025-11-23,No-show,Booking.com,Double,1,0,GB,Leisure,101.5,0,710.5,0,15,106.58,710.5,Not charged,,Baby cot
BK001366,G01780,2024-02-29,2024-08-09,2024-08-11,Cancelled,Booking.com,Double,2,0,GR,Leisure,134.3,0,268.6,0,15,40.29,268.6,Not charged,,
BK001446,G00839,2024-05-20,2024-09-29,2024-10-04,No-show,Booking.com,Double,1,0,GR,Leisure,161.07,10,724.81,0,15,108.72,724.81,Not charged,,Baby cot
BK001291,G00729,2023-12-05,2024-04-26,2024-04-28,Cancelled,Booking.com,Double,2,1,GB,Leisure,91.81,0,183.62,0,15,27.54,183.62,Not charged,,Baby cot
BK002960,G00423,2025-03-20,2025-03-24,2025-03-25,Cancelled,Booking.com,Double,1,0,GB,Business,107.73,0,107.73,0,15,16.16,107.73,Not charged,,Late arrival
BK002118,G00332,2023-10-24,2024-01-05,2024-01-09,Cancelled,Booking.com,Double,1,0,FR,Business,90.32,0,361.28,0,15,54.19,361.28,Not charged,,Late arrival
BK001903,G01239,2024-12-11,2025-05-24,2025-05-26,Cancelled,Booking.com,Double,2,0,NL,Business,102.92,0,205.84,0,15,30.88,205.84,Not charged,,
BK001123,G00831,2024-07-28,2024-09-30,2024-10-03,Cancelled,Booking.com,Single,1,0,GR,Leisure,87.69,10,236.76,0,15,35.51,236.76,Not charged,,
BK000922,G02221,2023-08-09,2024-01-27,2024-01-30,Cancelled,Booking.com,Double,1,0,DE,Leisure,114.61,0,343.83,0,15,51.57,343.83,Not charged,,
BK000950,G00881,2024-05-09,2024-09-14,2024-09-18,No-show,Booking.com,Single,1,0,DE,Leisure,83.28,10,299.81,0,15,44.97,299.81,Not charged,,
BK002350,G00735,2024-05-20,2024-10-26,2024-10-28,Cancelled,Booking.com,Double,1,0,GB,Leisure,94.8,15,161.16,0,15,24.17,161.16,Not charged,,Late arrival
BK002752,G01506,2025-10-05,2025-11-26,2025-12-01,Cancelled,Booking.com,Double,2,0,GB,Leisure,113.73,0,568.65,0,15,85.3,568.65,Not charged,,Quiet room
BK001692,G01927,2025-07-09,2025-10-12,2025-10-14,Cancelled,Booking.com,Single,1,0,GR,Leisure,61.23,0,122.46,0,15,18.37,122.46,Not charged,,
BK001401,G00636,2024-08-03,2024-11-16,2024-11-23,Cancelled,Booking.com,Single,1,0,DE,Leisure,61.46,0,430.22,0,15,64.53,430.22,Not charged,,Quiet room
BK001623,G01427,2024-08-17,2024-11-20,2024-11-25,Cancelled,Booking.com,Double,2,1,GR,Leisure,111.98,15,475.92,0,15,71.39,475.92,Not charged,,Quiet room
BK001569,G00858,2024-07-04,2024-08-23,2024-08-25,Cancelled,Booking.com,Double,2,0,GR,Business,130.52,0,261.04,0,15,39.16,261.04,Not charged,,Baby cot
BK000980,G00468,2024-05-31,2024-07-14,2024-07-17,Cancelled,Booking.com,Double,1,0,GR,Leisure,126.25,0,378.75,0,15,56.81,378.75,Not charged,,Baby cot
BK002566,G00896,2023-12-31,2024-05-08,2024-05-11,Cancelled,Booking.com,Double,2,0,NL,Business,108.11,10,291.9,0,15,43.79,291.9,Not charged,,High floor
BK001613,G01842,2024-06-27,2024-10-10,2024-10-13,Cancelled,Booking.com,Suite,1,0,IT,Leisure,158.62,0,475.86,0,15,71.38,475.86,Not charged,,Quiet room
BK000045,G00772,2025-08-01,2025-11-30,2025-12-02,No-show,Booking.com,Single,1,0,IT,Leisure,60.29,10,108.52,0,15,16.28,108.52,Not charged,,
BK002190,G01854,2024-04-13,2024-06-14,2024-06-17,Cancelled,Booking.com,Suite,2,0,GB,Leisure,218.95,0,656.85,0,15,98.53,656.85,Not charged,,High floor
BK001225,G02348,2023-11-03,2024-01-06,2024-01-09,No-show,Booking.com,Double,1,0,NL,Leisure,102.18,0,306.54,0,15,45.98,306.54,Not charged,,Quiet room
BK001860,G01220,2024-06-05,2024-11-11,2024-11-12,Cancelled,Booking.com,Double,2,0,DE,Leisure,93.65,0,93.65,0,15,14.05,93.65,Not charged,,Quiet room
BK001344,G01343,2024-09-06,2025-01-13,2025-01-16,Cancelled,Booking.com,Double,1,0,NL,Leisure,90.88,0,272.64,0,15,40.9,272.64,Not charged,,Baby cot
BK000900,G02322,2025-10-06,2025-10-10,2025-10-20,Cancelled,Booking.com,Suite,2,0,DE,Leisure,160.66,0,1606.6,0,15,240.99,1606.6,Not charged,,Quiet room
BK000769,G01854,2024-06-02,2024-10-08,2024-10-12,Cancelled,Booking.com,Double,2,1,ES,Leisure,106.78,0,427.12,0,15,64.07,427.12,Not charged,,
BK001134,G00239,2024-07-31,2024-08-07,2024-08-12,Cancelled,Booking.com,Double,2,0,IT,Leisure,142.95,0,714.75,0,15,107.21,714.75,Not charged,,
BK002333,G01652,2024-04-04,2024-07-31,2024-08-03,Cancelled,Booking.com,Single,1,0,GB,Business,101.26,0,303.78,0,15,45.57,303.78,Not charged,,Baby cot
BK002404,G00888,2025-07-04,2025-08-25,2025-08-29,No-show,Booking.com,Single,1,0,DE,Leisure,88.15,0,352.6,0,15,52.89,352.6,Not charged,,
BK001256,G00870,2025-06-21,2025-08-16,2025-08-20,Cancelled,Booking.com,Double,1,0,GB,Leisure,148.6,0,594.4,0,15,89.16,594.4,Not charged,,High floor
BK002168,G01570,2024-07-26,2024-09-09,2024-09-13,Cancelled,Booking.com,Double,1,0,GR,Leisure,151.49,0,605.96,0,15,90.89,605.96,Not charged,,
BK001215,G01076,2024-02-04,2024-07-31,2024-08-03,Cancelled,Booking.com,Double,2,2,GR,Leisure,134.62,0,403.86,0,15,60.58,403.86,Not charged,,Late arrival
BK000610,G01146,2024-07-08,2024-10-12,2024-10-19,Cancelled,Booking.com,Suite,2,0,GR,Leisure,156.54,5,1040.99,0,15,156.15,1040.99,Not charged,,Late arrival
BK002215,G01573,2024-02-12,2024-06-21,2024-06-26,Cancelled,Booking.com,Double,1,0,IT,Leisure,157.03,0,785.15,0,15,117.77,785.15,Not charged,,Baby cot
BK002755,G01776,2024-04-24,2024-06-18,2024-06-20,Cancelled,Booking.com,Double,1,0,DE,Business,142.98,0,285.96,0,15,42.89,285.96,Not charged,,Quiet room
BK002974,G00258,2025-03-29,2025-06-25,2025-07-02,Cancelled,Booking.com,Single,1,0,GR,Leisure,89.14,0,623.98,0,15,93.6,623.98,Not charged,,
BK002972,G00075,2025-06-12,2025-07-22,2025-07-24,Cancelled,Booking.com,Double,1,0,DE,Business,157.56,0,315.12,0,15,47.27,315.12,Not charged,,
BK000470,G00028,2025-09-21,2025-11-30,2025-12-06,Cancelled,Booking.com,Suite,2,0,DE,Leisure,185.06,0,1110.36,0,15,166.55,1110.36,Not charged,,
BK002247,G01873,2025-04-24,2025-09-09,2025-09-14,Cancelled,Booking.com,Single,1,0,GR,Leisure,98.94,0,494.7,0,15,74.21,494.7,Not charged,,
BK000696,G01208,2024-06-28,2024-07-04,2024-07-05,Cancelled,Booking.com,Single,1,0,US,Leisure,102.88,0,102.88,0,15,15.43,102.88,Not charged,,High floor
BK000300,G01436,2024-11-30,2025-05-16,2025-05-20,Cancelled,Booking.com,Double,1,2,GR,Leisure,93.99,0,375.96,0,15,56.39,375.96,Not charged,,
BK002845,G01973,2024-05-15,2024-08-17,2024-08-18,No-show,Booking.com,Double,1,0,GR,Leisure,164.33,0,164.33,0,15,24.65,164.33,Not charged,,
BK000184,G01739,2024-04-17,2024-05-13,2024-05-15,Cancelled,Booking.com,Single,1,0,GR,Leisure,72.84,5,138.4,0,15,20.76,138.4,Not charged,,Late arrival
BK002079,G01053,2024-08-08,2024-08-19,2024-08-22,Cancelled,Booking.com,Suite,2,0,DE,Leisure,225.74,5,643.36,0,15,96.5,643.36,Not charged,,Late arrival
BK002873,G00787,2024-01-28,2024-06-16,2024-06-19,Cancelled,Booking.com,Single,1,0,FR,Leisure,82.87,0,248.61,0,15,37.29,248.61,Not charged,,Late arrival
BK002940,G00072,2024-07-06,2024-07-07,2024-07-08,Cancelled,Booking.com,Double,2,1,GB,Leisure,161.57,0,161.57,0,15,24.24,161.57,Not charged,,Quiet room
BK000747,G00127,2025-08-22,2025-10-17,2025-10-19,Cancelled,Booking.com,Double,1,0,GR,Leisure,102.48,0,204.96,0,15,30.74,204.96,Not charged,,High floor
BK002604,G00528,2025-03-01,2025-07-25,2025-07-27,Cancelled,Booking.com,Double,1,0,IT,Leisure,152.93,0,305.86,0,15,45.88,305.86,Not charged,,Late arrival
BK000967,G01807,2024-01-11,2024-06-25,2024-06-28,Cancelled,Booking.com,Double,2,0,GB,Leisure,163.2,10,440.64,0,15,66.1,440.64,Not charged,,High floor
BK001977,G02201,2023-12-02,2024-03-14,2024-03-20,Cancelled,Booking.com,Suite,2,0,IT,Leisure,159.12,10,859.25,0,15,128.89,859.25,Not charged,,Baby cot
BK001538,G01559,2024-07-09,2024-11-11,2024-11-16,Cancelled,Booking.com,Double,2,0,GB,Leisure,88.21,0,441.05,0,15,66.16,441.05,Not charged,,Quiet room
BK002993,G01221,2025-02-21,2025-08-14,2025-08-20,Cancelled,Booking.com,Double,1,1,GR,Leisure,134.85,0,809.1,0,15,121.37,809.1,Not charged,,Baby cot
BK000253,G01820,2024-07-12,2024-09-04,2024-09-06,Cancelled,Booking.com,Double,1,0,US,Business,158.51,5,301.17,0,15,45.18,301.17,Not charged,,Baby cot
BK001805,G00505,2023-11-11,2024-01-15,2024-01-22,Cancelled,Booking.com,Double,2,2,DE,Leisure,91.42,0,639.94,0,15,95.99,639.94,Not charged,,
BK002312,G02232,2025-01-06,2025-01-21,2025-01-24,Cancelled,Booking.com,Double,2,0,GB,Business,86.76,0,260.28,0,15,39.04,260.28,Not charged,,High floor
BK000151,G02397,2024-06-23,2024-10-27,2024-11-02,No-show,Booking.com,Single,1,0,GR,Leisure,62.11,0,372.66,0,15,55.9,372.66,Not charged,,Baby cot
BK001261,G00600,2024-12-02,2025-02-11,2025-02-14,Cancelled,Booking.com,Double,2,0,DE,Leisure,112.21,5,319.8,0,15,47.97,319.8,Not charged,,High floor
BK002643,G01244,2025-06-22,2025-08-06,2025-08-08,Cancelled,Booking.com,Double,1,0,DE,Leisure,163.44,0,326.88,0,15,49.03,326.88,Not charged,,Baby cot
BK002626,G00968,2024-03-17,2024-08-23,2024-08-29,No-show,Booking.com,Double,2,0,GR,Leisure,131.4,10,709.56,0,15,106.43,709.56,Not charged,,Baby cot
BK000751,G01306,2024-06-13,2024-06-17,2024-06-18,Cancelled,Booking.com,Double,2,0,GR,Leisure,142.84,15,121.41,0,15,18.21,121.41,Not charged,,
BK002918,G01782,2025-08-22,2025-12-16,2025-12-21,Cancelled,Booking.com,Double,2,0,GR,Leisure,113.36,0,566.8,0,15,85.02,566.8,Not charged,,Late arrival
BK001855,G01443,2024-03-23,2024-05-12,2024-05-14,Cancelled,Booking.com,Double,2,0,GR,Leisure,89.0,5,169.1,0,15,25.37,169.1,Not charged,,
BK000715,G01505,2024-02-29,2024-06-12,2024-06-17,Cancelled,Booking.com,Double,2,0,GB,Leisure,144.13,15,612.55,0,15,91.88,612.55,Not charged,,
BK002592,G00938,2024-03-24,2024-08-17,2024-08-22,Cancelled,Booking.com,Double,2,0,IT,Leisure,138.03,15,586.63,0,15,87.99,586.63,Not charged,,Quiet room
BK001466,G00832,2024-02-08,2024-05-05,2024-05-07,Cancelled,Booking.com,Single,1,0,GB,Leisure,65.78,0,131.56,0,15,19.73,131.56,Not charged,,Quiet room
BK002310,G00410,2025-06-30,2025-08-17,2025-08-22,Cancelled,Booking.com,Double,1,0,GB,Leisure,159.98,0,799.9,0,15,119.99,799.9,Not charged,,Quiet room
BK002013,G01149,2024-09-22,2024-10-04,2024-10-09,Cancelled,Booking.com,Double,1,0,DE,Leisure,110.79,0,553.95,0,15,83.09,553.95,Not charged,,
BK001459,G00585,2024-02-14,2024-07-20,2024-07-27,Cancelled,Booking.com,Double,1,0,FR,Leisure,130.61,5,868.56,0,15,130.28,868.56,Not charged,,High floor
BK002276,G01904,2024-04-17,2024-09-22,2024-09-29,Cancelled,Booking.com,Double,1,0,ES,Leisure,166.08,5,1104.43,0,15,165.66,1104.43,Not charged,,
BK002411,G01233,2025-07-22,2025-07-30,2025-08-06,Cancelled,Booking.com,Double,1,1,GR,Leisure,136.91,15,814.61,0,15,122.19,814.61,Not charged,,High floor
BK002591,G02302,2024-12-10,2024-12-17,2024-12-20,Cancelled,Booking.com,Single,1,0,GR,Leisure,66.23,5,188.76,0,15,28.31,188.76,Not charged,,Baby cot
BK000120,G02043,2025-03-21,2025-08-25,2025-08-29,Cancelled,Booking.com,Double,2,0,IT,Leisure,126.03,0,504.12,0,15,75.62,504.12,Not charged,,High floor
BK000614,G01113,2024-07-12,2025-01-03,2025-01-07,Cancelled,Booking.com,Suite,2,1,DE,Leisure,184.69,0,738.76,0,15,110.81,738.76,Not charged,,
BK000243,G00648,2024-02-07,2024-04-19,2024-04-26,Cancelled,Booking.com,Double,2,1,NL,Leisure,103.91,10,654.63,0,15,98.19,654.63,Not charged,,Quiet room
BK000817,G00134,2024-08-06,2024-11-21,2024-11-23,Cancelled,Booking.com,Double,2,0,GB,Leisure,90.55,0,181.1,0,15,27.17,181.1,Not charged,,
BK002415,G02169,2025-02-07,2025-06-16,2025-06-18,Cancelled,Booking.com,Single,1,0,FR,Leisure,84.16,10,151.49,0,15,22.72,151.49,Not charged,,Quiet room
BK002645,G01593,2025-10-11,2025-11-08,2025-11-13,Cancelled,Booking.com,Single,1,0,GB,Business,62.85,0,314.25,0,15,47.14,314.25,Not charged,,
BK000517,G01338,2023-12-06,2024-04-21,2024-04-24,Cancelled,Booking.com,Double,2,1,GB,Leisure,96.92,0,290.76,0,15,43.61,290.76,Not charged,,
BK001922,G00380,2024-03-27,2024-06-20,2024-06-21,Cancelled,Booking.com,Single,1,0,GR,Leisure,88.15,0,88.15,0,15,13.22,88.15,Not charged,,High floor
BK002490,G00674,2023-12-06,2024-03-13,2024-03-16,Cancelled,Booking.com,Double,2,0,FR,Leisure,113.38,10,306.13,0,15,45.92,306.13,Not charged,,
BK000971,G00956,2025-08-02,2025-12-16,2025-12-22,Cancelled,Booking.com,Single,1,0,DE,Leisure,63.0,0,378.0,0,15,56.7,378.0,Not charged,,Baby cot
BK001720,G00645,2024-07-02,2024-08-21,2024-08-25,Cancelled,Booking.com,Double,2,0,GR,Leisure,128.98,0,515.92,0,15,77.39,515.92,Not charged,,
BK002236,G01670,2025-04-17,2025-07-12,2025-07-14,Cancelled,Booking.com,Single,1,0,US,Leisure,90.24,5,171.46,0,15,25.72,171.46,Not charged,,Quiet room
BK000316,G01133,2023-11-01,2024-03-08,2024-03-14,Cancelled,Booking.com,Double,1,2,GR,Business,106.09,0,636.54,0,15,95.48,636.54,Not charged,,High floor
BK001754,G01042,2024-09-19,2025-02-28,2025-03-01,Cancelled,Booking.com,Double,2,1,DE,Business,105.23,10,94.71,0,15,14.21,94.71,Not charged,,Quiet room
BK001416,G01708,2024-12-27,2025-01-12,2025-01-15,Cancelled,Booking.com,Double,1,0,GB,Leisure,108.98,0,326.94,0,15,49.04,326.94,Not charged,,
BK001055,G00203,2025-01-20,2025-06-21,2025-06-23,No-show,Booking.com,Double,1,2,GR,Leisure,142.37,5,270.5,0,15,40.58,270.5,Not charged,,Late arrival
BK000450,G00035,2025-02-05,2025-05-10,2025-05-12,Cancelled,Booking.com,Double,1,0,GR,Leisure,114.01,0,228.02,0,15,34.2,228.02,Not charged,,Late arrival
BK000285,G02091,2024-05-07,2024-05-19,2024-05-22,Cancelled,Booking.com,Double,2,0,GB,Leisure,96.53,10,260.63,0,15,39.09,260.63,Not charged,,Quiet room
BK001882,G01382,2025-06-08,2025-09-21,2025-09-23,Cancelled,Booking.com,Double,1,0,GB,Leisure,152.07,15,258.52,0,15,38.78,258.52,Not charged,,
BK001269,G01018,2025-06-13,2025-07-07,2025-07-11,Cancelled,Booking.com,Double,1,0,GB,Leisure,126.94,0,507.76,0,15,76.16,507.76,Not charged,,
BK000678,G00575,2024-05-26,2024-08-21,2024-08-24,Cancelled,Booking.com,Double,2,0,FR,Leisure,154.56,10,417.31,0,15,62.6,417.31,Not charged,,Late arrival
BK002954,G01580,2025-06-13,2025-12-10,2025-12-13,Cancelled,Booking.com,Suite,1,0,GR,Leisure,179.16,10,483.73,0,15,72.56,483.73,Not charged,,High floor
BK001751,G00374,2024-12-03,2025-01-15,2025-01-19,Cancelled,Booking.com,Single,1,0,GR,Leisure,69.24,5,263.11,0,15,39.47,263.11,Not charged,,
BK000318,G02325,2024-06-21,2024-09-22,2024-09-26,Cancelled,Booking.com,Double,1,1,GR,Leisure,149.83,0,599.32,0,15,89.9,599.32,Not charged,,
BK001016,G02040,2025-03-12,2025-06-11,2025-06-14,Cancelled,Direct,Single,1,0,GR,Leisure,84.51,0,253.53,0,0,0.0,253.53,Not charged,,
BK000530,G01227,2024-11-30,2025-01-18,2025-01-25,Cancelled,Direct,Double,2,0,GR,Leisure,89.55,0,626.85,0,0,0.0,626.85,Not charged,,Quiet room
BK002665,G00746,2025-03-22,2025-09-02,2025-09-04,Cancelled,Direct,Double,1,0,GB,Leisure,155.75,15,264.78,0,0,0.0,264.78,Not charged,,
BK002408,G01468,2025-02-18,2025-06-15,2025-06-25,Cancelled,Direct,Double,1,0,GR,Leisure,124.65,0,1246.5,0,0,0.0,1246.5,Not charged,,
BK002123,G00408,2025-03-28,2025-07-27,2025-07-30,Cancelled,Direct,Suite,2,0,GB,Leisure,231.59,5,660.03,0,0,0.0,660.03,Not charged,,
BK000890,G00608,2024-12-04,2025-01-11,2025-01-15,No-show,Direct,Double,2,2,GR,Leisure,105.18,0,420.72,0,0,0.0,420.72,Not charged,,Quiet room
BK002244,G01591,2023-09-21,2024-03-19,2024-03-29,Cancelled,Direct,Suite,1,0,GB,Leisure,199.68,10,1797.12,0,0,0.0,1797.12,Not charged,,High floor
BK000160,G02031,2025-07-23,2025-11-30,2025-12-06,Cancelled,Direct,Double,2,0,NL,Leisure,97.04,0,582.24,0,0,0.0,582.24,Not charged,,Quiet room
BK001783,G00544,2023-12-23,2024-04-05,2024-04-12,Cancelled,Direct,Double,2,2,ES,Business,87.05,5,578.88,0,0,0.0,578.88,Not charged,,
BK002488,G01558,2025-05-29,2025-07-03,2025-07-10,Cancelled,Direct,Single,1,0,FR,Leisure,96.24,0,673.68,0,0,0.0,673.68,Not charged,,Late arrival
BK002448,G01368,2024-10-07,2024-12-08,2024-12-10,Cancelled,Direct,Double,2,1,GR,Leisure,92.45,0,184.9,0,0,0.0,184.9,Not charged,,
BK001565,G02025,2025-03-21,2025-08-11,2025-08-13,No-show,Direct,Double,2,0,GB,Business,142.1,0,284.2,0,0,0.0,284.2,Not charged,,Quiet room
BK001991,G01204,2025-04-17,2025-09-18,2025-09-21,No-show,Direct,Double,1,0,FR,Leisure,163.35,0,490.05,0,0,0.0,490.05,Not charged,,
BK002670,G01816,2024-05-04,2024-08-30,2024-09-03,Cancelled,Direct,Double,2,0,GR,Leisure,166.51,0,666.04,0,0,0.0,666.04,Not charged,,High floor
BK000320,G00885,2025-06-14,2025-09-02,2025-09-12,Cancelled,Direct,Single,1,0,GB,Business,82.58,0,825.8,0,0,0.0,825.8,Not charged,,Quiet room
BK002502,G02177,2024-10-04,2024-12-04,2024-12-08,Cancelled,Direct,Double,1,0,GR,Leisure,95.1,0,380.4,0,0,0.0,380.4,Not charged,,High floor
BK002762,G02387,2025-09-09,2025-09-19,2025-09-23,Cancelled,Direct,Single,1,0,GR,Business,92.13,0,368.52,0,0,0.0,368.52,Not charged,,High floor
BK000446,G00052,2024-02-04,2024-07-24,2024-07-29,No-show,Direct,Suite,1,0,IT,Leisure,261.64,0,1308.2,0,0,0.0,1308.2,Not charged,,
BK001378,G01487,2024-04-26,2024-07-06,2024-07-12,Cancelled,Direct,Double,1,0,DE,Business,164.31,10,887.27,0,0,0.0,887.27,Not charged,,Late arrival
BK002491,G01258,2024-03-30,2024-07-28,2024-08-03,No-show,Direct,Double,1,1,GB,Leisure,127.58,5,727.21,0,0,0.0,727.21,Not charged,,
BK000292,G01072,2024-02-04,2024-07-23,2024-07-26,Cancelled,Direct,Suite,1,0,GR,Leisure,273.92,10,739.58,0,0,0.0,739.58,Not charged,,High floor
BK001164,G00902,2024-06-16,2024-07-15,2024-07-22,Cancelled,Direct,Double,1,0,GR,Leisure,160.76,5,1069.05,0,0,0.0,1069.05,Not charged,,
BK000125,G00141,2025-10-27,2025-12-24,2025-12-30,Cancelled,Direct,Suite,2,0,NL,Leisure,156.89,5,894.27,0,0,0.0,894.27,Not charged,,
BK001321,G00111,2025-04-05,2025-09-09,2025-09-13,Cancelled,Direct,Suite,1,0,DE,Leisure,259.83,0,1039.32,0,0,0.0,1039.32,Not charged,,Late arrival
BK001161,G00577,2024-07-06,2024-08-07,2024-08-13,No-show,Direct,Double,1,0,GR,Leisure,147.86,0,887.16,0,0,0.0,887.16,Not charged,,High floor
BK000189,G01452,2025-08-13,2025-10-16,2025-10-20,Cancelled,Direct,Suite,2,1,GB,Leisure,167.25,0,669.0,0,0,0.0,669.0,Not charged,,
BK000195,G01565,2025-03-06,2025-07-21,2025-07-26,Cancelled,Direct,Double,2,0,GR,Leisure,124.83,0,624.15,0,0,0.0,624.15,Not charged,,Late arrival
BK000593,G00541,2024-11-30,2025-03-18,2025-03-20,Cancelled,Direct,Single,1,0,ES,Leisure,59.28,0,118.56,0,0,0.0,118.56,Not charged,,Late arrival
BK000234,G00814,2024-03-17,2024-04-19,2024-04-22,Cancelled,Direct,Double,2,0,DE,Leisure,85.04,15,216.85,0,0,0.0,216.85,Not charged,,Late arrival
BK000438,G01478,2024-10-07,2025-01-19,2025-01-22,No-show,Direct,Double,2,0,US,Leisure,95.21,0,285.63,0,0,0.0,285.63,Not charged,,High floor
BK000759,G01914,2024-09-07,2024-12-24,2024-12-27,Cancelled,Direct,Double,2,0,NL,Leisure,109.72,0,329.16,0,0,0.0,329.16,Not charged,,Baby cot
BK001424,G00123,2025-05-30,2025-09-16,2025-09-17,Cancelled,Direct,Single,1,0,DE,Business,104.52,10,94.07,0,0,0.0,94.07,Not charged,,Baby cot
BK001676,G01403,2025-06-04,2025-07-06,2025-07-07,Cancelled,Direct,Double,2,0,GR,Leisure,164.68,10,148.21,0,0,0.0,148.21,Not charged,,High floor
BK001091,G00867,2025-07-20,2025-12-03,2025-12-05,Cancelled,Direct,Double,1,0,DE,Leisure,95.88,15,163.0,0,0,0.0,163.0,Not charged,,Late arrival
BK002472,G00838,2025-06-15,2025-09-19,2025-09-21,Cancelled,Direct,Suite,2,0,GR,Business,227.26,0,454.52,0,0,0.0,454.52,Not charged,,Quiet room
BK000579,G00953,2024-10-05,2024-11-18,2024-11-25,Cancelled,Direct,Double,2,0,GR,Leisure,113.92,0,797.44,0,0,0.0,797.44,Not charged,,
BK000469,G01375,2023-09-29,2024-01-19,2024-01-21,Cancelled,Direct,Double,1,0,GR,Leisure,92.16,0,184.32,0,0,0.0,184.32,Not charged,,High floor
BK001282,G02070,2024-12-01,2025-02-13,2025-02-16,Cancelled,Direct,Double,2,0,ES,Leisure,88.59,0,265.77,0,0,0.0,265.77,Not charged,,Quiet room
BK002132,G00977,2024-04-14,2024-07-30,2024-08-03,Cancelled,Direct,Double,2,0,GB,Leisure,142.57,5,541.77,0,0,0.0,541.77,Not charged,,
BK001888,G00188,2025-04-07,2025-07-03,2025-07-04,Cancelled,Direct,Single,1,0,ES,Business,105.06,10,94.55,0,0,0.0,94.55,Not charged,,Baby cot
BK002010,G01027,2025-07-09,2025-08-29,2025-09-05,Cancelled,Direct,Double,1,0,NL,Business,143.23,10,902.35,0,0,0.0,902.35,Not charged,,
BK001218,G02256,2025-07-31,2025-11-15,2025-11-18,Cancelled,Direct,Double,1,0,GB,Leisure,97.46,5,277.76,0,0,0.0,277.76,Not charged,,Baby cot
BK001379,G01086,2025-05-07,2025-08-15,2025-08-18,Cancelled,Direct,Single,1,0,GB,Leisure,99.68,10,269.14,0,0,0.0,269.14,Not charged,,Quiet room
BK002307,G00827,2025-05-15,2025-08-30,2025-09-03,Cancelled,Direct,Suite,2,1,GB,Leisure,285.5,0,1142.0,0,0,0.0,1142.0,Not charged,,Late arrival
BK001056,G00124,2024-06-20,2024-09-05,2024-09-06,Cancelled,Direct,Suite,1,0,GB,Leisure,217.36,0,217.36,0,0,0.0,217.36,Not charged,,Baby cot
BK000101,G00333,2023-12-28,2024-02-23,2024-02-26,Cancelled,Direct,Suite,1,0,FR,Leisure,154.62,0,463.86,0,0,0.0,463.86,Not charged,,
BK002909,G00267,2025-01-25,2025-07-09,2025-07-19,No-show,Direct,Double,2,0,GR,Leisure,150.76,0,1507.6,0,0,0.0,1507.6,Not charged,,
BK001853,G00328,2024-08-20,2024-11-24,2024-12-01,Cancelled,Direct,Single,1,0,US,Business,72.29,10,455.43,0,0,0.0,455.43,Not charged,,Baby cot
BK001792,G01053,2025-08-04,2025-10-24,2025-10-27,Cancelled,Direct,Double,2,1,NL,Leisure,103.38,0,310.14,0,0,0.0,310.14,Not charged,,Late arrival
BK002235,G01640,2024-05-15,2024-07-15,2024-07-18,Cancelled,Direct,Suite,1,0,NL,Leisure,285.01,0,855.03,0,0,0.0,855.03,Not charged,,Late arrival
BK000305,G00044,2024-09-03,2024-09-04,2024-09-06,Cancelled,Direct,Single,1,0,GR,Leisure,96.6,0,193.2,0,0,0.0,193.2,Not charged,,
BK002015,G01767,2025-02-26,2025-03-22,2025-03-25,Cancelled,Direct,Double,1,0,GR,Leisure,92.29,5,263.03,0,0,0.0,263.03,Not charged,,Late arrival
BK002409,G00251,2024-08-25,2025-02-19,2025-02-21,Cancelled,Direct,Suite,1,2,NL,Leisure,167.31,0,334.62,0,0,0.0,334.62,Not charged,,Quiet room
BK001913,G01170,2025-08-15,2025-11-21,2025-11-23,Cancelled,Direct,Double,1,0,US,Leisure,88.99,10,160.18,0,0,0.0,160.18,Not charged,,
BK002381,G00387,2024-07-20,2025-01-02,2025-01-04,Cancelled,Direct,Suite,1,0,GR,Leisure,199.32,0,398.64,0,0,0.0,398.64,Not charged,,Late arrival
BK002397,G01701,2023-11-26,2024-04-05,2024-04-06,Cancelled,Direct,Double,1,0,US,Leisure,107.13,0,107.13,0,0,0.0,107.13,Not charged,,
BK000060,G02121,2025-04-29,2025-07-10,2025-07-14,Cancelled,Direct,Single,1,0,GB,Leisure,101.8,0,407.2,0,0,0.0,407.2,Not charged,,Quiet room
BK001157,G00457,2025-08-09,2025-12-24,2025-12-29,Cancelled,Direct,Single,1,0,GR,Leisure,74.44,0,372.2,0,0,0.0,372.2,Not charged,,
BK000333,G02398,2024-12-07,2025-06-02,2025-06-06,Cancelled,Direct,Double,1,0,DE,Leisure,124.47,10,448.09,0,0,0.0,448.09,Not charged,,
BK000378,G01357,2025-05-06,2025-09-05,2025-09-11,Cancelled,Direct,Double,2,0,US,Leisure,124.44,10,671.98,0,0,0.0,671.98,Not charged,,Late arrival
BK002938,G01531,2025-02-13,2025-07-20,2025-07-27,Cancelled,Direct,Single,1,0,GR,Leisure,97.17,0,680.19,0,0,0.0,680.19,Not charged,,
BK000524,G01061,2024-11-11,2024-12-04,2024-12-06,Cancelled,Direct,Double,1,0,GR,Leisure,92.14,10,165.85,0,0,0.0,165.85,Not charged,,
BK000143,G00360,2025-04-27,2025-06-07,2025-06-09,Cancelled,Direct,Double,1,0,FR,Leisure,125.41,10,225.74,0,0,0.0,225.74,Not charged,,Quiet room
BK001732,G00436,2024-04-30,2024-07-13,2024-07-14,No-show,Direct,Single,1,0,GB,Leisure,104.18,0,104.18,0,0,0.0,104.18,Not charged,,Late arrival
BK001456,G01908,2024-12-29,2025-02-08,2025-02-09,No-show,Direct,Double,1,0,DE,Business,88.91,0,88.91,0,0,0.0,88.91,Not charged,,Late arrival
BK001631,G01174,2024-10-16,2024-11-05,2024-11-10,No-show,Direct,Single,1,0,IT,Business,72.76,15,309.23,0,0,0.0,309.23,Not charged,,Late arrival
BK002598,G02107,2023-09-11,2024-02-12,2024-02-16,No-show,Direct,Double,1,0,GB,Leisure,90.2,0,360.8,0,0,0.0,360.8,Not charged,,
BK000691,G01580,2025-04-01,2025-04-06,2025-04-09,No-show,Direct,Double,1,0,GB,Leisure,112.69,0,338.07,0,0,0.0,338.07,Not charged,,Late arrival
BK001146,G01308,2024-11-04,2024-11-29,2024-12-02,Cancelled,Direct,Double,1,0,GB,Leisure,109.23,10,294.92,0,0,0.0,294.92,Not charged,,
BK001790,G00302,2023-12-07,2024-03-17,2024-03-19,Cancelled,Direct,Double,1,0,GR,Leisure,113.67,0,227.34,0,0,0.0,227.34,Not charged,,High floor
BK001329,G00068,2025-04-06,2025-06-10,2025-06-17,Cancelled,Direct,Double,1,0,FR,Leisure,140.29,10,883.83,0,0,0.0,883.83,Not charged,,Baby cot
BK002809,G01219,2025-09-02,2025-09-20,2025-09-27,Cancelled,Direct,Single,1,0,US,Leisure,102.08,0,714.56,0,0,0.0,714.56,Not charged,,
BK002205,G01024,2025-02-22,2025-08-10,2025-08-11,No-show,Direct,Single,1,0,IT,Leisure,96.23,0,96.23,0,0,0.0,96.23,Not charged,,Baby cot
BK000433,G00898,2025-07-05,2025-10-02,2025-10-09,Cancelled,Direct,Double,1,1,GR,Leisure,88.05,0,616.35,0,0,0.0,616.35,Not charged,,Late arrival
BK002509,G02290,2025-03-03,2025-07-22,2025-07-24,Cancelled,Direct,Double,1,0,US,Leisure,162.63,0,325.26,0,0,0.0,325.26,Not charged,,High floor
BK001983,G02131,2023-12-27,2024-03-17,2024-03-20,Cancelled,Direct,Double,1,1,FR,Leisure,104.44,0,313.32,0,0,0.0,313.32,Not charged,,
BK000946,G01612,2025-07-17,2025-08-17,2025-08-23,No-show,Direct,Single,1,0,DE,Leisure,82.15,10,443.61,0,0,0.0,443.61,Not charged,,Late arrival
BK002761,G01368,2024-02-09,2024-06-27,2024-07-04,Cancelled,Direct,Double,1,0,DE,Leisure,145.63,10,917.47,0,0,0.0,917.47,Not charged,,Baby cot
BK001519,G01478,2024-04-04,2024-09-17,2024-09-27,No-show,Direct,Single,1,0,ES,Leisure,94.86,5,901.17,0,0,0.0,901.17,Not charged,,Baby cot
BK001327,G01626,2025-06-20,2025-07-20,2025-07-22,Cancelled,Direct,Double,2,1,IT,Leisure,129.5,0,259.0,0,0,0.0,259.0,Not charged,,Baby cot
BK001651,G00821,2024-02-08,2024-08-01,2024-08-05,Cancelled,Direct,Single,1,0,FR,Leisure,80.69,5,306.62,0,0,0.0,306.62,Not charged,,
BK000440,G00998,2025-06-09,2025-08-28,2025-09-02,Cancelled,Direct,Single,1,0,GR,Leisure,97.02,5,460.85,0,0,0.0,460.85,Not charged,,Late arrival
BK000216,G01040,2024-04-03,2024-05-17,2024-05-19,Cancelled,Direct,Single,1,0,GB,Leisure,67.43,0,134.86,0,0,0.0,134.86,Not charged,,High floor
BK001794,G01128,2023-09-25,2024-02-27,2024-03-08,Cancelled,Direct,Single,1,0,GR,Leisure,74.32,0,743.2,0,0,0.0,743.2,Not charged,,Quiet room
BK000023,G00165,2025-10-16,2025-11-04,2025-11-06,Cancelled,Direct,Double,2,0,ES,Leisure,100.18,0,200.36,0,0,0.0,200.36,Not charged,,High floor
BK001096,G01050,2023-11-21,2024-05-12,2024-05-16,Cancelled,Direct,Double,1,0,GB,Leisure,104.37,0,417.48,0,0,0.0,417.48,Not charged,,
BK002039,G00354,2025-10-23,2025-10-27,2025-10-30,Cancelled,Direct,Suite,2,0,GR,Leisure,184.12,0,552.36,0,0,0.0,552.36,Not charged,,Baby cot
BK000155,G01939,2024-08-12,2024-08-30,2024-09-02,Cancelled,Direct,Single,1,0,FR,Leisure,90.34,5,257.47,0,0,0.0,257.47,Not charged,,High floor
BK001727,G02356,2024-12-25,2025-06-20,2025-06-25,Cancelled,Direct,Double,1,0,GB,Business,125.45,10,564.53,0,0,0.0,564.53,Not charged,,
BK000969,G00106,2025-08-15,2025-10-31,2025-11-04,No-show,Direct,Double,1,0,GR,Leisure,110.56,10,398.02,0,0,0.0,398.02,Not charged,,Baby cot
BK000631,G01648,2024-04-25,2024-06-05,2024-06-12,Cancelled,Direct,Suite,1,0,DE,Leisure,280.98,10,1770.17,0,0,0.0,1770.17,Not charged,,High floor
BK002203,G01561,2024-03-05,2024-08-10,2024-08-13,Cancelled,Direct,Suite,1,0,ES,Leisure,256.39,0,769.17,0,0,0.0,769.17,Not charged,,Baby cot
BK000382,G00477,2025-02-21,2025-04-12,2025-04-16,Cancelled,Direct,Double,2,0,GR,Leisure,101.76,5,386.69,0,0,0.0,386.69,Not charged,,High floor
BK002428,G00568,2024-10-24,2025-03-10,2025-03-16,Cancelled,Direct,Double,1,0,GB,Leisure,107.81,0,646.86,0,0,0.0,646.86,Not charged,,Baby cot
BK002855,G01223,2025-11-12,2025-12-22,2025-12-26,No-show,Direct,Suite,1,0,GB,Leisure,199.09,0,796.36,0,0,0.0,796.36,Not charged,,Late arrival
BK002789,G01691,2025-06-29,2025-09-26,2025-09-29,Cancelled,Direct,Double,2,0,GB,Business,150.06,0,450.18,0,0,0.0,450.18,Not charged,,High floor
BK001902,G01955,2024-05-10,2024-05-13,2024-05-19,Cancelled,Direct,Suite,2,1,ES,Leisure,199.0,0,1194.0,0,0,0.0,1194.0,Not charged,,Quiet room
BK002771,G01384,2025-05-06,2025-07-29,2025-08-04,Cancelled,Direct,Double,1,0,GR,Business,128.18,0,769.08,0,0,0.0,769.08,Not charged,,Baby cot
BK000768,G00865,2025-03-11,2025-07-02,2025-07-07,Cancelled,Direct,Single,1,0,FR,Leisure,104.45,5,496.14,0,0,0.0,496.14,Not charged,,Baby cot
BK002722,G01284,2025-08-24,2025-09-29,2025-10-02,Cancelled,Direct,Double,2,1,GB,Leisure,125.33,5,357.19,0,0,0.0,357.19,Not charged,,
BK001052,G02185,2025-04-01,2025-04-24,2025-04-25,Cancelled,Direct,Single,1,0,FR,Business,68.41,15,58.15,0,0,0.0,58.15,Not charged,,Quiet room
BK002469,G01490,2024-05-30,2024-11-15,2024-11-19,Cancelled,Direct,Double,2,0,GR,Leisure,95.94,0,383.76,0,0,0.0,383.76,Not charged,,High floor
BK002470,G02199,2024-11-27,2025-03-24,2025-03-27,Cancelled,Direct,Single,1,0,GR,Leisure,74.32,10,200.66,0,0,0.0,200.66,Not charged,,Late arrival
BK002684,G01836,2023-08-19,2024-01-18,2024-01-20,Cancelled,Direct,Double,1,0,GR,Leisure,113.05,0,226.1,0,0,0.0,226.1,Not charged,,Baby cot
BK002207,G01351,2024-03-24,2024-08-09,2024-08-14,Cancelled,Direct,Double,2,0,IT,Leisure,133.08,10,598.86,0,0,0.0,598.86,Not charged,,
BK001141,G00201,2025-04-26,2025-07-25,2025-08-01,Cancelled,Direct,Suite,2,0,GB,Leisure,284.59,5,1892.52,0,0,0.0,1892.52,Not charged,,
BK000717,G00956,2023-08-27,2024-01-01,2024-01-05,Cancelled,Direct,Single,1,0,GB,Leisure,69.11,0,276.44,0,0,0.0,276.44,Not charged,,
BK000209,G01567,2024-05-28,2024-06-27,2024-06-30,Cancelled,Direct,Double,1,0,US,Business,151.6,0,454.8,0,0,0.0,454.8,Not charged,,Late arrival
BK002047,G00771,2024-05-17,2024-11-03,2024-11-07,Cancelled,Direct,Suite,1,1,DE,Business,199.94,0,799.76,0,0,0.0,799.76,Not charged,,Baby cot
BK000651,G00403,2024-05-14,2024-06-11,2024-06-16,No-show,Direct,Double,2,0,IT,Leisure,161.89,0,809.45,0,0,0.0,809.45,Not charged,,Baby cot
BK001618,G00260,2024-07-21,2025-01-06,2025-01-10,Cancelled,Direct,Double,1,0,GR,Leisure,99.35,0,397.4,0,0,0.0,397.4,Not charged,,
BK000985,G01172,2025-04-09,2025-08-21,2025-08-31,Cancelled,Direct,Suite,1,0,GR,Leisure,230.2,0,2302.0,0,0,0.0,2302.0,Not charged,,
BK002284,G00006,2025-03-01,2025-07-21,2025-07-23,Cancelled,Direct,Single,1,0,GB,Leisure,105.14,5,199.77,0,0,0.0,199.77,Not charged,,
BK002656,G00291,2025-04-01,2025-07-02,2025-07-12,Cancelled,Direct,Double,1,0,DE,Leisure,131.12,15,1114.52,0,0,0.0,1114.52,Not charged,,
BK002091,G02364,2025-02-25,2025-06-26,2025-06-29,Cancelled,Direct,Double,2,0,NL,Business,135.23,0,405.69,0,0,0.0,405.69,Not charged,,Quiet room
BK000600,G00828,2024-10-28,2025-03-25,2025-03-28,No-show,Direct,Suite,1,0,US,Leisure,200.84,10,542.27,0,0,0.0,542.27,Not charged,,
BK000392,G01513,2024-11-05,2025-04-18,2025-04-20,Cancelled,Direct,Single,1,0,GR,Leisure,71.64,0,143.28,0,0,0.0,143.28,Not charged,,
BK000457,G00421,2024-11-16,2024-11-20,2024-11-24,Cancelled,Direct,Single,1,0,GB,Leisure,74.66,0,298.64,0,0,0.0,298.64,Not charged,,
BK001775,G00794,2025-08-29,2025-10-04,2025-10-08,Cancelled,Direct,Single,1,0,GB,Leisure,66.35,0,265.4,0,0,0.0,265.4,Not charged,,Baby cot
BK001073,G01093,2024-01-05,2024-05-04,2024-05-07,Cancelled,Direct,Suite,2,0,GR,Business,167.44,0,502.32,0,0,0.0,502.32,Not charged,,
BK002156,G01948,2024-01-17,2024-05-30,2024-06-09,Cancelled,Direct,Double,1,0,DE,Leisure,96.19,0,961.9,0,0,0.0,961.9,Not charged,,Baby cot
BK000919,G01418,2025-08-07,2025-10-17,2025-10-21,Cancelled,Direct,Double,1,0,GR,Business,100.27,0,401.08,0,0,0.0,401.08,Not charged,,Quiet room
BK000609,G02135,2024-04-03,2024-07-06,2024-07-08,Cancelled,Direct,Suite,1,0,GB,Leisure,222.16,15,377.67,0,0,0.0,377.67,Not charged,,
BK001807,G01337,2023-12-09,2024-01-09,2024-01-13,Cancelled,Direct,Double,1,0,DE,Leisure,102.17,0,408.68,0,0,0.0,408.68,Not charged,,Baby cot
BK001152,G01136,2024-07-08,2024-07-29,2024-07-31,Cancelled,Direct,Double,1,2,GB,Leisure,166.49,0,332.98,0,0,0.0,332.98,Not charged,,Quiet room
BK000675,G00207,2025-01-26,2025-06-04,2025-06-06,Cancelled,Direct,Suite,1,0,GR,Leisure,274.24,10,493.63,0,0,0.0,493.63,Not charged,,Baby cot
BK000765,G00825,2024-06-21,2024-08-26,2024-08-30,Cancelled,Direct,Double,1,0,DE,Leisure,131.58,15,447.37,0,0,0.0,447.37,Not charged,,
BK000255,G01718,2024-03-26,2024-06-19,2024-06-23,Cancelled,Direct,Double,2,0,DE,Leisure,125.38,0,501.52,0,0,0.0,501.52,Not charged,,
BK002031,G00315,2025-03-01,2025-03-27,2025-04-03,No-show,Direct,Double,2,0,GR,Leisure,93.8,0,656.6,0,0,0.0,656.6,Not charged,,Quiet room
BK000568,G01919,2025-03-26,2025-04-23,2025-04-27,Cancelled,Direct,Double,1,0,GB,Leisure,113.48,10,408.53,0,0,0.0,408.53,Not charged,,Baby cot
BK002049,G01791,2024-01-05,2024-06-03,2024-06-04,Cancelled,Direct,Double,2,0,GR,Leisure,145.24,0,145.24,0,0,0.0,145.24,Not charged,,Late arrival
BK002018,G01965,2024-06-08,2024-07-06,2024-07-12,Cancelled,Direct,Single,1,0,GR,Leisure,103.64,10,559.66,0,0,0.0,559.66,Not charged,,
BK001454,G00268,2024-03-01,2024-06-09,2024-06-13,Cancelled,Direct,Double,1,0,ES,Leisure,145.3,0,581.2,0,0,0.0,581.2,Not charged,,Baby cot
BK001939,G00572,2025-01-13,2025-07-03,2025-07-07,No-show,Direct,Double,2,0,GR,Leisure,161.47,0,645.88,0,0,0.0,645.88,Not charged,,Quiet room
BK002875,G02230,2025-05-20,2025-06-23,2025-06-30,Cancelled,Direct,Double,2,1,NL,Leisure,130.27,10,820.7,0,0,0.0,820.7,Not charged,,Baby cot
BK002014,G02068,2025-02-02,2025-06-18,2025-06-22,Cancelled,Direct,Single,1,0,IT,Leisure,100.24,0,400.96,0,0,0.0,400.96,Not charged,,
BK002965,G00261,2025-04-23,2025-09-21,2025-09-23,Cancelled,Direct,Double,2,0,NL,Leisure,138.02,0,276.04,0,0,0.0,276.04,Not charged,,High floor
BK000270,G00040,2025-02-21,2025-06-30,2025-07-01,Cancelled,Direct,Suite,2,0,GB,Leisure,227.32,5,215.95,0,0,0.0,215.95,Not charged,,Quiet room
BK002912,G00321,2025-01-09,2025-01-15,2025-01-21,Cancelled,Direct,Double,2,0,GB,Leisure,86.88,0,521.28,0,0,0.0,521.28,Not charged,,
BK002172,G01859,2025-03-02,2025-07-17,2025-07-21,Cancelled,Direct,Double,2,0,FR,Leisure,139.4,0,557.6,0,0,0.0,557.6,Not charged,,High floor
BK000843,G00177,2024-04-26,2024-06-01,2024-06-05,Cancelled,Direct,Double,2,0,FR,Leisure,156.14,0,624.56,0,0,0.0,624.56,Not charged,,High floor
BK002335,G01800,2024-01-28,2024-02-07,2024-02-09,Cancelled,Direct,Suite,1,0,ES,Leisure,151.63,5,288.1,0,0,0.0,288.1,Not charged,,Quiet room
BK002266,G01610,2023-10-10,2024-01-05,2024-01-10,Cancelled,Direct,Suite,2,1,US,Leisure,159.49,10,717.71,0,0,0.0,717.71,Not charged,,Baby cot
BK002317,G02017,2024-04-20,2024-06-13,2024-06-15,Cancelled,Direct,Suite,1,0,GR,Leisure,266.09,0,532.18,0,0,0.0,532.18,Not charged,,Baby cot
BK000820,G00729,2024-04-17,2024-07-23,2024-07-28,Cancelled,Direct,Double,1,0,GB,Business,143.94,10,647.73,0,0,0.0,647.73,Not charged,,
BK000526,G00447,2025-08-24,2025-08-28,2025-09-04,Cancelled,Direct,Suite,2,2,GR,Leisure,283.11,15,1684.5,0,0,0.0,1684.5,Not charged,,
BK000077,G00928,2024-07-11,2024-08-24,2024-08-26,Cancelled,Direct,Double,2,0,GR,Business,125.13,0,250.26,0,0,0.0,250.26,Not charged,,Late arrival
BK001430,G02302,2025-12-08,2025-12-23,2025-12-27,Cancelled,Direct,Double,1,0,DE,Leisure,107.03,0,428.12,0,0,0.0,428.12,Not charged,,Quiet room
BK000951,G02192,2024-04-12,2024-05-09,2024-05-19,Cancelled,Direct,Suite,1,0,FR,Leisure,162.43,10,1461.87,0,0,0.0,1461.87,Not charged,,
BK001557,G00073,2024-02-08,2024-06-24,2024-06-28,Cancelled,Direct,Double,1,0,ES,Leisure,138.44,0,553.76,0,0,0.0,553.76,Not charged,,Baby cot
BK002774,G02321,2025-09-17,2025-12-07,2025-12-13,Cancelled,Direct,Single,1,0,GB,Leisure,59.95,0,359.7,0,0,0.0,359.7,Not charged,,
BK002326,G01941,2025-02-17,2025-04-16,2025-04-20,Cancelled,Direct,Double,2,2,GR,Leisure,108.79,15,369.89,0,0,0.0,369.89,Not charged,,
BK002844,G00769,2024-10-03,2025-01-09,2025-01-10,Cancelled,Direct,Double,2,1,US,Business,113.47,0,113.47,0,0,0.0,113.47,Not charged,,Late arrival
BK001510,G02373,2025-12-01,2025-12-18,2025-12-23,Cancelled,Direct,Suite,1,0,DE,Leisure,187.94,15,798.75,0,0,0.0,798.75,Not charged,,Baby cot
BK001485,G01553,2024-01-17,2024-01-28,2024-02-01,Cancelled,Direct,Double,1,0,IT,Leisure,113.27,5,430.43,0,0,0.0,430.43,Not charged,,Quiet room
BK002893,G00499,2024-06-27,2024-09-05,2024-09-08,Cancelled,Direct,Double,1,0,NL,Leisure,144.47,0,433.41,0,0,0.0,433.41,Not charged,,High floor
BK002989,G00824,2024-05-09,2024-08-11,2024-08-13,Cancelled,Direct,Double,2,0,US,Leisure,125.84,0,251.68,0,0,0.0,251.68,Not charged,,Late arrival
BK001722,G01316,2025-06-16,2025-09-02,2025-09-04,Cancelled,Direct,Suite,2,0,GB,Leisure,228.21,15,387.96,0,0,0.0,387.96,Not charged,,High floor
BK000099,G01033,2023-12-05,2024-05-23,2024-05-28,Cancelled,Direct,Double,1,0,ES,Business,89.55,10,402.98,0,0,0.0,402.98,Not charged,,High floor
BK001881,G02162,2025-05-08,2025-07-22,2025-07-26,Cancelled,Direct,Double,2,2,GR,Business,143.77,0,575.08,0,0,0.0,575.08,Not charged,,
BK001288,G00576,2024-07-13,2024-11-02,2024-11-04,Cancelled,Direct,Double,1,0,IT,Leisure,114.86,10,206.75,0,0,0.0,206.75,Not charged,,High floor
BK002548,G00206,2025-05-07,2025-07-07,2025-07-12,Cancelled,Direct,Suite,1,0,IT,Leisure,216.39,10,973.75,0,0,0.0,973.75,Not charged,,Baby cot
BK002386,G01743,2024-05-13,2024-09-29,2024-10-01,Cancelled,Direct,Double,2,0,GB,Leisure,153.49,5,291.63,0,0,0.0,291.63,Not charged,,
BK000057,G00825,2023-09-22,2024-02-16,2024-02-22,Cancelled,Direct,Single,1,0,NL,Leisure,64.52,0,387.12,0,0,0.0,387.12,Not charged,,High floor
BK001721,G01891,2024-08-15,2024-09-14,2024-09-20,Cancelled,Direct,Suite,2,0,GR,Leisure,247.8,0,1486.8,0,0,0.0,1486.8,Not charged,,High floor
BK001197,G01865,2025-06-13,2025-09-09,2025-09-12,Cancelled,Direct,Suite,1,0,ES,Business,283.92,5,809.17,0,0,0.0,809.17,Not charged,,Quiet room
BK002211,G01699,2025-06-22,2025-09-27,2025-10-01,Cancelled,Direct,Double,2,0,GR,Leisure,130.53,0,522.12,0,0,0.0,522.12,Not charged,,Baby cot
BK000548,G01952,2025-05-25,2025-08-19,2025-08-23,Cancelled,Direct,Double,1,0,GR,Leisure,139.03,0,556.12,0,0,0.0,556.12,Not charged,,Late arrival
BK000038,G01239,2024-03-26,2024-04-02,2024-04-07,No-show,Direct,Single,1,0,DE,Leisure,70.98,5,337.16,0,0,0.0,337.16,Not charged,,Quiet room
BK001595,G00865,2025-09-28,2025-12-31,2026-01-01,Cancelled,Direct,Double,2,0,GR,Leisure,103.71,0,103.71,0,0,0.0,103.71,Not charged,,Baby cot
BK000779,G00852,2024-09-21,2024-11-22,2024-11-28,Cancelled,Direct,Suite,2,2,IT,Business,155.58,0,933.48,0,0,0.0,933.48,Not charged,,Baby cot
BK000549,G00748,2023-12-28,2024-05-25,2024-05-28,Cancelled,Direct,Double,2,0,GR,Leisure,87.42,0,262.26,0,0,0.0,262.26,Not charged,,
BK000325,G02369,2025-04-02,2025-07-05,2025-07-09,Cancelled,Direct,Double,2,0,DE,Leisure,130.28,5,495.06,0,0,0.0,495.06,Not charged,,
BK001227,G02090,2025-08-30,2025-10-02,2025-10-07,Cancelled,Direct,Double,1,0,ES,Leisure,94.93,0,474.65,0,0,0.0,474.65,Not charged,,
BK000190,G01838,2024-10-23,2025-04-16,2025-04-21,Cancelled,Direct,Double,2,0,ES,Leisure,104.97,0,524.85,0,0,0.0,524.85,Not charged,,
BK002957,G02374,2024-05-12,2024-05-20,2024-05-23,Cancelled,Direct,Double,1,2,DE,Leisure,94.96,0,284.88,0,0,0.0,284.88,Not charged,,Late arrival
BK001205,G00221,2024-11-09,2025-01-17,2025-01-20,Cancelled,Direct,Double,2,0,GR,Leisure,92.33,0,276.99,0,0,0.0,276.99,Not charged,,
BK002575,G01623,2024-09-28,2025-03-09,2025-03-14,Cancelled,Direct,Suite,1,1,GR,Business,186.02,0,930.1,0,0,0.0,930.1,Not charged,,High floor
BK000538,G00867,2025-07-02,2025-12-03,2025-12-07,Cancelled,Direct,Double,2,0,DE,Leisure,93.61,0,374.44,0,0,0.0,374.44,Not charged,,Quiet room
BK002157,G00801,2025-05-16,2025-06-02,2025-06-04,Cancelled,Direct,Single,1,0,GB,Leisure,88.69,0,177.38,0,0,0.0,177.38,Not charged,,Quiet room
BK002134,G00114,2025-02-05,2025-06-15,2025-06-18,No-show,Direct,Single,1,0,GB,Leisure,92.43,10,249.56,0,0,0.0,249.56,Not charged,,Late arrival
BK001531,G01808,2023-09-27,2024-01-24,2024-01-29,No-show,Direct,Suite,1,1,DE,Business,160.7,10,723.15,0,0,0.0,723.15,Not charged,,
BK002175,G00809,2024-05-25,2024-06-03,2024-06-08,Cancelled,Direct,Double,2,0,IT,Leisure,153.92,0,769.6,0,0,0.0,769.6,Not charged,,
BK002222,G00415,2024-07-09,2024-07-28,2024-08-01,Cancelled,Direct,Double,2,1,GR,Leisure,135.29,0,541.16,0,0,0.0,541.16,Not charged,,Baby cot
BK000865,G02061,2024-03-28,2024-05-13,2024-05-16,Cancelled,Direct,Single,1,0,GB,Leisure,68.19,5,194.34,0,0,0.0,194.34,Not charged,,Baby cot
BK001357,G02000,2024-04-07,2024-07-03,2024-07-07,Cancelled,Direct,Single,1,0,IT,Leisure,101.78,10,366.41,0,0,0.0,366.41,Not charged,,High floor
BK002766,G00850,2024-01-09,2024-02-24,2024-02-29,No-show,Direct,Double,2,0,US,Leisure,107.85,10,485.33,0,0,0.0,485.33,Not charged,,Late arrival
BK001999,G00640,2024-08-17,2024-10-08,2024-10-13,Cancelled,Direct,Double,2,0,GR,Leisure,108.23,0,541.15,0,0,0.0,541.15,Not charged,,Late arrival
BK000963,G00592,2024-05-03,2024-06-09,2024-06-10,Cancelled,Direct,Double,2,0,GR,Leisure,126.49,0,126.49,0,0,0.0,126.49,Not charged,,High floor
BK001998,G00416,2024-08-04,2024-09-29,2024-10-03,No-show,Direct,Suite,1,0,FR,Leisure,261.08,0,1044.32,0,0,0.0,1044.32,Not charged,,Late arrival
BK002115,G01095,2024-03-22,2024-04-29,2024-05-06,Cancelled,Direct,Single,1,0,DE,Leisure,66.41,5,441.63,0,0,0.0,441.63,Not charged,,Baby cot
BK002036,G02139,2024-09-17,2024-12-08,2024-12-18,Cancelled,Direct,Double,2,0,FR,Leisure,87.85,0,878.5,0,0,0.0,878.5,Not charged,,High floor
BK000968,G02061,2025-03-02,2025-07-23,2025-07-30,Cancelled,Direct,Double,1,2,GR,Business,127.89,0,895.23,0,0,0.0,895.23,Not charged,,
BK000674,G01394,2024-09-09,2024-09-19,2024-09-21,Cancelled,Direct,Double,1,0,DE,Leisure,163.6,0,327.2,0,0,0.0,327.2,Not charged,,
BK002527,G00526,2023-12-22,2024-03-22,2024-03-28,No-show,Direct,Double,1,2,DE,Leisure,100.7,5,573.99,0,0,0.0,573.99,Not charged,,Baby cot
BK001870,G01637,2025-01-18,2025-06-10,2025-06-13,Cancelled,Direct,Suite,1,0,GR,Leisure,218.2,0,654.6,0,0,0.0,654.6,Not charged,,Baby cot
BK001250,G00113,2025-07-15,2025-12-16,2025-12-22,Cancelled,Direct,Double,2,0,IT,Leisure,106.98,5,609.79,0,0,0.0,609.79,Not charged,,Baby cot
BK002131,G02268,2024-07-26,2024-10-30,2024-11-06,Cancelled,Direct,Double,2,0,GR,Leisure,111.55,0,780.85,0,0,0.0,780.85,Not charged,,High floor
BK000999,G01509,2023-10-24,2024-02-13,2024-02-19,Cancelled,Direct,Single,1,0,DE,Leisure,69.22,15,353.02,0,0,0.0,353.02,Not charged,,High floor
BK002654,G01163,2025-01-19,2025-06-27,2025-06-30,Cancelled,Direct,Double,1,0,DE,Leisure,143.57,0,430.71,0,0,0.0,430.71,Not charged,,Quiet room
BK000507,G01892,2023-12-25,2024-06-05,2024-06-11,Cancelled,Direct,Double,2,2,GR,Leisure,151.44,0,908.64,0,0,0.0,908.64,Not charged,,Late arrival
BK002420,G00586,2024-12-24,2025-05-23,2025-05-26,Cancelled,Direct,Double,1,0,GR,Leisure,105.47,10,284.77,0,0,0.0,284.77,Not charged,,Quiet room
BK002456,G02035,2025-04-17,2025-06-02,2025-06-05,Cancelled,Direct,Single,1,0,GB,Leisure,86.85,0,260.55,0,0,0.0,260.55,Not charged,,Late arrival
BK002624,G01748,2025-02-06,2025-06-30,2025-07-05,Cancelled,Direct,Single,1,0,IT,Leisure,83.29,0,416.45,0,0,0.0,416.45,Not charged,,Late arrival
BK000928,G01888,2025-05-07,2025-07-22,2025-07-27,Cancelled,Direct,Double,1,0,NL,Business,161.16,0,805.8,0,0,0.0,805.8,Not charged,,Baby cot
BK000354,G01378,2024-03-07,2024-07-23,2024-07-25,Cancelled,Direct,Double,2,0,FR,Leisure,154.0,10,277.2,0,0,0.0,277.2,Not charged,,High floor
BK002543,G00179,2025-03-11,2025-06-01,2025-06-03,Cancelled,Direct,Double,2,0,DE,Leisure,125.74,0,251.48,0,0,0.0,251.48,Not charged,,Late arrival
BK002406,G00713,2024-05-02,2024-07-24,2024-07-27,Cancelled,Direct,Double,1,0,FR,Leisure,125.6,10,339.12,0,0,0.0,339.12,Not charged,,Quiet room
BK001235,G00554,2025-10-22,2025-10-25,2025-10-27,No-show,Direct,Double,2,0,GR,Leisure,97.08,0,194.16,0,0,0.0,194.16,Not charged,,
BK001064,G01123,2024-02-18,2024-02-23,2024-02-27,Cancelled,Direct,Double,2,0,GR,Leisure,105.8,0,423.2,0,0,0.0,423.2,Not charged,,
BK000844,G01558,2023-09-05,2024-01-13,2024-01-18,Cancelled,Direct,Double,1,0,DE,Leisure,99.6,0,498.0,0,0,0.0,498.0,Not charged,,Late arrival
BK002737,G00786,2024-08-10,2024-10-10,2024-10-14,Cancelled,Direct,Double,1,1,FR,Leisure,92.54,5,351.65,0,0,0.0,351.65,Not charged,,Baby cot
BK002792,G01601,2024-02-28,2024-06-29,2024-07-02,Cancelled,Direct,Double,1,0,IT,Leisure,124.2,0,372.6,0,0,0.0,372.6,Not charged,,Late arrival
BK000789,G01231,2023-09-28,2024-02-19,2024-02-20,Cancelled,Direct,Double,2,0,GR,Leisure,111.19,10,100.07,0,0,0.0,100.07,Not charged,,
BK002898,G00730,2025-07-25,2025-11-20,2025-11-26,Cancelled,Direct,Suite,2,0,GR,Leisure,178.71,0,1072.26,0,0,0.0,1072.26,Not charged,,Baby cot
BK002932,G01724,2024-08-22,2025-01-12,2025-01-19,Cancelled,Direct,Double,1,1,NL,Business,106.01,5,704.97,0,0,0.0,704.97,Not charged,,Quiet room
BK000591,G00679,2024-08-03,2024-12-08,2024-12-10,No-show,Direct,Double,1,2,GR,Business,91.58,0,183.16,0,0,0.0,183.16,Not charged,,Baby cot
BK001063,G01516,2025-01-15,2025-06-10,2025-06-14,Cancelled,Direct,Suite,2,0,DE,Leisure,280.83,0,1123.32,0,0,0.0,1123.32,Not charged,,Baby cot
BK000020,G01447,2024-08-16,2024-08-24,2024-08-30,Cancelled,Direct,Double,2,0,,Leisure,127.26,5,725.38,0,0,0.0,725.38,Not charged,,Quiet room
BK000978,G00120,2024-10-10,2025-03-04,2025-03-06,Cancelled,Direct,Double,1,0,IT,Leisure,110.11,0,220.22,0,0,0.0,220.22,Not charged,,Quiet room
BK001022,G01778,2024-12-16,2025-02-28,2025-03-03,Cancelled,Direct,Suite,1,2,GR,Leisure,195.96,5,558.49,0,0,0.0,558.49,Not charged,,Quiet room
BK002442,G00908,2024-01-13,2024-03-15,2024-03-19,Cancelled,Expedia,Double,2,0,GR,Business,102.34,0,409.36,0,18,73.68,409.36,Not charged,,Late arrival
BK002332,G01034,2023-11-04,2024-02-16,2024-02-21,Cancelled,Expedia,Double,2,0,GB,Leisure,101.82,0,509.1,0,18,91.64,509.1,Not charged,,
BK001791,G00412,2024-03-06,2024-08-29,2024-09-03,Cancelled,Expedia,Double,1,1,DE,Leisure,156.1,0,780.5,0,18,140.49,780.5,Not charged,,
BK002861,G00162,2023-12-07,2024-01-27,2024-01-29,Cancelled,Expedia,Double,1,0,IT,Business,106.76,5,202.84,0,18,36.51,202.84,Not charged,,High floor
BK000680,G00651,2024-06-26,2024-08-12,2024-08-16,No-show,Expedia,Double,2,0,DE,Leisure,139.04,0,556.16,0,18,100.11,556.16,Not charged,,Late arrival
BK002680,G01281,2024-02-09,2024-06-22,2024-06-27,Cancelled,Expedia,Double,1,0,IT,Leisure,153.12,0,765.6,0,18,137.81,765.6,Not charged,,Late arrival
BK001797,G02181,2023-11-05,2024-02-19,2024-02-24,Cancelled,Expedia,Double,2,0,IT,Business,95.23,5,452.34,0,18,81.42,452.34,Not charged,,Late arrival
BK000906,G01359,2023-12-06,2024-03-17,2024-03-19,Cancelled,Expedia,Suite,2,0,GB,Leisure,165.09,15,280.65,0,18,50.52,280.65,Not charged,,Quiet room
BK001562,G01580,2024-10-20,2025-03-21,2025-03-22,Cancelled,Expedia,Single,1,0,US,Business,69.44,0,69.44,0,18,12.5,69.44,Not charged,,
BK000697,G00333,2024-01-13,2024-04-30,2024-05-02,Cancelled,Expedia,Double,2,0,GR,Leisure,85.31,0,170.62,0,18,30.71,170.62,Not charged,,
BK002216,G01815,2024-06-19,2024-07-25,2024-07-27,Cancelled,Expedia,Suite,2,0,DE,Leisure,257.35,0,514.7,0,18,92.65,514.7,Not charged,,Quiet room
BK002330,G01600,2024-11-08,2024-12-01,2024-12-03,Cancelled,Expedia,Double,2,0,GR,Leisure,89.53,5,170.11,0,18,30.62,170.11,Not charged,,
BK000128,G00180,2025-02-06,2025-05-21,2025-05-27,No-show,Expedia,Double,1,2,FR,Leisure,105.55,15,538.31,0,18,96.9,538.31,Not charged,,Quiet room
BK000114,G00135,2024-08-28,2025-01-29,2025-02-01,Cancelled,Expedia,Double,2,0,FR,Leisure,90.56,0,271.68,0,18,48.9,271.68,Not charged,,Quiet room
BK001503,G02399,2024-02-02,2024-07-16,2024-07-20,Cancelled,Expedia,Double,2,0,GB,Leisure,165.16,0,660.64,0,18,118.92,660.64,Not charged,,Baby cot
BK001085,G00864,2024-10-19,2025-01-11,2025-01-14,Cancelled,Expedia,Double,1,1,GB,Leisure,90.5,0,271.5,0,18,48.87,271.5,Not charged,,High floor
BK000166,G00500,2024-08-06,2024-09-26,2024-10-03,Cancelled,Expedia,Double,2,0,NL,Leisure,158.41,0,1108.87,0,18,199.6,1108.87,Not charged,,
BK002673,G01417,2023-10-24,2024-03-13,2024-03-18,Cancelled,Expedia,Single,1,0,FR,Leisure,71.9,5,341.53,0,18,61.48,341.53,Not charged,,
BK000757,G01007,2024-10-11,2025-03-08,2025-03-12,Cancelled,Expedia,Double,2,1,GB,Leisure,109.8,0,439.2,0,18,79.06,439.2,Not charged,,
BK001108,G00457,2024-10-04,2024-12-01,2024-12-02,Cancelled,Expedia,Suite,1,0,NL,Leisure,190.37,5,180.85,0,18,32.55,180.85,Not charged,,Late arrival
BK002380,G01495,2025-06-02,2025-08-10,2025-08-17,Cancelled,Expedia,Single,1,0,GB,Leisure,90.89,5,604.42,0,18,108.8,604.42,Not charged,,Baby cot
BK000998,G00184,2025-06-20,2025-11-22,2025-11-29,Cancelled,Expedia,Single,1,0,FR,Leisure,70.8,0,495.6,0,18,89.21,495.6,Not charged,,Quiet room
BK001859,G01730,2025-08-04,2025-10-13,2025-10-19,Cancelled,Expedia,Single,1,0,IT,Leisure,64.1,0,384.6,0,18,69.23,384.6,Not charged,,Quiet room
BK000048,G00662,2025-01-10,2025-02-18,2025-02-19,Cancelled,Expedia,Double,1,0,IT,Leisure,104.79,0,104.79,0,18,18.86,104.79,Not charged,,
BK000814,G01134,2025-08-01,2025-12-13,2025-12-14,Cancelled,Expedia,Double,2,0,FR,Leisure,105.23,5,99.97,0,18,17.99,99.97,Not charged,,Late arrival
BK001800,G01445,2025-03-26,2025-09-09,2025-09-11,Cancelled,Expedia,Double,1,1,GR,Leisure,143.18,0,286.36,0,18,51.54,286.36,Not charged,,
BK001061,G00641,2025-09-11,2025-09-14,2025-09-17,Cancelled,Expedia,Suite,2,0,NL,Leisure,283.19,10,764.61,0,18,137.63,764.61,Not charged,,
BK002095,G00690,2025-05-09,2025-08-23,2025-08-28,No-show,Expedia,Single,1,0,GB,Leisure,106.62,0,533.1,0,18,95.96,533.1,Not charged,,
BK002197,G01713,2025-01-05,2025-04-09,2025-04-12,No-show,Expedia,Single,1,0,IT,Leisure,58.78,0,176.34,0,18,31.74,176.34,Not charged,,High floor
BK001228,G01407,2024-11-01,2025-02-01,2025-02-04,Cancelled,Expedia,Suite,2,0,GB,Leisure,149.62,5,426.42,0,18,76.76,426.42,Not charged,,Baby cot
BK000761,G01876,2025-08-14,2025-09-13,2025-09-17,Cancelled,Expedia,Double,2,0,DE,Leisure,157.86,0,631.44,0,18,113.66,631.44,Not charged,,High floor
BK001541,G01231,2024-01-28,2024-02-09,2024-02-15,Cancelled,Expedia,Double,1,0,FR,Leisure,86.84,0,521.04,0,18,93.79,521.04,Not charged,,
BK000898,G00322,2024-11-23,2025-03-18,2025-03-20,Cancelled,Expedia,Single,1,0,IT,Leisure,72.0,0,144.0,0,18,25.92,144.0,Not charged,,Late arrival
BK002485,G01814,2024-01-04,2024-06-10,2024-06-15,Cancelled,Expedia,Double,2,0,FR,Leisure,138.18,0,690.9,0,18,124.36,690.9,Not charged,,
BK002781,G01197,2025-04-21,2025-04-26,2025-04-28,Cancelled,Expedia,Double,1,0,US,Leisure,114.43,10,205.97,0,18,37.07,205.97,Not charged,,
BK000302,G01778,2025-05-27,2025-10-14,2025-10-16,Cancelled,Expedia,Double,2,0,GR,Leisure,113.23,5,215.14,0,18,38.73,215.14,Not charged,,
BK001760,G00275,2024-06-05,2024-06-10,2024-06-14,Cancelled,Expedia,Double,1,0,GR,Leisure,139.82,0,559.28,0,18,100.67,559.28,Not charged,,
BK001990,G02016,2024-06-19,2024-08-11,2024-08-13,Cancelled,Expedia,Double,2,0,DE,Leisure,139.67,15,237.44,0,18,42.74,237.44,Not charged,,Late arrival
BK000262,G00438,2025-07-12,2025-08-09,2025-08-16,No-show,Expedia,Suite,1,0,IT,Leisure,284.72,5,1893.39,0,18,340.81,1893.39,Not charged,,Baby cot
BK001663,G00889,2025-05-07,2025-08-15,2025-08-19,Cancelled,Expedia,Single,1,0,GB,Leisure,96.26,10,346.54,0,18,62.38,346.54,Not charged,,Quiet room
BK000749,G02376,2024-12-13,2025-03-15,2025-03-18,Cancelled,Expedia,Double,1,0,GR,Leisure,109.35,0,328.05,0,18,59.05,328.05,Not charged,,
BK001632,G00215,2024-10-05,2025-02-09,2025-02-14,Cancelled,Expedia,Double,1,0,US,Business,101.23,5,480.84,0,18,86.55,480.84,Not charged,,
BK000252,G00655,2024-08-07,2024-08-17,2024-08-19,Cancelled,Expedia,Suite,2,0,DE,Leisure,261.26,0,522.52,0,18,94.05,522.52,Not charged,,High floor
BK001142,G01200,2024-04-12,2024-09-23,2024-09-27,Cancelled,Expedia,Suite,1,1,GB,Leisure,229.87,0,919.48,0,18,165.51,919.48,Not charged,,Late arrival
BK002508,G00907,2024-08-21,2024-10-18,2024-10-22,Cancelled,Expedia,Double,2,0,NL,Business,109.9,10,395.64,0,18,71.22,395.64,Not charged,,High floor
BK002042,G00577,2025-01-28,2025-04-30,2025-05-06,Cancelled,Expedia,Single,1,0,GB,Leisure,61.27,0,367.62,0,18,66.17,367.62,Not charged,,Baby cot
BK001614,G02130,2024-01-07,2024-05-22,2024-05-25,Cancelled,Expedia,Suite,1,0,ES,Leisure,180.3,5,513.86,0,18,92.49,513.86,Not charged,,
BK000877,G00612,2023-11-24,2024-03-16,2024-03-19,No-show,Expedia,Suite,1,0,FR,Leisure,159.38,5,454.23,0,18,81.76,454.23,Not charged,,
BK000956,G00178,2023-12-29,2024-06-17,2024-06-22,Cancelled,Expedia,Double,2,1,FR,Leisure,132.33,5,628.57,0,18,113.14,628.57,Not charged,,Baby cot
BK000464,G01626,2024-06-12,2024-06-29,2024-07-03,Cancelled,Expedia,Single,1,0,GB,Leisure,84.33,5,320.45,0,18,57.68,320.45,Not charged,,
BK000024,G02061,2025-01-22,2025-07-19,2025-07-22,Cancelled,Expedia,Suite,1,2,GB,Leisure,250.97,0,752.91,0,18,135.52,752.91,Not charged,,Quiet room
BK001079,G02368,2024-02-29,2024-04-06,2024-04-08,Cancelled,Expedia,Double,2,0,GB,Leisure,89.68,15,152.46,0,18,27.44,152.46,Not charged,,High floor
BK002099,G01507,2024-05-27,2024-09-22,2024-09-26,No-show,Expedia,Single,1,0,DE,Leisure,108.09,0,432.36,0,18,77.82,432.36,Not charged,,
BK000163,G01368,2024-08-26,2024-10-06,2024-10-09,No-show,Expedia,Double,2,0,GB,Leisure,109.12,0,327.36,0,18,58.92,327.36,Not charged,,High floor
BK001702,G00678,2024-04-22,2024-10-03,2024-10-07,Cancelled,Expedia,Single,1,0,NL,Leisure,61.36,0,245.44,0,18,44.18,245.44,Not charged,,Quiet room
BK000115,G00360,2025-06-13,2025-08-16,2025-08-21,Cancelled,Expedia,Single,1,0,GB,Business,97.73,0,488.65,0,18,87.96,488.65,Not charged,,Quiet room
BK002838,G00613,2024-09-07,2024-12-15,2024-12-17,No-show,Expedia,Double,1,0,DE,Leisure,111.16,0,222.32,0,18,40.02,222.32,Not charged,,
BK002198,G00431,2025-05-31,2025-11-13,2025-11-15,Cancelled,Expedia,Suite,1,1,IT,Leisure,180.12,5,342.23,0,18,61.6,342.23,Not charged,,Late arrival
BK001394,G01932,2024-09-28,2025-03-08,2025-03-14,Cancelled,Expedia,Double,2,1,GB,Leisure,105.22,15,536.62,0,18,96.59,536.62,Not charged,,Late arrival
BK002923,G01430,2025-10-31,2025-11-26,2025-11-30,Cancelled,Expedia,Single,1,0,IT,Leisure,71.77,0,287.08,0,18,51.67,287.08,Not charged,,
BK002542,G01667,2024-06-29,2024-07-28,2024-08-03,Cancelled,Expedia,Double,1,2,GR,Leisure,148.01,10,799.25,0,18,143.87,799.25,Not charged,,
BK001824,G01226,2025-03-09,2025-08-19,2025-08-25,No-show,Expedia,Double,2,0,GB,Leisure,163.74,0,982.44,0,18,176.84,982.44,Not charged,,Baby cot
BK001433,G01338,2024-06-27,2024-07-23,2024-07-27,Cancelled,Expedia,Double,2,0,IT,Leisure,126.65,0,506.6,0,18,91.19,506.6,Not charged,,Late arrival
BK002802,G01118,2024-11-26,2025-02-03,2025-02-06,Cancelled,Expedia,Double,2,0,IT,Leisure,101.11,0,303.33,0,18,54.6,303.33,Not charged,,Baby cot
BK002278,G00615,2025-04-04,2025-09-12,2025-09-17,Cancelled,Expedia,Double,2,0,DE,Leisure,152.48,0,762.4,0,18,137.23,762.4,Not charged,,High floor
BK002885,G00694,2024-06-08,2024-09-05,2024-09-12,Cancelled,Expedia,Double,2,0,FR,Leisure,125.99,10,793.74,0,18,142.87,793.74,Not charged,,High floor
BK000073,G02080,2024-11-18,2025-01-12,2025-01-18,Cancelled,Expedia,Suite,2,0,ES,Business,151.44,10,817.78,0,18,147.2,817.78,Not charged,,High floor
BK000565,G01907,2025-06-02,2025-06-22,2025-06-29,Cancelled,Expedia,Suite,1,0,IT,Leisure,289.23,10,1822.15,0,18,327.99,1822.15,Not charged,,Quiet room
BK001190,G00172,2025-07-06,2025-08-27,2025-08-30,Cancelled,Expedia,Double,1,0,NL,Leisure,133.58,0,400.74,0,18,72.13,400.74,Not charged,,
BK002569,G01167,2025-09-18,2025-11-17,2025-11-19,Cancelled,Expedia,Single,1,0,GR,Leisure,72.04,5,136.88,0,18,24.64,136.88,Not charged,,
BK002881,G00020,2023-10-05,2024-03-24,2024-03-27,Cancelled,Expedia,Suite,1,0,ES,Business,197.95,5,564.16,0,18,101.55,564.16,Not charged,,Baby cot
BK002257,G00336,2025-03-25,2025-06-07,2025-06-14,Cancelled,Expedia,Double,1,0,IT,Business,141.04,0,987.28,0,18,177.71,987.28,Not charged,,Late arrival
BK002030,G01280,2025-03-27,2025-08-31,2025-09-03,Cancelled,Expedia,Double,1,0,ES,Leisure,152.22,0,456.66,0,18,82.2,456.66,Not charged,,Baby cot
BK002971,G00584,2023-11-18,2024-01-15,2024-01-25,Cancelled,Expedia,Double,2,0,US,Business,104.2,0,1042.0,0,18,187.56,1042.0,Not charged,,
BK002850,G00390,2025-04-21,2025-07-10,2025-07-20,No-show,Expedia,Single,1,0,GB,Leisure,97.64,0,976.4,0,18,175.75,976.4,Not charged,,Late arrival
BK001070,G02323,2025-06-18,2025-10-02,2025-10-09,No-show,Expedia,Single,1,0,DE,Leisure,71.65,0,501.55,0,18,90.28,501.55,Not charged,,Late arrival
BK000861,G01747,2024-12-23,2025-02-10,2025-02-12,Cancelled,Expedia,Double,1,0,ES,Leisure,91.06,0,182.12,0,18,32.78,182.12,Not charged,,High floor
BK000863,G01453,2024-03-05,2024-03-21,2024-03-24,Cancelled,Expedia,Double,1,0,GB,Leisure,114.35,10,308.74,0,18,55.57,308.74,Not charged,,Late arrival
BK001297,G00552,2023-12-06,2024-03-08,2024-03-13,Cancelled,Expedia,Double,1,0,GB,Leisure,87.38,0,436.9,0,18,78.64,436.9,Not charged,,
BK002343,G00895,2025-04-05,2025-08-20,2025-08-24,Cancelled,Expedia,Double,1,0,GR,Leisure,138.07,0,552.28,0,18,99.41,552.28,Not charged,,High floor
BK000334,G00902,2024-11-11,2025-03-05,2025-03-07,No-show,Expedia,Single,1,0,GR,Leisure,59.34,0,118.68,0,18,21.36,118.68,Not charged,,Quiet room
BK001362,G00067,2024-03-06,2024-07-16,2024-07-21,Cancelled,Expedia,Single,1,0,GR,Leisure,98.21,0,491.05,0,18,88.39,491.05,Not charged,,Late arrival
BK000198,G01041,2025-04-08,2025-08-24,2025-08-26,Cancelled,Expedia,Double,2,1,GR,Leisure,148.69,0,297.38,0,18,53.53,297.38,Not charged,,Quiet room
BK002327,G01613,2025-02-14,2025-06-02,2025-06-04,Cancelled,Expedia,Double,2,0,ES,Business,131.89,0,263.78,0,18,47.48,263.78,Not charged,,Quiet room
BK001707,G00394,2023-12-17,2024-03-26,2024-03-29,Cancelled,Expedia,Single,1,0,DE,Leisure,57.89,0,173.67,0,18,31.26,173.67,Not charged,,Late arrival
BK000387,G01799,2023-12-13,2024-04-25,2024-04-30,Cancelled,Expedia,Double,2,0,US,Leisure,110.72,0,553.6,0,18,99.65,553.6,Not charged,,
BK001463,G02225,2025-04-05,2025-04-27,2025-04-29,Cancelled,Expedia,Single,1,0,DE,Leisure,55.53,5,105.51,0,18,18.99,105.51,Not charged,,
BK000604,G01240,2024-07-03,2024-09-16,2024-09-17,Cancelled,Expedia,Suite,1,0,GB,Leisure,271.14,10,244.03,0,18,43.93,244.03,Not charged,,Late arrival
BK000796,G01073,2024-06-13,2024-12-09,2024-12-11,Cancelled,Expedia,Single,1,0,NL,Leisure,73.91,5,140.43,0,18,25.28,140.43,Not charged,,
BK001997,G01408,2024-11-17,2024-12-02,2024-12-05,Cancelled,Expedia,Double,1,0,GB,Leisure,112.42,0,337.26,0,18,60.71,337.26,Not charged,,
BK002650,G01136,2023-11-22,2024-03-24,2024-03-28,Cancelled,Expedia,Double,2,0,US,Leisure,90.99,0,363.96,0,18,65.51,363.96,Not charged,,
BK001611,G00072,2024-01-26,2024-04-06,2024-04-10,Cancelled,Expedia,Double,2,0,US,Leisure,92.71,0,370.84,0,18,66.75,370.84,Not charged,,High floor
BK002522,G01487,2024-01-20,2024-04-25,2024-05-01,No-show,Expedia,Double,2,0,DE,Leisure,101.78,10,549.61,0,18,98.93,549.61,Not charged,,Quiet room
BK000051,G00364,2025-02-22,2025-04-06,2025-04-10,Cancelled,Expedia,Suite,2,1,ES,Leisure,161.71,15,549.81,0,18,98.97,549.81,Not charged,,Late arrival
BK001744,G01758,2024-08-06,2024-08-13,2024-08-17,Cancelled,Expedia,Single,1,0,GB,Business,82.4,0,329.6,0,18,59.33,329.6,Not charged,,Baby cot
BK002583,G01535,2024-03-16,2024-08-16,2024-08-18,Cancelled,Expedia,Double,1,1,GB,Leisure,147.01,5,279.32,0,18,50.28,279.32,Not charged,,Late arrival
BK000157,G01527,2024-04-19,2024-07-21,2024-07-24,Cancelled,Expedia,Single,1,0,GB,Leisure,88.77,0,266.31,0,18,47.94,266.31,Not charged,,Baby cot
BK000550,G01624,2024-02-27,2024-06-23,2024-06-30,Cancelled,Expedia,Double,1,0,GR,Leisure,162.62,0,1138.34,0,18,204.9,1138.34,Not charged,,High floor
BK000976,G00773,2023-09-13,2024-03-01,2024-03-04,Cancelled,Expedia,Single,1,0,DE,Leisure,72.69,0,218.07,0,18,39.25,218.07,Not charged,,
BK001636,G00953,2024-11-30,2025-04-28,2025-05-01,Cancelled,Expedia,Single,1,0,US,Leisure,59.03,0,177.09,0,18,31.88,177.09,Not charged,,
BK000170,G01354,2025-01-26,2025-07-13,2025-07-18,Cancelled,Expedia,Double,1,0,GB,Leisure,142.38,0,711.9,0,18,128.14,711.9,Not charged,,High floor
BK002116,G00836,2023-11-20,2024-03-16,2024-03-20,No-show,Expedia,Double,2,0,GB,Leisure,99.6,0,398.4,0,18,71.71,398.4,Not charged,,Late arrival
BK002199,G01404,2024-10-23,2024-12-20,2024-12-25,No-show,Expedia,Suite,2,0,GB,Business,192.3,0,961.5,0,18,173.07,961.5,Not charged,,
BK000576,G00530,2024-10-02,2025-03-28,2025-03-31,Cancelled,Travel Agency,Double,1,0,FR,Leisure,91.68,15,233.78,0,10,23.38,233.78,Not charged,,
BK000381,G01367,2024-09-11,2025-01-09,2025-01-11,Cancelled,Travel Agency,Single,1,0,GB,Leisure,65.36,5,124.18,0,10,12.42,124.18,Not charged,,Baby cot
BK001461,G00329,2024-06-01,2024-08-18,2024-08-21,Cancelled,Travel Agency,Double,1,0,GR,Leisure,154.53,0,463.59,0,10,46.36,463.59,Not charged,,
BK002941,G02158,2025-04-24,2025-06-14,2025-06-20,Cancelled,Travel Agency,Double,1,1,FR,Business,158.79,0,952.74,0,10,95.27,952.74,Not charged,,Baby cot
BK000474,G01408,2025-08-28,2025-09-03,2025-09-07,Cancelled,Travel Agency,Suite,2,0,US,Leisure,232.49,0,929.96,0,10,93.0,929.96,Not charged,,Late arrival
BK000677,G01927,2025-06-27,2025-09-12,2025-09-15,Cancelled,Travel Agency,Suite,2,0,DE,Leisure,224.5,0,673.5,0,10,67.35,673.5,Not charged,,Quiet room
BK002253,G00931,2024-04-14,2024-09-15,2024-09-19,Cancelled,Travel Agency,Double,2,0,GR,Leisure,159.28,0,637.12,0,10,63.71,637.12,Not charged,,High floor
BK000855,G00663,2024-03-04,2024-07-06,2024-07-09,Cancelled,Travel Agency,Single,1,0,FR,Leisure,95.45,0,286.35,0,10,28.64,286.35,Not charged,,
BK001718,G01441,2025-02-17,2025-07-14,2025-07-20,Cancelled,Travel Agency,Suite,1,0,DE,Leisure,289.66,0,1737.96,0,10,173.8,1737.96,Not charged,,Quiet room
BK001100,G01757,2025-08-07,2025-08-08,2025-08-12,Cancelled,Travel Agency,Single,1,0,ES,Leisure,83.67,0,334.68,0,10,33.47,334.68,Not charged,,
BK001567,G00986,2024-06-25,2024-10-10,2024-10-16,Cancelled,Travel Agency,Double,1,0,NL,Business,95.24,10,514.3,0,10,51.43,514.3,Not charged,,Late arrival
BK000972,G01733,2024-01-04,2024-06-23,2024-06-24,No-show,Travel Agency,Double,2,0,GB,Leisure,143.96,0,143.96,0,10,14.4,143.96,Not charged,,Quiet room
BK000939,G01179,2024-02-05,2024-05-12,2024-05-15,No-show,Travel Agency,Double,1,0,NL,Leisure,101.04,10,272.81,0,10,27.28,272.81,Not charged,,Quiet room
BK002874,G00453,2023-12-27,2024-05-06,2024-05-13,Cancelled,Travel Agency,Double,1,0,DE,Business,114.57,0,801.99,0,10,80.2,801.99,Not charged,,Late arrival
BK001251,G01382,2024-09-30,2024-10-27,2024-10-31,Cancelled,Travel Agency,Suite,1,1,GB,Leisure,161.42,15,548.83,0,10,54.88,548.83,Not charged,,
BK002757,G01603,2025-06-02,2025-07-15,2025-07-20,Cancelled,Travel Agency,Double,2,1,GB,Leisure,158.13,10,711.59,0,10,71.16,711.59,Not charged,,Quiet room
BK002185,G00268,2023-11-01,2024-04-06,2024-04-08,Cancelled,Travel Agency,Double,1,0,IT,Leisure,90.08,5,171.15,0,10,17.12,171.15,Not charged,,Baby cot
BK002111,G01261,2024-07-31,2024-10-18,2024-10-20,Cancelled,Travel Agency,Double,1,0,GB,Leisure,105.39,0,210.78,0,10,21.08,210.78,Not charged,,High floor
BK001345,G00181,2023-11-20,2024-02-13,2024-02-17,Cancelled,Travel Agency,Double,2,1,DE,Business,91.41,0,365.64,0,10,36.56,365.64,Not charged,,Baby cot
BK002615,G01091,2024-09-27,2025-03-06,2025-03-10,Cancelled,Travel Agency,Single,1,0,GR,Leisure,62.0,0,248.0,0,10,24.8,248.0,Not charged,,
BK000003,G00404,2024-08-30,2024-10-12,2024-10-13,No-show,Travel Agency,Double,1,2,IT,Leisure,99.76,10,89.78,0,10,8.98,89.78,Not charged,,Late arrival
BK001267,G00719,2025-01-26,2025-03-11,2025-03-15,Cancelled,Travel Agency,Double,2,0,DE,Business,101.32,0,405.28,0,10,40.53,405.28,Not charged,,High floor
BK001417,G01858,2024-07-17,2024-11-05,2024-11-09,Cancelled,Travel Agency,Single,1,0,US,Leisure,59.13,0,236.52,0,10,23.65,236.52,Not charged,,
BK001832,G01591,2023-09-23,2024-01-05,2024-01-09,Cancelled,Travel Agency,Suite,2,1,DE,Leisure,196.71,0,786.84,0,10,78.68,786.84,Not charged,,Late arrival
BK002744,G02304,2024-05-06,2024-08-11,2024-08-18,No-show,Travel Agency,Single,1,0,DE,Business,96.83,10,610.03,0,10,61.0,610.03,Not charged,,Quiet room
BK002623,G00081,2024-05-17,2024-10-04,2024-10-11,Cancelled,Travel Agency,Double,1,0,FR,Leisure,110.68,0,774.76,0,10,77.48,774.76,Not charged,,Late arrival
BK002760,G01141,2023-11-04,2024-01-16,2024-01-20,Cancelled,Travel Agency,Double,1,0,,Leisure,86.66,0,346.64,0,10,34.66,346.64,Not charged,,
BK002331,G01642,2024-07-05,2024-11-27,2024-11-29,Cancelled,Travel Agency,Single,1,0,NL,Leisure,68.88,10,123.98,0,10,12.4,123.98,Not charged,,Late arrival
BK001642,G01183,2024-07-22,2024-08-03,2024-08-07,Cancelled,Travel Agency,Double,1,0,GR,Leisure,147.37,0,589.48,0,10,58.95,589.48,Not charged,,Quiet room
BK001654,G02200,2023-11-29,2024-02-24,2024-02-27,Cancelled,Travel Agency,Double,2,0,GR,Business,107.45,0,322.35,0,10,32.24,322.35,Not charged,,High floor
BK001280,G00649,2025-06-15,2025-12-05,2025-12-10,Cancelled,Travel Agency,Single,1,0,GR,Leisure,66.42,0,332.1,0,10,33.21,332.1,Not charged,,Baby cot
BK002255,G00170,2025-05-17,2025-07-24,2025-07-29,Cancelled,Travel Agency,Double,1,1,GB,Leisure,155.67,0,778.35,0,10,77.84,778.35,Not charged,,High floor
BK001062,G01767,2024-07-02,2024-12-28,2024-12-30,Cancelled,Travel Agency,Double,1,0,GB,Business,90.43,0,180.86,0,10,18.09,180.86,Not charged,,Late arrival
BK000031,G00705,2024-05-21,2024-08-26,2024-08-30,Cancelled,Travel Agency,Single,1,0,DE,Leisure,102.44,5,389.27,0,10,38.93,389.27,Not charged,,High floor
BK000692,G02296,2024-02-07,2024-06-15,2024-06-20,Cancelled,Travel Agency,Suite,1,0,DE,Leisure,259.56,0,1297.8,0,10,129.78,1297.8,Not charged,,High floor
BK000026,G00551,2024-03-08,2024-06-22,2024-06-24,Cancelled,Travel Agency,Single,1,0,DE,Leisure,87.69,0,175.38,0,10,17.54,175.38,Not charged,,Quiet room
BK002240,G00235,2024-05-09,2024-09-21,2024-09-24,Cancelled,Travel Agency,Suite,1,0,DE,Leisure,260.25,0,780.75,0,10,78.08,780.75,Not charged,,
BK002646,G01325,2024-03-03,2024-07-12,2024-07-16,Cancelled,Travel Agency,Suite,1,0,GR,Leisure,284.71,5,1081.9,0,10,108.19,1081.9,Not charged,,
BK001630,G00265,2025-06-21,2025-10-26,2025-11-02,Cancelled,Travel Agency,Double,2,0,GB,Leisure,112.49,10,708.69,0,10,70.87,708.69,Not charged,,
BK001750,G02252,2025-02-20,2025-06-26,2025-06-29,Cancelled,Travel Agency,Double,2,0,NL,Leisure,157.64,0,472.92,0,10,47.29,472.92,Not charged,,Quiet room
BK000812,G01538,2024-06-23,2024-07-06,2024-07-11,Cancelled,Travel Agency,Double,1,0,GR,Business,133.64,0,668.2,0,10,66.82,668.2,Not charged,,High floor
BK000941,G00705,2023-11-09,2024-01-04,2024-01-08,Cancelled,Travel Agency,Double,1,0,GR,Leisure,112.43,5,427.23,0,10,42.72,427.23,Not charged,,
BK000014,G00149,2023-11-14,2024-04-15,2024-04-16,No-show,Travel Agency,Single,1,0,ES,Business,65.14,0,65.14,0,10,6.51,65.14,Not charged,,Quiet room
BK001947,G01878,2025-07-23,2025-09-11,2025-09-15,Cancelled,Travel Agency,Double,2,0,DE,Leisure,163.52,5,621.38,0,10,62.14,621.38,Not charged,,
BK002444,G01209,2024-08-06,2024-09-02,2024-09-06,Cancelled,Travel Agency,Double,2,0,GR,Leisure,160.16,0,640.64,0,10,64.06,640.64,Not charged,,
BK001763,G02131,2024-03-03,2024-07-15,2024-07-22,Cancelled,Travel Agency,Double,1,0,DE,Leisure,127.11,10,800.79,0,10,80.08,800.79,Not charged,,
BK002196,G00296,2023-10-30,2024-02-27,2024-03-05,Cancelled,Travel Agency,Double,2,0,IT,Leisure,99.15,0,694.05,0,10,69.41,694.05,Not charged,,Quiet room
BK001869,G00166,2025-08-11,2025-08-14,2025-08-17,Cancelled,Travel Agency,Double,1,0,GB,Business,127.81,0,383.43,0,10,38.34,383.43,Not charged,,
BK000503,G01287,2024-10-18,2024-12-27,2025-01-03,Cancelled,Travel Agency,Single,1,0,IT,Business,64.19,0,449.33,0,10,44.93,449.33,Not charged,,Late arrival
BK001294,G00084,2024-11-06,2025-03-24,2025-03-26,Cancelled,Travel Agency,Double,2,1,GB,Leisure,90.43,0,180.86,0,10,18.09,180.86,Not charged,,
BK002773,G02253,2025-05-26,2025-09-15,2025-09-22,Cancelled,Travel Agency,Single,1,0,GR,Leisure,106.04,10,668.05,0,10,66.81,668.05,Not charged,,Baby cot
BK001326,G01759,2024-04-07,2024-08-05,2024-08-15,Cancelled,Travel Agency,Double,2,0,GR,Leisure,144.53,0,1445.3,0,10,144.53,1445.3,Not charged,,
BK000810,G00882,2024-12-07,2025-03-24,2025-03-31,Cancelled,Travel Agency,Double,2,0,GB,Leisure,114.7,15,682.47,0,10,68.25,682.47,Not charged,,High floor
BK000260,G00080,2024-09-12,2024-10-24,2024-10-27,Cancelled,Travel Agency,Double,1,0,NL,Leisure,101.11,0,303.33,0,10,30.33,303.33,Not charged,,Late arrival
BK002964,G00444,2024-05-20,2024-08-09,2024-08-14,Cancelled,Travel Agency,Double,2,0,GR,Leisure,141.4,0,707.0,0,10,70.7,707.0,Not charged,,Late arrival
BK000398,G01442,2024-01-18,2024-05-22,2024-05-23,Cancelled,Travel Agency,Double,2,1,FR,Leisure,109.55,0,109.55,0,10,10.96,109.55,Not charged,,
BK001576,G00250,2024-01-13,2024-07-09,2024-07-12,Cancelled,Travel Agency,Single,1,0,US,Leisure,92.08,15,234.8,0,10,23.48,234.8,Not charged,,
BK000645,G02148,2025-06-07,2025-11-01,2025-11-05,Cancelled,Travel Agency,Suite,1,2,GB,Leisure,155.96,0,623.84,0,10,62.38,623.84,Not charged,,Quiet room
BK002074,G01441,2025-10-27,2025-11-14,2025-11-20,Cancelled,Travel Agency,Double,1,0,DE,Business,110.27,5,628.54,0,10,62.85,628.54,Not charged,,High floor
BK000326,G00418,2023-11-29,2024-02-08,2024-02-11,Cancelled,Travel Agency,Suite,1,0,GR,Leisure,159.37,10,430.3,0,10,43.03,430.3,Not charged,,Late arrival
BK000973,G01084,2024-06-08,2024-08-20,2024-08-26,Cancelled,Travel Agency,Double,1,0,ES,Leisure,129.0,0,774.0,0,10,77.4,774.0,Not charged,,High floor
BK000822,G01711,2024-04-29,2024-09-08,2024-09-11,Cancelled,Travel Agency,Double,1,0,GB,Leisure,148.63,5,423.6,0,10,42.36,423.6,Not charged,,Quiet room
BK001254,G00716,2024-03-02,2024-07-19,2024-07-22,Cancelled,Travel Agency,Double,2,0,GB,Leisure,151.46,0,454.38,0,10,45.44,454.38,Not charged,,
BK001910,G00075,2025-04-30,2025-10-20,2025-10-24,No-show,Travel Agency,Double,1,0,GR,Leisure,100.57,5,382.17,0,10,38.22,382.17,Not charged,,
BK001036,G00354,2025-05-05,2025-07-20,2025-07-27,Cancelled,Travel Agency,Double,2,1,GB,Leisure,136.34,10,858.94,0,10,85.89,858.94,Not charged,,Late arrival
BK000641,G01976,2025-06-01,2025-09-29,2025-10-02,Cancelled,Travel Agency,Single,1,0,GR,Leisure,91.1,5,259.64,0,10,25.96,259.64,Not charged,,Late arrival
BK000497,G01823,2024-02-27,2024-08-03,2024-08-05,Cancelled,Travel Agency,Double,1,0,NL,Leisure,157.95,0,315.9,0,10,31.59,315.9,Not charged,,Late arrival
BK000640,G00092,2023-10-19,2024-02-07,2024-02-11,Cancelled,Travel Agency,Single,1,0,DE,Leisure,68.97,10,248.29,0,10,24.83,248.29,Not charged,,
BK001347,G01761,2025-03-28,2025-06-18,2025-06-24,Cancelled,Travel Agency,Double,1,0,IT,Leisure,154.96,0,929.76,0,10,92.98,929.76,Not charged,,
BK002810,G01783,2024-09-20,2025-02-08,2025-02-12,Cancelled,Travel Agency,Single,1,0,GR,Leisure,69.04,10,248.54,0,10,24.85,248.54,Not charged,,Late arrival
BK000192,G00122,2024-03-20,2024-04-18,2024-04-24,Cancelled,Travel Agency,Double,1,0,FR,Leisure,104.6,0,627.6,0,10,62.76,627.6,Not charged,,Quiet room
BK000289,G01636,2024-07-11,2024-07-15,2024-07-19,Cancelled,Travel Agency,Double,2,1,FR,Leisure,163.91,0,655.64,0,10,65.56,655.64,Not charged,,Late arrival
BK001545,G00430,2025-03-06,2025-06-06,2025-06-10,Cancelled,Travel Agency,Suite,2,1,DE,Business,238.55,0,954.2,0,10,95.42,954.2,Not charged,,
BK000556,G01400,2024-09-08,2024-12-07,2024-12-10,Cancelled,Travel Agency,Double,1,0,US,Leisure,108.76,5,309.97,0,10,31.0,309.97,Not charged,,
BK000894,G00739,2025-06-18,2025-07-11,2025-07-12,Cancelled,Travel Agency,Single,1,0,US,Leisure,92.51,0,92.51,0,10,9.25,92.51,Not charged,,
BK001934,G01134,2024-12-31,2025-03-23,2025-03-27,Cancelled,Travel Agency,Suite,1,0,IT,Leisure,158.24,5,601.31,0,10,60.13,601.31,Not charged,,High floor
BK001306,G01372,2024-10-14,2025-02-14,2025-02-21,Cancelled,Travel Agency,Double,2,0,DE,Leisure,88.75,0,621.25,0,10,62.13,621.25,Not charged,,Late arrival